row_type,entity_id,cell_barcode,donor_id,technical_group,stimulus,multiplet_status,reference_annotation,label_a,sampling_context,sampling_stratum,sampling_hash,library_size,module,dose_k,module_hits,module_hit_count,target_genes,target_values,control_genes,control_values,control_rank_distance,control_expression_distance,control_prevalence_distance,control_token_length_distance,control_total_cost,original_sentence,module_mask_sentence,control_mask_sentence
base,gse96583:ctrl:101:TGATTCACCAGCTA-1,TGATTCACCAGCTA-1,101,101,ctrl,singlet,NK cells,0,T_plus_cytotoxic,101:T_plus_cytotoxic,0b35e442cd49f6dac56a0bbdac0b530b80f46a610cdfa154359a315a8f209914,870,none,0,,0,,,,,,,,,,TMSB4X B2M HLA-A HLA-B GZMB APOBEC3G GNLY H3F3B FAU PFN1 CD63 EIF1 UBB BTG1 C19orf43 CD53 CD8A CXCR4 DDX18 EEF1B2 EIF4A1 HLA-C MYL6 TIMP1 TNFRSF18 UBC ABHD3 ANXA1 APMAP ARHGDIB ARL6IP1 ARL6IP5 ARPC2 ARPC3 BTF3 C20orf24 CDCA4 CHCHD2 CKLF CPSF2 CXCR3 DHRS7 DPY30 EIF5B LDHA NDUFA12 NDUFB9 NFKBIA NKG7 NMRK1,TMSB4X B2M HLA-A HLA-B GZMB APOBEC3G GNLY H3F3B FAU PFN1 CD63 EIF1 UBB BTG1 C19orf43 CD53 CD8A CXCR4 DDX18 EEF1B2 EIF4A1 HLA-C MYL6 TIMP1 TNFRSF18 UBC ABHD3 ANXA1 APMAP ARHGDIB ARL6IP1 ARL6IP5 ARPC2 ARPC3 BTF3 C20orf24 CDCA4 CHCHD2 CKLF CPSF2 CXCR3 DHRS7 DPY30 EIF5B LDHA NDUFA12 NDUFB9 NFKBIA NKG7 NMRK1,TMSB4X B2M HLA-A HLA-B GZMB APOBEC3G GNLY H3F3B FAU PFN1 CD63 EIF1 UBB BTG1 C19orf43 CD53 CD8A CXCR4 DDX18 EEF1B2 EIF4A1 HLA-C MYL6 TIMP1 TNFRSF18 UBC ABHD3 ANXA1 APMAP ARHGDIB ARL6IP1 ARL6IP5 ARPC2 ARPC3 BTF3 C20orf24 CDCA4 CHCHD2 CKLF CPSF2 CXCR3 DHRS7 DPY30 EIF5B LDHA NDUFA12 NDUFB9 NFKBIA NKG7 NMRK1
intervention,gse96583:ctrl:101:TGATTCACCAGCTA-1,TGATTCACCAGCTA-1,101,101,ctrl,singlet,NK cells,0,T_plus_cytotoxic,101:T_plus_cytotoxic,0b35e442cd49f6dac56a0bbdac0b530b80f46a610cdfa154359a315a8f209914,870,T_TCR_CD8,1,CD8A,1,CD8A,3.56904690585,CD53,3.56904690585,1,0,0.0305458187281,0,0.638791520614,TMSB4X B2M HLA-A HLA-B GZMB APOBEC3G GNLY H3F3B FAU PFN1 CD63 EIF1 UBB BTG1 C19orf43 CD53 CD8A CXCR4 DDX18 EEF1B2 EIF4A1 HLA-C MYL6 TIMP1 TNFRSF18 UBC ABHD3 ANXA1 APMAP ARHGDIB ARL6IP1 ARL6IP5 ARPC2 ARPC3 BTF3 C20orf24 CDCA4 CHCHD2 CKLF CPSF2 CXCR3 DHRS7 DPY30 EIF5B LDHA NDUFA12 NDUFB9 NFKBIA NKG7 NMRK1,TMSB4X B2M HLA-A HLA-B GZMB APOBEC3G GNLY H3F3B FAU PFN1 CD63 EIF1 UBB BTG1 C19orf43 CD53 MASKED_GENE CXCR4 DDX18 EEF1B2 EIF4A1 HLA-C MYL6 TIMP1 TNFRSF18 UBC ABHD3 ANXA1 APMAP ARHGDIB ARL6IP1 ARL6IP5 ARPC2 ARPC3 BTF3 C20orf24 CDCA4 CHCHD2 CKLF CPSF2 CXCR3 DHRS7 DPY30 EIF5B LDHA NDUFA12 NDUFB9 NFKBIA NKG7 NMRK1,TMSB4X B2M HLA-A HLA-B GZMB APOBEC3G GNLY H3F3B FAU PFN1 CD63 EIF1 UBB BTG1 C19orf43 MASKED_GENE CD8A CXCR4 DDX18 EEF1B2 EIF4A1 HLA-C MYL6 TIMP1 TNFRSF18 UBC ABHD3 ANXA1 APMAP ARHGDIB ARL6IP1 ARL6IP5 ARPC2 ARPC3 BTF3 C20orf24 CDCA4 CHCHD2 CKLF CPSF2 CXCR3 DHRS7 DPY30 EIF5B LDHA NDUFA12 NDUFB9 NFKBIA NKG7 NMRK1
intervention,gse96583:ctrl:101:TGATTCACCAGCTA-1,TGATTCACCAGCTA-1,101,101,ctrl,singlet,NK cells,0,T_plus_cytotoxic,101:T_plus_cytotoxic,0b35e442cd49f6dac56a0bbdac0b530b80f46a610cdfa154359a315a8f209914,870,cytotoxic_effector,1,GZMB;GNLY;NKG7,3,GZMB,4.7530946264,APOBEC3G,4.40010928016,1,0.352985346245,0.121181772659,4,3.58445508575,TMSB4X B2M HLA-A HLA-B GZMB APOBEC3G GNLY H3F3B FAU PFN1 CD63 EIF1 UBB BTG1 C19orf43 CD53 CD8A CXCR4 DDX18 EEF1B2 EIF4A1 HLA-C MYL6 TIMP1 TNFRSF18 UBC ABHD3 ANXA1 APMAP ARHGDIB ARL6IP1 ARL6IP5 ARPC2 ARPC3 BTF3 C20orf24 CDCA4 CHCHD2 CKLF CPSF2 CXCR3 DHRS7 DPY30 EIF5B LDHA NDUFA12 NDUFB9 NFKBIA NKG7 NMRK1,TMSB4X B2M HLA-A HLA-B MASKED_GENE APOBEC3G GNLY H3F3B FAU PFN1 CD63 EIF1 UBB BTG1 C19orf43 CD53 CD8A CXCR4 DDX18 EEF1B2 EIF4A1 HLA-C MYL6 TIMP1 TNFRSF18 UBC ABHD3 ANXA1 APMAP ARHGDIB ARL6IP1 ARL6IP5 ARPC2 ARPC3 BTF3 C20orf24 CDCA4 CHCHD2 CKLF CPSF2 CXCR3 DHRS7 DPY30 EIF5B LDHA NDUFA12 NDUFB9 NFKBIA NKG7 NMRK1,TMSB4X B2M HLA-A HLA-B GZMB MASKED_GENE GNLY H3F3B FAU PFN1 CD63 EIF1 UBB BTG1 C19orf43 CD53 CD8A CXCR4 DDX18 EEF1B2 EIF4A1 HLA-C MYL6 TIMP1 TNFRSF18 UBC ABHD3 ANXA1 APMAP ARHGDIB ARL6IP1 ARL6IP5 ARPC2 ARPC3 BTF3 C20orf24 CDCA4 CHCHD2 CKLF CPSF2 CXCR3 DHRS7 DPY30 EIF5B LDHA NDUFA12 NDUFB9 NFKBIA NKG7 NMRK1
base,gse96583:ctrl:101:AAAGCAGACTTAGG-1,AAAGCAGACTTAGG-1,101,101,ctrl,singlet,CD8 T cells,1,T_plus_cytotoxic,101:T_plus_cytotoxic,0edec269f273a3d9d4f0c0ebd7c21eebfcb7f973a56b297241633a1c7d2dc295,694,none,0,,0,,,,,,,,,,B2M TMSB4X NFKBIA EIF1 FTH1 ACTB CD48 FTL S100A4 HLA-A HLA-B PTMA EEF1B2 EEF1D GZMA HSPA5 NACA TMSB10 ATP5E BTF3 C1orf63 CCL5 CD3D CD52 CD74 COMMD6 COX4I1 FAU FOS GAPDH HMGN1 ID2 JUNB MYL12A OST4 PFDN5 RNGTT S1PR4 SAT1 SRP14 TESC TMA7 TMEM59 TNFRSF25 TPT1 TSC22D3 TSPO UBA52 UBL5 USMG5,B2M TMSB4X NFKBIA EIF1 FTH1 ACTB CD48 FTL S100A4 HLA-A HLA-B PTMA EEF1B2 EEF1D GZMA HSPA5 NACA TMSB10 ATP5E BTF3 C1orf63 CCL5 CD3D CD52 CD74 COMMD6 COX4I1 FAU FOS GAPDH HMGN1 ID2 JUNB MYL12A OST4 PFDN5 RNGTT S1PR4 SAT1 SRP14 TESC TMA7 TMEM59 TNFRSF25 TPT1 TSC22D3 TSPO UBA52 UBL5 USMG5,B2M TMSB4X NFKBIA EIF1 FTH1 ACTB CD48 FTL S100A4 HLA-A HLA-B PTMA EEF1B2 EEF1D GZMA HSPA5 NACA TMSB10 ATP5E BTF3 C1orf63 CCL5 CD3D CD52 CD74 COMMD6 COX4I1 FAU FOS GAPDH HMGN1 ID2 JUNB MYL12A OST4 PFDN5 RNGTT S1PR4 SAT1 SRP14 TESC TMA7 TMEM59 TNFRSF25 TPT1 TSC22D3 TSPO UBA52 UBL5 USMG5
intervention,gse96583:ctrl:101:AAAGCAGACTTAGG-1,AAAGCAGACTTAGG-1,101,101,ctrl,singlet,CD8 T cells,1,T_plus_cytotoxic,101:T_plus_cytotoxic,0edec269f273a3d9d4f0c0ebd7c21eebfcb7f973a56b297241633a1c7d2dc295,694,T_TCR_CD8,1,CD3D,1,CD3D,3.39512712166,CD74,3.39512712166,2,0,0.0751126690035,0,1.4177933567,B2M TMSB4X NFKBIA EIF1 FTH1 ACTB CD48 FTL S100A4 HLA-A HLA-B PTMA EEF1B2 EEF1D GZMA HSPA5 NACA TMSB10 ATP5E BTF3 C1orf63 CCL5 CD3D CD52 CD74 COMMD6 COX4I1 FAU FOS GAPDH HMGN1 ID2 JUNB MYL12A OST4 PFDN5 RNGTT S1PR4 SAT1 SRP14 TESC TMA7 TMEM59 TNFRSF25 TPT1 TSC22D3 TSPO UBA52 UBL5 USMG5,B2M TMSB4X NFKBIA EIF1 FTH1 ACTB CD48 FTL S100A4 HLA-A HLA-B PTMA EEF1B2 EEF1D GZMA HSPA5 NACA TMSB10 ATP5E BTF3 C1orf63 CCL5 MASKED_GENE CD52 CD74 COMMD6 COX4I1 FAU FOS GAPDH HMGN1 ID2 JUNB MYL12A OST4 PFDN5 RNGTT S1PR4 SAT1 SRP14 TESC TMA7 TMEM59 TNFRSF25 TPT1 TSC22D3 TSPO UBA52 UBL5 USMG5,B2M TMSB4X NFKBIA EIF1 FTH1 ACTB CD48 FTL S100A4 HLA-A HLA-B PTMA EEF1B2 EEF1D GZMA HSPA5 NACA TMSB10 ATP5E BTF3 C1orf63 CCL5 CD3D CD52 MASKED_GENE COMMD6 COX4I1 FAU FOS GAPDH HMGN1 ID2 JUNB MYL12A OST4 PFDN5 RNGTT S1PR4 SAT1 SRP14 TESC TMA7 TMEM59 TNFRSF25 TPT1 TSC22D3 TSPO UBA52 UBL5 USMG5
intervention,gse96583:ctrl:101:AAAGCAGACTTAGG-1,AAAGCAGACTTAGG-1,101,101,ctrl,singlet,CD8 T cells,1,T_plus_cytotoxic,101:T_plus_cytotoxic,0edec269f273a3d9d4f0c0ebd7c21eebfcb7f973a56b297241633a1c7d2dc295,694,cytotoxic_effector,1,GZMA;CCL5,2,GZMA,3.78935051423,HSPA5,3.78935051423,1,0,0.035553329995,1,1.02219996662,B2M TMSB4X NFKBIA EIF1 FTH1 ACTB CD48 FTL S100A4 HLA-A HLA-B PTMA EEF1B2 EEF1D GZMA HSPA5 NACA TMSB10 ATP5E BTF3 C1orf63 CCL5 CD3D CD52 CD74 COMMD6 COX4I1 FAU FOS GAPDH HMGN1 ID2 JUNB MYL12A OST4 PFDN5 RNGTT S1PR4 SAT1 SRP14 TESC TMA7 TMEM59 TNFRSF25 TPT1 TSC22D3 TSPO UBA52 UBL5 USMG5,B2M TMSB4X NFKBIA EIF1 FTH1 ACTB CD48 FTL S100A4 HLA-A HLA-B PTMA EEF1B2 EEF1D MASKED_GENE HSPA5 NACA TMSB10 ATP5E BTF3 C1orf63 CCL5 CD3D CD52 CD74 COMMD6 COX4I1 FAU FOS GAPDH HMGN1 ID2 JUNB MYL12A OST4 PFDN5 RNGTT S1PR4 SAT1 SRP14 TESC TMA7 TMEM59 TNFRSF25 TPT1 TSC22D3 TSPO UBA52 UBL5 USMG5,B2M TMSB4X NFKBIA EIF1 FTH1 ACTB CD48 FTL S100A4 HLA-A HLA-B PTMA EEF1B2 EEF1D GZMA MASKED_GENE NACA TMSB10 ATP5E BTF3 C1orf63 CCL5 CD3D CD52 CD74 COMMD6 COX4I1 FAU FOS GAPDH HMGN1 ID2 JUNB MYL12A OST4 PFDN5 RNGTT S1PR4 SAT1 SRP14 TESC TMA7 TMEM59 TNFRSF25 TPT1 TSC22D3 TSPO UBA52 UBL5 USMG5
base,gse96583:ctrl:101:TAGGCATGTTATCC-1,TAGGCATGTTATCC-1,101,101,ctrl,singlet,CD8 T cells,1,T_plus_cytotoxic,101:T_plus_cytotoxic,132941f588b2cb1a618c1ea419d5d82bb68ace34d6bd38c1e9b396146602d144,905,none,0,,0,,,,,,,,,,TMSB4X B2M HLA-B CCL5 FTH1 RGS1 ACTB CXCR4 GNLY HLA-C BTG1 CLIC1 FAU MYL6 PFN1 TPT1 GIMAP7 HLA-A OAZ1 PKM PTPRC SPCS2 STK4 ALDH9A1 ARID5B CAP1 CCNI CD3D CD96 CFDP1 CNIH1 CREM CTC-459F4.3 FTL FXYD5 GPX4 GTF3C6 HMGN1 IRF1 LSM1 MORF4L1 NACA NDUFA4 NKG7 NUDT22 PFDN5 PTMA RGS2 SAP18 SEPT7,TMSB4X B2M HLA-B CCL5 FTH1 RGS1 ACTB CXCR4 GNLY HLA-C BTG1 CLIC1 FAU MYL6 PFN1 TPT1 GIMAP7 HLA-A OAZ1 PKM PTPRC SPCS2 STK4 ALDH9A1 ARID5B CAP1 CCNI CD3D CD96 CFDP1 CNIH1 CREM CTC-459F4.3 FTL FXYD5 GPX4 GTF3C6 HMGN1 IRF1 LSM1 MORF4L1 NACA NDUFA4 NKG7 NUDT22 PFDN5 PTMA RGS2 SAP18 SEPT7,TMSB4X B2M HLA-B CCL5 FTH1 RGS1 ACTB CXCR4 GNLY HLA-C BTG1 CLIC1 FAU MYL6 PFN1 TPT1 GIMAP7 HLA-A OAZ1 PKM PTPRC SPCS2 STK4 ALDH9A1 ARID5B CAP1 CCNI CD3D CD96 CFDP1 CNIH1 CREM CTC-459F4.3 FTL FXYD5 GPX4 GTF3C6 HMGN1 IRF1 LSM1 MORF4L1 NACA NDUFA4 NKG7 NUDT22 PFDN5 PTMA RGS2 SAP18 SEPT7
intervention,gse96583:ctrl:101:TAGGCATGTTATCC-1,TAGGCATGTTATCC-1,101,101,ctrl,singlet,CD8 T cells,1,T_plus_cytotoxic,101:T_plus_cytotoxic,132941f588b2cb1a618c1ea419d5d82bb68ace34d6bd38c1e9b396146602d144,905,T_TCR_CD8,1,CD3D,1,CD3D,3.13980870009,CD96,3.13980870009,1,0,0.195793690536,0,2.29127023869,TMSB4X B2M HLA-B CCL5 FTH1 RGS1 ACTB CXCR4 GNLY HLA-C BTG1 CLIC1 FAU MYL6 PFN1 TPT1 GIMAP7 HLA-A OAZ1 PKM PTPRC SPCS2 STK4 ALDH9A1 ARID5B CAP1 CCNI CD3D CD96 CFDP1 CNIH1 CREM CTC-459F4.3 FTL FXYD5 GPX4 GTF3C6 HMGN1 IRF1 LSM1 MORF4L1 NACA NDUFA4 NKG7 NUDT22 PFDN5 PTMA RGS2 SAP18 SEPT7,TMSB4X B2M HLA-B CCL5 FTH1 RGS1 ACTB CXCR4 GNLY HLA-C BTG1 CLIC1 FAU MYL6 PFN1 TPT1 GIMAP7 HLA-A OAZ1 PKM PTPRC SPCS2 STK4 ALDH9A1 ARID5B CAP1 CCNI MASKED_GENE CD96 CFDP1 CNIH1 CREM CTC-459F4.3 FTL FXYD5 GPX4 GTF3C6 HMGN1 IRF1 LSM1 MORF4L1 NACA NDUFA4 NKG7 NUDT22 PFDN5 PTMA RGS2 SAP18 SEPT7,TMSB4X B2M HLA-B CCL5 FTH1 RGS1 ACTB CXCR4 GNLY HLA-C BTG1 CLIC1 FAU MYL6 PFN1 TPT1 GIMAP7 HLA-A OAZ1 PKM PTPRC SPCS2 STK4 ALDH9A1 ARID5B CAP1 CCNI CD3D MASKED_GENE CFDP1 CNIH1 CREM CTC-459F4.3 FTL FXYD5 GPX4 GTF3C6 HMGN1 IRF1 LSM1 MORF4L1 NACA NDUFA4 NKG7 NUDT22 PFDN5 PTMA RGS2 SAP18 SEPT7
intervention,gse96583:ctrl:101:TAGGCATGTTATCC-1,TAGGCATGTTATCC-1,101,101,ctrl,singlet,CD8 T cells,1,T_plus_cytotoxic,101:T_plus_cytotoxic,132941f588b2cb1a618c1ea419d5d82bb68ace34d6bd38c1e9b396146602d144,905,cytotoxic_effector,1,CCL5;GNLY;NKG7,3,CCL5,4.49309596213,ACTB,4.20913560843,3,0.2839603537,0.257886830245,0,4.14678900985,TMSB4X B2M HLA-B CCL5 FTH1 RGS1 ACTB CXCR4 GNLY HLA-C BTG1 CLIC1 FAU MYL6 PFN1 TPT1 GIMAP7 HLA-A OAZ1 PKM PTPRC SPCS2 STK4 ALDH9A1 ARID5B CAP1 CCNI CD3D CD96 CFDP1 CNIH1 CREM CTC-459F4.3 FTL FXYD5 GPX4 GTF3C6 HMGN1 IRF1 LSM1 MORF4L1 NACA NDUFA4 NKG7 NUDT22 PFDN5 PTMA RGS2 SAP18 SEPT7,TMSB4X B2M HLA-B MASKED_GENE FTH1 RGS1 ACTB CXCR4 GNLY HLA-C BTG1 CLIC1 FAU MYL6 PFN1 TPT1 GIMAP7 HLA-A OAZ1 PKM PTPRC SPCS2 STK4 ALDH9A1 ARID5B CAP1 CCNI CD3D CD96 CFDP1 CNIH1 CREM CTC-459F4.3 FTL FXYD5 GPX4 GTF3C6 HMGN1 IRF1 LSM1 MORF4L1 NACA NDUFA4 NKG7 NUDT22 PFDN5 PTMA RGS2 SAP18 SEPT7,TMSB4X B2M HLA-B CCL5 FTH1 RGS1 MASKED_GENE CXCR4 GNLY HLA-C BTG1 CLIC1 FAU MYL6 PFN1 TPT1 GIMAP7 HLA-A OAZ1 PKM PTPRC SPCS2 STK4 ALDH9A1 ARID5B CAP1 CCNI CD3D CD96 CFDP1 CNIH1 CREM CTC-459F4.3 FTL FXYD5 GPX4 GTF3C6 HMGN1 IRF1 LSM1 MORF4L1 NACA NDUFA4 NKG7 NUDT22 PFDN5 PTMA RGS2 SAP18 SEPT7
base,gse96583:ctrl:101:CCCTGATGGGTCAT-1,CCCTGATGGGTCAT-1,101,101,ctrl,singlet,CD8 T cells,1,T_plus_cytotoxic,101:T_plus_cytotoxic,1438da4c0a0760c7735a137118c20eaaddde8c4232fbb79030d7b7c609133b0e,1140,none,0,,0,,,,,,,,,,B2M TMSB4X HLA-B ANXA1 PTMA HLA-A SRGN SAMM50 ARHGDIB CCL5 CD2 CXCR4 CYBA EEF1D EIF1 FTL GNLY MYL6 NDUFB2 UBC CALM2 CD3D COX7A2 DUSP2 EEF1B2 FTH1 HLA-C HMGB1 HNRNPK IFIH1 LEPROTL1 OAZ1 OSBPL8 PDIA3 PFN1 PTPRC RGS1 SERF2 SRP9 TMA7 ACTB ACTG1 AES ARF1 ARF4 ARPC3 BOD1L1 CCNI CD74 CFL1,B2M TMSB4X HLA-B ANXA1 PTMA HLA-A SRGN SAMM50 ARHGDIB CCL5 CD2 CXCR4 CYBA EEF1D EIF1 FTL GNLY MYL6 NDUFB2 UBC CALM2 CD3D COX7A2 DUSP2 EEF1B2 FTH1 HLA-C HMGB1 HNRNPK IFIH1 LEPROTL1 OAZ1 OSBPL8 PDIA3 PFN1 PTPRC RGS1 SERF2 SRP9 TMA7 ACTB ACTG1 AES ARF1 ARF4 ARPC3 BOD1L1 CCNI CD74 CFL1,B2M TMSB4X HLA-B ANXA1 PTMA HLA-A SRGN SAMM50 ARHGDIB CCL5 CD2 CXCR4 CYBA EEF1D EIF1 FTL GNLY MYL6 NDUFB2 UBC CALM2 CD3D COX7A2 DUSP2 EEF1B2 FTH1 HLA-C HMGB1 HNRNPK IFIH1 LEPROTL1 OAZ1 OSBPL8 PDIA3 PFN1 PTPRC RGS1 SERF2 SRP9 TMA7 ACTB ACTG1 AES ARF1 ARF4 ARPC3 BOD1L1 CCNI CD74 CFL1
intervention,gse96583:ctrl:101:CCCTGATGGGTCAT-1,CCCTGATGGGTCAT-1,101,101,ctrl,singlet,CD8 T cells,1,T_plus_cytotoxic,101:T_plus_cytotoxic,1438da4c0a0760c7735a137118c20eaaddde8c4232fbb79030d7b7c609133b0e,1140,T_TCR_CD8,1,CD3D,1,CD3D,3.307464904,CALM2,3.307464904,1,0,0.0756134201302,1,1.42280086797,B2M TMSB4X HLA-B ANXA1 PTMA HLA-A SRGN SAMM50 ARHGDIB CCL5 CD2 CXCR4 CYBA EEF1D EIF1 FTL GNLY MYL6 NDUFB2 UBC CALM2 CD3D COX7A2 DUSP2 EEF1B2 FTH1 HLA-C HMGB1 HNRNPK IFIH1 LEPROTL1 OAZ1 OSBPL8 PDIA3 PFN1 PTPRC RGS1 SERF2 SRP9 TMA7 ACTB ACTG1 AES ARF1 ARF4 ARPC3 BOD1L1 CCNI CD74 CFL1,B2M TMSB4X HLA-B ANXA1 PTMA HLA-A SRGN SAMM50 ARHGDIB CCL5 CD2 CXCR4 CYBA EEF1D EIF1 FTL GNLY MYL6 NDUFB2 UBC CALM2 MASKED_GENE COX7A2 DUSP2 EEF1B2 FTH1 HLA-C HMGB1 HNRNPK IFIH1 LEPROTL1 OAZ1 OSBPL8 PDIA3 PFN1 PTPRC RGS1 SERF2 SRP9 TMA7 ACTB ACTG1 AES ARF1 ARF4 ARPC3 BOD1L1 CCNI CD74 CFL1,B2M TMSB4X HLA-B ANXA1 PTMA HLA-A SRGN SAMM50 ARHGDIB CCL5 CD2 CXCR4 CYBA EEF1D EIF1 FTL GNLY MYL6 NDUFB2 UBC MASKED_GENE CD3D COX7A2 DUSP2 EEF1B2 FTH1 HLA-C HMGB1 HNRNPK IFIH1 LEPROTL1 OAZ1 OSBPL8 PDIA3 PFN1 PTPRC RGS1 SERF2 SRP9 TMA7 ACTB ACTG1 AES ARF1 ARF4 ARPC3 BOD1L1 CCNI CD74 CFL1
intervention,gse96583:ctrl:101:CCCTGATGGGTCAT-1,CCCTGATGGGTCAT-1,101,101,ctrl,singlet,CD8 T cells,1,T_plus_cytotoxic,101:T_plus_cytotoxic,1438da4c0a0760c7735a137118c20eaaddde8c4232fbb79030d7b7c609133b0e,1140,cytotoxic_effector,1,CCL5;GNLY,2,CCL5,3.58595262182,FTL,3.58595262182,6,0,0.113169754632,1,3.46503087965,B2M TMSB4X HLA-B ANXA1 PTMA HLA-A SRGN SAMM50 ARHGDIB CCL5 CD2 CXCR4 CYBA EEF1D EIF1 FTL GNLY MYL6 NDUFB2 UBC CALM2 CD3D COX7A2 DUSP2 EEF1B2 FTH1 HLA-C HMGB1 HNRNPK IFIH1 LEPROTL1 OAZ1 OSBPL8 PDIA3 PFN1 PTPRC RGS1 SERF2 SRP9 TMA7 ACTB ACTG1 AES ARF1 ARF4 ARPC3 BOD1L1 CCNI CD74 CFL1,B2M TMSB4X HLA-B ANXA1 PTMA HLA-A SRGN SAMM50 ARHGDIB MASKED_GENE CD2 CXCR4 CYBA EEF1D EIF1 FTL GNLY MYL6 NDUFB2 UBC CALM2 CD3D COX7A2 DUSP2 EEF1B2 FTH1 HLA-C HMGB1 HNRNPK IFIH1 LEPROTL1 OAZ1 OSBPL8 PDIA3 PFN1 PTPRC RGS1 SERF2 SRP9 TMA7 ACTB ACTG1 AES ARF1 ARF4 ARPC3 BOD1L1 CCNI CD74 CFL1,B2M TMSB4X HLA-B ANXA1 PTMA HLA-A SRGN SAMM50 ARHGDIB CCL5 CD2 CXCR4 CYBA EEF1D EIF1 MASKED_GENE GNLY MYL6 NDUFB2 UBC CALM2 CD3D COX7A2 DUSP2 EEF1B2 FTH1 HLA-C HMGB1 HNRNPK IFIH1 LEPROTL1 OAZ1 OSBPL8 PDIA3 PFN1 PTPRC RGS1 SERF2 SRP9 TMA7 ACTB ACTG1 AES ARF1 ARF4 ARPC3 BOD1L1 CCNI CD74 CFL1
base,gse96583:ctrl:101:GCTAGATGAACTGC-1,GCTAGATGAACTGC-1,101,101,ctrl,singlet,CD8 T cells,1,NK_receptor_plus_cytotoxic,101:NK_receptor_plus_cytotoxic,06f206373781cad8d7237795cd6a94cbefa45b19af4045708d22d8863c7516c4,1125,none,0,,0,,,,,,,,,,FTH1 TMSB4X B2M GNLY ACTB ANXA1 CYBA GAPDH HLA-B PABPC1 TMBIM6 ANXA2 CD44 HLA-A SRGN EEF1D FAU H2AFV HNRNPA1 KLRD1 NDUFA4 PPP2R2A PTMA SEC62 SERF2 VIM AMICA1 ANXA5 APOBEC3G ARHGDIB ARPC2 BTF3 BTG1 COX4I1 CREM CST7 DNAJC8 DUSP2 EIF1 EIF4A1 ENO1 GNB2L1 GPX4 GZMH HINT1 HMGB1 HSP90AB1 LRRC59 MAGED2 MYL6,FTH1 TMSB4X B2M GNLY ACTB ANXA1 CYBA GAPDH HLA-B PABPC1 TMBIM6 ANXA2 CD44 HLA-A SRGN EEF1D FAU H2AFV HNRNPA1 KLRD1 NDUFA4 PPP2R2A PTMA SEC62 SERF2 VIM AMICA1 ANXA5 APOBEC3G ARHGDIB ARPC2 BTF3 BTG1 COX4I1 CREM CST7 DNAJC8 DUSP2 EIF1 EIF4A1 ENO1 GNB2L1 GPX4 GZMH HINT1 HMGB1 HSP90AB1 LRRC59 MAGED2 MYL6,FTH1 TMSB4X B2M GNLY ACTB ANXA1 CYBA GAPDH HLA-B PABPC1 TMBIM6 ANXA2 CD44 HLA-A SRGN EEF1D FAU H2AFV HNRNPA1 KLRD1 NDUFA4 PPP2R2A PTMA SEC62 SERF2 VIM AMICA1 ANXA5 APOBEC3G ARHGDIB ARPC2 BTF3 BTG1 COX4I1 CREM CST7 DNAJC8 DUSP2 EIF1 EIF4A1 ENO1 GNB2L1 GPX4 GZMH HINT1 HMGB1 HSP90AB1 LRRC59 MAGED2 MYL6
intervention,gse96583:ctrl:101:GCTAGATGAACTGC-1,GCTAGATGAACTGC-1,101,101,ctrl,singlet,CD8 T cells,1,NK_receptor_plus_cytotoxic,101:NK_receptor_plus_cytotoxic,06f206373781cad8d7237795cd6a94cbefa45b19af4045708d22d8863c7516c4,1125,NK_receptor_identity,1,KLRD1,1,KLRD1,3.32022831913,H2AFV,3.32022831913,2,0,0.0305458187281,0,0.972124853948,FTH1 TMSB4X B2M GNLY ACTB ANXA1 CYBA GAPDH HLA-B PABPC1 TMBIM6 ANXA2 CD44 HLA-A SRGN EEF1D FAU H2AFV HNRNPA1 KLRD1 NDUFA4 PPP2R2A PTMA SEC62 SERF2 VIM AMICA1 ANXA5 APOBEC3G ARHGDIB ARPC2 BTF3 BTG1 COX4I1 CREM CST7 DNAJC8 DUSP2 EIF1 EIF4A1 ENO1 GNB2L1 GPX4 GZMH HINT1 HMGB1 HSP90AB1 LRRC59 MAGED2 MYL6,FTH1 TMSB4X B2M GNLY ACTB ANXA1 CYBA GAPDH HLA-B PABPC1 TMBIM6 ANXA2 CD44 HLA-A SRGN EEF1D FAU H2AFV HNRNPA1 MASKED_GENE NDUFA4 PPP2R2A PTMA SEC62 SERF2 VIM AMICA1 ANXA5 APOBEC3G ARHGDIB ARPC2 BTF3 BTG1 COX4I1 CREM CST7 DNAJC8 DUSP2 EIF1 EIF4A1 ENO1 GNB2L1 GPX4 GZMH HINT1 HMGB1 HSP90AB1 LRRC59 MAGED2 MYL6,FTH1 TMSB4X B2M GNLY ACTB ANXA1 CYBA GAPDH HLA-B PABPC1 TMBIM6 ANXA2 CD44 HLA-A SRGN EEF1D FAU MASKED_GENE HNRNPA1 KLRD1 NDUFA4 PPP2R2A PTMA SEC62 SERF2 VIM AMICA1 ANXA5 APOBEC3G ARHGDIB ARPC2 BTF3 BTG1 COX4I1 CREM CST7 DNAJC8 DUSP2 EIF1 EIF4A1 ENO1 GNB2L1 GPX4 GZMH HINT1 HMGB1 HSP90AB1 LRRC59 MAGED2 MYL6
intervention,gse96583:ctrl:101:GCTAGATGAACTGC-1,GCTAGATGAACTGC-1,101,101,ctrl,singlet,CD8 T cells,1,NK_receptor_plus_cytotoxic,101:NK_receptor_plus_cytotoxic,06f206373781cad8d7237795cd6a94cbefa45b19af4045708d22d8863c7516c4,1125,cytotoxic_effector,1,GNLY;GZMH,2,GNLY,4.75836803106,ACTB,4.14665585679,1,0.61171217427,0.14221331998,0,2.97889088167,FTH1 TMSB4X B2M GNLY ACTB ANXA1 CYBA GAPDH HLA-B PABPC1 TMBIM6 ANXA2 CD44 HLA-A SRGN EEF1D FAU H2AFV HNRNPA1 KLRD1 NDUFA4 PPP2R2A PTMA SEC62 SERF2 VIM AMICA1 ANXA5 APOBEC3G ARHGDIB ARPC2 BTF3 BTG1 COX4I1 CREM CST7 DNAJC8 DUSP2 EIF1 EIF4A1 ENO1 GNB2L1 GPX4 GZMH HINT1 HMGB1 HSP90AB1 LRRC59 MAGED2 MYL6,FTH1 TMSB4X B2M MASKED_GENE ACTB ANXA1 CYBA GAPDH HLA-B PABPC1 TMBIM6 ANXA2 CD44 HLA-A SRGN EEF1D FAU H2AFV HNRNPA1 KLRD1 NDUFA4 PPP2R2A PTMA SEC62 SERF2 VIM AMICA1 ANXA5 APOBEC3G ARHGDIB ARPC2 BTF3 BTG1 COX4I1 CREM CST7 DNAJC8 DUSP2 EIF1 EIF4A1 ENO1 GNB2L1 GPX4 GZMH HINT1 HMGB1 HSP90AB1 LRRC59 MAGED2 MYL6,FTH1 TMSB4X B2M GNLY MASKED_GENE ANXA1 CYBA GAPDH HLA-B PABPC1 TMBIM6 ANXA2 CD44 HLA-A SRGN EEF1D FAU H2AFV HNRNPA1 KLRD1 NDUFA4 PPP2R2A PTMA SEC62 SERF2 VIM AMICA1 ANXA5 APOBEC3G ARHGDIB ARPC2 BTF3 BTG1 COX4I1 CREM CST7 DNAJC8 DUSP2 EIF1 EIF4A1 ENO1 GNB2L1 GPX4 GZMH HINT1 HMGB1 HSP90AB1 LRRC59 MAGED2 MYL6
base,gse96583:ctrl:101:CGCCTAACTGCAGT-1,CGCCTAACTGCAGT-1,101,101,ctrl,singlet,NK cells,0,NK_receptor_plus_cytotoxic,101:NK_receptor_plus_cytotoxic,0e22c34a0d2c7c1b4e27e8348dceebccda44738f72f92d13386db6e9d1289ac2,915,none,0,,0,,,,,,,,,,B2M FTH1 TMSB4X PTMA HLA-B SPCS1 BTG1 HLA-A NKG7 HLA-C SRGN CCL5 GAPDH GNLY PSMA7 CST7 FTL CHCHD2 EIF1 EIF4B FAU LDHA PCF11 PFDN5 PFN1 RARRES3 SKP1 UBC UPP1 BTF3 CD63 CD74 CHST12 CLEC2B CXCR4 EEF1B2 EVI2B GHITM GOLPH3 GZMH HMGB1 HSP90AA1 IFNGR1 IGBP1 IP6K2 KLRD1 LAMTOR4 LITAF LYST NACA,B2M FTH1 TMSB4X PTMA HLA-B SPCS1 BTG1 HLA-A NKG7 HLA-C SRGN CCL5 GAPDH GNLY PSMA7 CST7 FTL CHCHD2 EIF1 EIF4B FAU LDHA PCF11 PFDN5 PFN1 RARRES3 SKP1 UBC UPP1 BTF3 CD63 CD74 CHST12 CLEC2B CXCR4 EEF1B2 EVI2B GHITM GOLPH3 GZMH HMGB1 HSP90AA1 IFNGR1 IGBP1 IP6K2 KLRD1 LAMTOR4 LITAF LYST NACA,B2M FTH1 TMSB4X PTMA HLA-B SPCS1 BTG1 HLA-A NKG7 HLA-C SRGN CCL5 GAPDH GNLY PSMA7 CST7 FTL CHCHD2 EIF1 EIF4B FAU LDHA PCF11 PFDN5 PFN1 RARRES3 SKP1 UBC UPP1 BTF3 CD63 CD74 CHST12 CLEC2B CXCR4 EEF1B2 EVI2B GHITM GOLPH3 GZMH HMGB1 HSP90AA1 IFNGR1 IGBP1 IP6K2 KLRD1 LAMTOR4 LITAF LYST NACA
intervention,gse96583:ctrl:101:CGCCTAACTGCAGT-1,CGCCTAACTGCAGT-1,101,101,ctrl,singlet,NK cells,0,NK_receptor_plus_cytotoxic,101:NK_receptor_plus_cytotoxic,0e22c34a0d2c7c1b4e27e8348dceebccda44738f72f92d13386db6e9d1289ac2,915,NK_receptor_identity,1,KLRD1,1,KLRD1,3.1292978186,IP6K2,3.1292978186,1,0,0.0655983975964,0,0.989317309297,B2M FTH1 TMSB4X PTMA HLA-B SPCS1 BTG1 HLA-A NKG7 HLA-C SRGN CCL5 GAPDH GNLY PSMA7 CST7 FTL CHCHD2 EIF1 EIF4B FAU LDHA PCF11 PFDN5 PFN1 RARRES3 SKP1 UBC UPP1 BTF3 CD63 CD74 CHST12 CLEC2B CXCR4 EEF1B2 EVI2B GHITM GOLPH3 GZMH HMGB1 HSP90AA1 IFNGR1 IGBP1 IP6K2 KLRD1 LAMTOR4 LITAF LYST NACA,B2M FTH1 TMSB4X PTMA HLA-B SPCS1 BTG1 HLA-A NKG7 HLA-C SRGN CCL5 GAPDH GNLY PSMA7 CST7 FTL CHCHD2 EIF1 EIF4B FAU LDHA PCF11 PFDN5 PFN1 RARRES3 SKP1 UBC UPP1 BTF3 CD63 CD74 CHST12 CLEC2B CXCR4 EEF1B2 EVI2B GHITM GOLPH3 GZMH HMGB1 HSP90AA1 IFNGR1 IGBP1 IP6K2 MASKED_GENE LAMTOR4 LITAF LYST NACA,B2M FTH1 TMSB4X PTMA HLA-B SPCS1 BTG1 HLA-A NKG7 HLA-C SRGN CCL5 GAPDH GNLY PSMA7 CST7 FTL CHCHD2 EIF1 EIF4B FAU LDHA PCF11 PFDN5 PFN1 RARRES3 SKP1 UBC UPP1 BTF3 CD63 CD74 CHST12 CLEC2B CXCR4 EEF1B2 EVI2B GHITM GOLPH3 GZMH HMGB1 HSP90AA1 IFNGR1 IGBP1 MASKED_GENE KLRD1 LAMTOR4 LITAF LYST NACA
intervention,gse96583:ctrl:101:CGCCTAACTGCAGT-1,CGCCTAACTGCAGT-1,101,101,ctrl,singlet,NK cells,0,NK_receptor_plus_cytotoxic,101:NK_receptor_plus_cytotoxic,0e22c34a0d2c7c1b4e27e8348dceebccda44738f72f92d13386db6e9d1289ac2,915,cytotoxic_effector,1,NKG7;CCL5;GNLY;GZMH,4,NKG7,4.35031319045,HLA-C,4.19831066351,1,0.15200252694,0.261392088132,1,3.58459260187,B2M FTH1 TMSB4X PTMA HLA-B SPCS1 BTG1 HLA-A NKG7 HLA-C SRGN CCL5 GAPDH GNLY PSMA7 CST7 FTL CHCHD2 EIF1 EIF4B FAU LDHA PCF11 PFDN5 PFN1 RARRES3 SKP1 UBC UPP1 BTF3 CD63 CD74 CHST12 CLEC2B CXCR4 EEF1B2 EVI2B GHITM GOLPH3 GZMH HMGB1 HSP90AA1 IFNGR1 IGBP1 IP6K2 KLRD1 LAMTOR4 LITAF LYST NACA,B2M FTH1 TMSB4X PTMA HLA-B SPCS1 BTG1 HLA-A MASKED_GENE HLA-C SRGN CCL5 GAPDH GNLY PSMA7 CST7 FTL CHCHD2 EIF1 EIF4B FAU LDHA PCF11 PFDN5 PFN1 RARRES3 SKP1 UBC UPP1 BTF3 CD63 CD74 CHST12 CLEC2B CXCR4 EEF1B2 EVI2B GHITM GOLPH3 GZMH HMGB1 HSP90AA1 IFNGR1 IGBP1 IP6K2 KLRD1 LAMTOR4 LITAF LYST NACA,B2M FTH1 TMSB4X PTMA HLA-B SPCS1 BTG1 HLA-A NKG7 MASKED_GENE SRGN CCL5 GAPDH GNLY PSMA7 CST7 FTL CHCHD2 EIF1 EIF4B FAU LDHA PCF11 PFDN5 PFN1 RARRES3 SKP1 UBC UPP1 BTF3 CD63 CD74 CHST12 CLEC2B CXCR4 EEF1B2 EVI2B GHITM GOLPH3 GZMH HMGB1 HSP90AA1 IFNGR1 IGBP1 IP6K2 KLRD1 LAMTOR4 LITAF LYST NACA
base,gse96583:ctrl:101:GATCGAACAGTTCG-1,GATCGAACAGTTCG-1,101,101,ctrl,singlet,NK cells,0,NK_receptor_plus_cytotoxic,101:NK_receptor_plus_cytotoxic,317d2e5109b6c12437017ca04e6f826d9a3737b422a42e39742848f4c2276211,634,none,0,,0,,,,,,,,,,B2M TMSB4X HLA-B HLA-C GNLY CD69 FTH1 PTMA HLA-A APOBEC3G CCL4 RGCC TBCC TNFAIP8 TPR TPT1 ACTB CEBPB CFL1 COX6B1 CYBA DOK2 GABARAPL2 GMFG H3F3B HNRNPA2B1 KLRD1 KLRF1 KMT2E KRT10 NEAT1 OAZ1 PDCD2L PFN1 PRR5L SERP1 SKP1 SLC39A6 TRAPPC2L USMG5 ABHD14B ACAD8 ADAM10 AGPAT1 AKIRIN2 AMBRA1 ANAPC11 ANKZF1 ANP32B APBB1,B2M TMSB4X HLA-B HLA-C GNLY CD69 FTH1 PTMA HLA-A APOBEC3G CCL4 RGCC TBCC TNFAIP8 TPR TPT1 ACTB CEBPB CFL1 COX6B1 CYBA DOK2 GABARAPL2 GMFG H3F3B HNRNPA2B1 KLRD1 KLRF1 KMT2E KRT10 NEAT1 OAZ1 PDCD2L PFN1 PRR5L SERP1 SKP1 SLC39A6 TRAPPC2L USMG5 ABHD14B ACAD8 ADAM10 AGPAT1 AKIRIN2 AMBRA1 ANAPC11 ANKZF1 ANP32B APBB1,B2M TMSB4X HLA-B HLA-C GNLY CD69 FTH1 PTMA HLA-A APOBEC3G CCL4 RGCC TBCC TNFAIP8 TPR TPT1 ACTB CEBPB CFL1 COX6B1 CYBA DOK2 GABARAPL2 GMFG H3F3B HNRNPA2B1 KLRD1 KLRF1 KMT2E KRT10 NEAT1 OAZ1 PDCD2L PFN1 PRR5L SERP1 SKP1 SLC39A6 TRAPPC2L USMG5 ABHD14B ACAD8 ADAM10 AGPAT1 AKIRIN2 AMBRA1 ANAPC11 ANKZF1 ANP32B APBB1
intervention,gse96583:ctrl:101:GATCGAACAGTTCG-1,GATCGAACAGTTCG-1,101,101,ctrl,singlet,NK cells,0,NK_receptor_plus_cytotoxic,101:NK_receptor_plus_cytotoxic,317d2e5109b6c12437017ca04e6f826d9a3737b422a42e39742848f4c2276211,634,NK_receptor_identity,1,KLRD1;KLRF1,2,KLRD1,3.48264652522,KMT2E,3.48264652522,2,0,0.0465698547822,0,1.13236521449,B2M TMSB4X HLA-B HLA-C GNLY CD69 FTH1 PTMA HLA-A APOBEC3G CCL4 RGCC TBCC TNFAIP8 TPR TPT1 ACTB CEBPB CFL1 COX6B1 CYBA DOK2 GABARAPL2 GMFG H3F3B HNRNPA2B1 KLRD1 KLRF1 KMT2E KRT10 NEAT1 OAZ1 PDCD2L PFN1 PRR5L SERP1 SKP1 SLC39A6 TRAPPC2L USMG5 ABHD14B ACAD8 ADAM10 AGPAT1 AKIRIN2 AMBRA1 ANAPC11 ANKZF1 ANP32B APBB1,B2M TMSB4X HLA-B HLA-C GNLY CD69 FTH1 PTMA HLA-A APOBEC3G CCL4 RGCC TBCC TNFAIP8 TPR TPT1 ACTB CEBPB CFL1 COX6B1 CYBA DOK2 GABARAPL2 GMFG H3F3B HNRNPA2B1 MASKED_GENE KLRF1 KMT2E KRT10 NEAT1 OAZ1 PDCD2L PFN1 PRR5L SERP1 SKP1 SLC39A6 TRAPPC2L USMG5 ABHD14B ACAD8 ADAM10 AGPAT1 AKIRIN2 AMBRA1 ANAPC11 ANKZF1 ANP32B APBB1,B2M TMSB4X HLA-B HLA-C GNLY CD69 FTH1 PTMA HLA-A APOBEC3G CCL4 RGCC TBCC TNFAIP8 TPR TPT1 ACTB CEBPB CFL1 COX6B1 CYBA DOK2 GABARAPL2 GMFG H3F3B HNRNPA2B1 KLRD1 KLRF1 MASKED_GENE KRT10 NEAT1 OAZ1 PDCD2L PFN1 PRR5L SERP1 SKP1 SLC39A6 TRAPPC2L USMG5 ABHD14B ACAD8 ADAM10 AGPAT1 AKIRIN2 AMBRA1 ANAPC11 ANKZF1 ANP32B APBB1
intervention,gse96583:ctrl:101:GATCGAACAGTTCG-1,GATCGAACAGTTCG-1,101,101,ctrl,singlet,NK cells,0,NK_receptor_plus_cytotoxic,101:NK_receptor_plus_cytotoxic,317d2e5109b6c12437017ca04e6f826d9a3737b422a42e39742848f4c2276211,634,cytotoxic_effector,1,GNLY,1,GNLY,4.71321793952,PTMA,4.56056211639,3,0.152655823128,0.221331997997,0,3.51863162623,B2M TMSB4X HLA-B HLA-C GNLY CD69 FTH1 PTMA HLA-A APOBEC3G CCL4 RGCC TBCC TNFAIP8 TPR TPT1 ACTB CEBPB CFL1 COX6B1 CYBA DOK2 GABARAPL2 GMFG H3F3B HNRNPA2B1 KLRD1 KLRF1 KMT2E KRT10 NEAT1 OAZ1 PDCD2L PFN1 PRR5L SERP1 SKP1 SLC39A6 TRAPPC2L USMG5 ABHD14B ACAD8 ADAM10 AGPAT1 AKIRIN2 AMBRA1 ANAPC11 ANKZF1 ANP32B APBB1,B2M TMSB4X HLA-B HLA-C MASKED_GENE CD69 FTH1 PTMA HLA-A APOBEC3G CCL4 RGCC TBCC TNFAIP8 TPR TPT1 ACTB CEBPB CFL1 COX6B1 CYBA DOK2 GABARAPL2 GMFG H3F3B HNRNPA2B1 KLRD1 KLRF1 KMT2E KRT10 NEAT1 OAZ1 PDCD2L PFN1 PRR5L SERP1 SKP1 SLC39A6 TRAPPC2L USMG5 ABHD14B ACAD8 ADAM10 AGPAT1 AKIRIN2 AMBRA1 ANAPC11 ANKZF1 ANP32B APBB1,B2M TMSB4X HLA-B HLA-C GNLY CD69 FTH1 MASKED_GENE HLA-A APOBEC3G CCL4 RGCC TBCC TNFAIP8 TPR TPT1 ACTB CEBPB CFL1 COX6B1 CYBA DOK2 GABARAPL2 GMFG H3F3B HNRNPA2B1 KLRD1 KLRF1 KMT2E KRT10 NEAT1 OAZ1 PDCD2L PFN1 PRR5L SERP1 SKP1 SLC39A6 TRAPPC2L USMG5 ABHD14B ACAD8 ADAM10 AGPAT1 AKIRIN2 AMBRA1 ANAPC11 ANKZF1 ANP32B APBB1
base,gse96583:ctrl:107:CCGATAGAAAACGA-1,CCGATAGAAAACGA-1,107,107,ctrl,singlet,CD8 T cells,1,T_plus_cytotoxic,107:T_plus_cytotoxic,3396d876bd19c447a36d32156db353a75426bb5ba52ee6bac9612cc0027d1eab,821,none,0,,0,,,,,,,,,,FTH1 TMSB4X B2M GNLY HLA-B CYBA CXCR4 HLA-A HLA-C SRGN ANXA1 ARHGDIB CCL5 CD8A FAU GAPDH GIMAP7 H3F3B PTMA RGS2 UBB APOBEC3G ATP5L BLOC1S6 C19orf43 CCT5 CD3D EEF1B2 EEF1D EIF2B2 FGFBP2 HMGB1 HSPA8 IRF1 PLA2G16 PMAIP1 PTGES3 PTPRC RAP1A RARRES3 RHOA SDF4 SLBP TMEM59 VIM ZFP36L2 ABCE1 ABTB1 ACADVL ACTB,FTH1 TMSB4X B2M GNLY HLA-B CYBA CXCR4 HLA-A HLA-C SRGN ANXA1 ARHGDIB CCL5 CD8A FAU GAPDH GIMAP7 H3F3B PTMA RGS2 UBB APOBEC3G ATP5L BLOC1S6 C19orf43 CCT5 CD3D EEF1B2 EEF1D EIF2B2 FGFBP2 HMGB1 HSPA8 IRF1 PLA2G16 PMAIP1 PTGES3 PTPRC RAP1A RARRES3 RHOA SDF4 SLBP TMEM59 VIM ZFP36L2 ABCE1 ABTB1 ACADVL ACTB,FTH1 TMSB4X B2M GNLY HLA-B CYBA CXCR4 HLA-A HLA-C SRGN ANXA1 ARHGDIB CCL5 CD8A FAU GAPDH GIMAP7 H3F3B PTMA RGS2 UBB APOBEC3G ATP5L BLOC1S6 C19orf43 CCT5 CD3D EEF1B2 EEF1D EIF2B2 FGFBP2 HMGB1 HSPA8 IRF1 PLA2G16 PMAIP1 PTGES3 PTPRC RAP1A RARRES3 RHOA SDF4 SLBP TMEM59 VIM ZFP36L2 ABCE1 ABTB1 ACADVL ACTB
intervention,gse96583:ctrl:107:CCGATAGAAAACGA-1,CCGATAGAAAACGA-1,107,107,ctrl,singlet,CD8 T cells,1,T_plus_cytotoxic,107:T_plus_cytotoxic,3396d876bd19c447a36d32156db353a75426bb5ba52ee6bac9612cc0027d1eab,821,T_TCR_CD8,1,CD8A;CD3D,2,CD8A,3.62542844536,RGS2,3.62542844536,6,0,0.058087130696,0,2.58087130696,FTH1 TMSB4X B2M GNLY HLA-B CYBA CXCR4 HLA-A HLA-C SRGN ANXA1 ARHGDIB CCL5 CD8A FAU GAPDH GIMAP7 H3F3B PTMA RGS2 UBB APOBEC3G ATP5L BLOC1S6 C19orf43 CCT5 CD3D EEF1B2 EEF1D EIF2B2 FGFBP2 HMGB1 HSPA8 IRF1 PLA2G16 PMAIP1 PTGES3 PTPRC RAP1A RARRES3 RHOA SDF4 SLBP TMEM59 VIM ZFP36L2 ABCE1 ABTB1 ACADVL ACTB,FTH1 TMSB4X B2M GNLY HLA-B CYBA CXCR4 HLA-A HLA-C SRGN ANXA1 ARHGDIB CCL5 MASKED_GENE FAU GAPDH GIMAP7 H3F3B PTMA RGS2 UBB APOBEC3G ATP5L BLOC1S6 C19orf43 CCT5 CD3D EEF1B2 EEF1D EIF2B2 FGFBP2 HMGB1 HSPA8 IRF1 PLA2G16 PMAIP1 PTGES3 PTPRC RAP1A RARRES3 RHOA SDF4 SLBP TMEM59 VIM ZFP36L2 ABCE1 ABTB1 ACADVL ACTB,FTH1 TMSB4X B2M GNLY HLA-B CYBA CXCR4 HLA-A HLA-C SRGN ANXA1 ARHGDIB CCL5 CD8A FAU GAPDH GIMAP7 H3F3B PTMA MASKED_GENE UBB APOBEC3G ATP5L BLOC1S6 C19orf43 CCT5 CD3D EEF1B2 EEF1D EIF2B2 FGFBP2 HMGB1 HSPA8 IRF1 PLA2G16 PMAIP1 PTGES3 PTPRC RAP1A RARRES3 RHOA SDF4 SLBP TMEM59 VIM ZFP36L2 ABCE1 ABTB1 ACADVL ACTB
intervention,gse96583:ctrl:107:CCGATAGAAAACGA-1,CCGATAGAAAACGA-1,107,107,ctrl,singlet,CD8 T cells,1,T_plus_cytotoxic,107:T_plus_cytotoxic,3396d876bd19c447a36d32156db353a75426bb5ba52ee6bac9612cc0027d1eab,821,cytotoxic_effector,1,GNLY;CCL5;FGFBP2,3,GNLY,4.99154228098,HLA-B,4.70612270593,1,0.285419575052,0.388582874311,1,5.12333455989,FTH1 TMSB4X B2M GNLY HLA-B CYBA CXCR4 HLA-A HLA-C SRGN ANXA1 ARHGDIB CCL5 CD8A FAU GAPDH GIMAP7 H3F3B PTMA RGS2 UBB APOBEC3G ATP5L BLOC1S6 C19orf43 CCT5 CD3D EEF1B2 EEF1D EIF2B2 FGFBP2 HMGB1 HSPA8 IRF1 PLA2G16 PMAIP1 PTGES3 PTPRC RAP1A RARRES3 RHOA SDF4 SLBP TMEM59 VIM ZFP36L2 ABCE1 ABTB1 ACADVL ACTB,FTH1 TMSB4X B2M MASKED_GENE HLA-B CYBA CXCR4 HLA-A HLA-C SRGN ANXA1 ARHGDIB CCL5 CD8A FAU GAPDH GIMAP7 H3F3B PTMA RGS2 UBB APOBEC3G ATP5L BLOC1S6 C19orf43 CCT5 CD3D EEF1B2 EEF1D EIF2B2 FGFBP2 HMGB1 HSPA8 IRF1 PLA2G16 PMAIP1 PTGES3 PTPRC RAP1A RARRES3 RHOA SDF4 SLBP TMEM59 VIM ZFP36L2 ABCE1 ABTB1 ACADVL ACTB,FTH1 TMSB4X B2M GNLY MASKED_GENE CYBA CXCR4 HLA-A HLA-C SRGN ANXA1 ARHGDIB CCL5 CD8A FAU GAPDH GIMAP7 H3F3B PTMA RGS2 UBB APOBEC3G ATP5L BLOC1S6 C19orf43 CCT5 CD3D EEF1B2 EEF1D EIF2B2 FGFBP2 HMGB1 HSPA8 IRF1 PLA2G16 PMAIP1 PTGES3 PTPRC RAP1A RARRES3 RHOA SDF4 SLBP TMEM59 VIM ZFP36L2 ABCE1 ABTB1 ACADVL ACTB
base,gse96583:ctrl:107:TGAGTGACTACTCT-1,TGAGTGACTACTCT-1,107,107,ctrl,singlet,NK cells,0,T_plus_cytotoxic,107:T_plus_cytotoxic,37dca2377f7f6afd3d42c3e95ae677116581c7d50f35713fcfc75b24a1252f10,1010,none,0,,0,,,,,,,,,,TMSB4X B2M FTH1 HLA-B HLA-A GNLY GZMB SRGN ERLEC1 PTPRC EEF1B2 EIF1 PFN1 ACTB ARPC2 CCL5 FTL HP1BP3 KLF6 NKG7 PTMA SH3BGRL3 UBC YBX1 AKR1B1 ANXA1 APLP2 APOBEC3G ARHGDIB ARPC3 BTF3 C14orf119 CCDC109B CCDC12 CD3D CISD1 CST7 CUTA CXCR4 DAZAP2 DDX5 DUSP2 EEF1D EIF3L EMC6 H3F3B HLA-C HNRNPA0 HNRNPA3 ISG20,TMSB4X B2M FTH1 HLA-B HLA-A GNLY GZMB SRGN ERLEC1 PTPRC EEF1B2 EIF1 PFN1 ACTB ARPC2 CCL5 FTL HP1BP3 KLF6 NKG7 PTMA SH3BGRL3 UBC YBX1 AKR1B1 ANXA1 APLP2 APOBEC3G ARHGDIB ARPC3 BTF3 C14orf119 CCDC109B CCDC12 CD3D CISD1 CST7 CUTA CXCR4 DAZAP2 DDX5 DUSP2 EEF1D EIF3L EMC6 H3F3B HLA-C HNRNPA0 HNRNPA3 ISG20,TMSB4X B2M FTH1 HLA-B HLA-A GNLY GZMB SRGN ERLEC1 PTPRC EEF1B2 EIF1 PFN1 ACTB ARPC2 CCL5 FTL HP1BP3 KLF6 NKG7 PTMA SH3BGRL3 UBC YBX1 AKR1B1 ANXA1 APLP2 APOBEC3G ARHGDIB ARPC3 BTF3 C14orf119 CCDC109B CCDC12 CD3D CISD1 CST7 CUTA CXCR4 DAZAP2 DDX5 DUSP2 EEF1D EIF3L EMC6 H3F3B HLA-C HNRNPA0 HNRNPA3 ISG20
intervention,gse96583:ctrl:107:TGAGTGACTACTCT-1,TGAGTGACTACTCT-1,107,107,ctrl,singlet,NK cells,0,T_plus_cytotoxic,107:T_plus_cytotoxic,37dca2377f7f6afd3d42c3e95ae677116581c7d50f35713fcfc75b24a1252f10,1010,T_TCR_CD8,1,CD3D,1,CD3D,3.035048184,ARPC3,3.035048184,5,0,0.0896344516775,1,2.89634451678,TMSB4X B2M FTH1 HLA-B HLA-A GNLY GZMB SRGN ERLEC1 PTPRC EEF1B2 EIF1 PFN1 ACTB ARPC2 CCL5 FTL HP1BP3 KLF6 NKG7 PTMA SH3BGRL3 UBC YBX1 AKR1B1 ANXA1 APLP2 APOBEC3G ARHGDIB ARPC3 BTF3 C14orf119 CCDC109B CCDC12 CD3D CISD1 CST7 CUTA CXCR4 DAZAP2 DDX5 DUSP2 EEF1D EIF3L EMC6 H3F3B HLA-C HNRNPA0 HNRNPA3 ISG20,TMSB4X B2M FTH1 HLA-B HLA-A GNLY GZMB SRGN ERLEC1 PTPRC EEF1B2 EIF1 PFN1 ACTB ARPC2 CCL5 FTL HP1BP3 KLF6 NKG7 PTMA SH3BGRL3 UBC YBX1 AKR1B1 ANXA1 APLP2 APOBEC3G ARHGDIB ARPC3 BTF3 C14orf119 CCDC109B CCDC12 MASKED_GENE CISD1 CST7 CUTA CXCR4 DAZAP2 DDX5 DUSP2 EEF1D EIF3L EMC6 H3F3B HLA-C HNRNPA0 HNRNPA3 ISG20,TMSB4X B2M FTH1 HLA-B HLA-A GNLY GZMB SRGN ERLEC1 PTPRC EEF1B2 EIF1 PFN1 ACTB ARPC2 CCL5 FTL HP1BP3 KLF6 NKG7 PTMA SH3BGRL3 UBC YBX1 AKR1B1 ANXA1 APLP2 APOBEC3G ARHGDIB MASKED_GENE BTF3 C14orf119 CCDC109B CCDC12 CD3D CISD1 CST7 CUTA CXCR4 DAZAP2 DDX5 DUSP2 EEF1D EIF3L EMC6 H3F3B HLA-C HNRNPA0 HNRNPA3 ISG20
intervention,gse96583:ctrl:107:TGAGTGACTACTCT-1,TGAGTGACTACTCT-1,107,107,ctrl,singlet,NK cells,0,T_plus_cytotoxic,107:T_plus_cytotoxic,37dca2377f7f6afd3d42c3e95ae677116581c7d50f35713fcfc75b24a1252f10,1010,cytotoxic_effector,1,GNLY;GZMB;CCL5;NKG7,4,GNLY,4.25287038134,EIF1,3.70386560855,6,0.54900477279,0.129193790686,0,4.38994745244,TMSB4X B2M FTH1 HLA-B HLA-A GNLY GZMB SRGN ERLEC1 PTPRC EEF1B2 EIF1 PFN1 ACTB ARPC2 CCL5 FTL HP1BP3 KLF6 NKG7 PTMA SH3BGRL3 UBC YBX1 AKR1B1 ANXA1 APLP2 APOBEC3G ARHGDIB ARPC3 BTF3 C14orf119 CCDC109B CCDC12 CD3D CISD1 CST7 CUTA CXCR4 DAZAP2 DDX5 DUSP2 EEF1D EIF3L EMC6 H3F3B HLA-C HNRNPA0 HNRNPA3 ISG20,TMSB4X B2M FTH1 HLA-B HLA-A MASKED_GENE GZMB SRGN ERLEC1 PTPRC EEF1B2 EIF1 PFN1 ACTB ARPC2 CCL5 FTL HP1BP3 KLF6 NKG7 PTMA SH3BGRL3 UBC YBX1 AKR1B1 ANXA1 APLP2 APOBEC3G ARHGDIB ARPC3 BTF3 C14orf119 CCDC109B CCDC12 CD3D CISD1 CST7 CUTA CXCR4 DAZAP2 DDX5 DUSP2 EEF1D EIF3L EMC6 H3F3B HLA-C HNRNPA0 HNRNPA3 ISG20,TMSB4X B2M FTH1 HLA-B HLA-A GNLY GZMB SRGN ERLEC1 PTPRC EEF1B2 MASKED_GENE PFN1 ACTB ARPC2 CCL5 FTL HP1BP3 KLF6 NKG7 PTMA SH3BGRL3 UBC YBX1 AKR1B1 ANXA1 APLP2 APOBEC3G ARHGDIB ARPC3 BTF3 C14orf119 CCDC109B CCDC12 CD3D CISD1 CST7 CUTA CXCR4 DAZAP2 DDX5 DUSP2 EEF1D EIF3L EMC6 H3F3B HLA-C HNRNPA0 HNRNPA3 ISG20
base,gse96583:ctrl:107:CATAACCTCTCGCT-1,CATAACCTCTCGCT-1,107,107,ctrl,singlet,CD8 T cells,1,T_plus_cytotoxic,107:T_plus_cytotoxic,55e252ccc68f6355bd97f773edc68cb1895e285ed61c754ee2917fab519aa1e2,885,none,0,,0,,,,,,,,,,B2M TMSB4X HLA-B CCL5 HLA-DRA ANXA1 CXCR4 C20orf24 HLA-A HMGB1 FTH1 OAZ1 CD74 HLA-C APOBEC3G ARPC2 CCT6A CD3D DRAP1 EMP3 GZMM HNRNPA2B1 MYL6 NACA PSMA4 PSMA7 S1PR4 SRP14 TPT1 ATP5B CD2 CD8A COTL1 COX4I1 DDX5 EEF1A1 FAU FTL GAPDH GNAS GNB2L1 HNRNPU HSD17B10 HSPA8 IER2 IL2RG JAGN1 LDHA MAT2B MORF4L2,B2M TMSB4X HLA-B CCL5 HLA-DRA ANXA1 CXCR4 C20orf24 HLA-A HMGB1 FTH1 OAZ1 CD74 HLA-C APOBEC3G ARPC2 CCT6A CD3D DRAP1 EMP3 GZMM HNRNPA2B1 MYL6 NACA PSMA4 PSMA7 S1PR4 SRP14 TPT1 ATP5B CD2 CD8A COTL1 COX4I1 DDX5 EEF1A1 FAU FTL GAPDH GNAS GNB2L1 HNRNPU HSD17B10 HSPA8 IER2 IL2RG JAGN1 LDHA MAT2B MORF4L2,B2M TMSB4X HLA-B CCL5 HLA-DRA ANXA1 CXCR4 C20orf24 HLA-A HMGB1 FTH1 OAZ1 CD74 HLA-C APOBEC3G ARPC2 CCT6A CD3D DRAP1 EMP3 GZMM HNRNPA2B1 MYL6 NACA PSMA4 PSMA7 S1PR4 SRP14 TPT1 ATP5B CD2 CD8A COTL1 COX4I1 DDX5 EEF1A1 FAU FTL GAPDH GNAS GNB2L1 HNRNPU HSD17B10 HSPA8 IER2 IL2RG JAGN1 LDHA MAT2B MORF4L2
intervention,gse96583:ctrl:107:CATAACCTCTCGCT-1,CATAACCTCTCGCT-1,107,107,ctrl,singlet,CD8 T cells,1,T_plus_cytotoxic,107:T_plus_cytotoxic,55e252ccc68f6355bd97f773edc68cb1895e285ed61c754ee2917fab519aa1e2,885,T_TCR_CD8,1,CD3D;CD8A,2,CD3D,3.55243826312,EMP3,3.55243826312,2,0,0.106159238858,0,1.72825905525,B2M TMSB4X HLA-B CCL5 HLA-DRA ANXA1 CXCR4 C20orf24 HLA-A HMGB1 FTH1 OAZ1 CD74 HLA-C APOBEC3G ARPC2 CCT6A CD3D DRAP1 EMP3 GZMM HNRNPA2B1 MYL6 NACA PSMA4 PSMA7 S1PR4 SRP14 TPT1 ATP5B CD2 CD8A COTL1 COX4I1 DDX5 EEF1A1 FAU FTL GAPDH GNAS GNB2L1 HNRNPU HSD17B10 HSPA8 IER2 IL2RG JAGN1 LDHA MAT2B MORF4L2,B2M TMSB4X HLA-B CCL5 HLA-DRA ANXA1 CXCR4 C20orf24 HLA-A HMGB1 FTH1 OAZ1 CD74 HLA-C APOBEC3G ARPC2 CCT6A MASKED_GENE DRAP1 EMP3 GZMM HNRNPA2B1 MYL6 NACA PSMA4 PSMA7 S1PR4 SRP14 TPT1 ATP5B CD2 CD8A COTL1 COX4I1 DDX5 EEF1A1 FAU FTL GAPDH GNAS GNB2L1 HNRNPU HSD17B10 HSPA8 IER2 IL2RG JAGN1 LDHA MAT2B MORF4L2,B2M TMSB4X HLA-B CCL5 HLA-DRA ANXA1 CXCR4 C20orf24 HLA-A HMGB1 FTH1 OAZ1 CD74 HLA-C APOBEC3G ARPC2 CCT6A CD3D DRAP1 MASKED_GENE GZMM HNRNPA2B1 MYL6 NACA PSMA4 PSMA7 S1PR4 SRP14 TPT1 ATP5B CD2 CD8A COTL1 COX4I1 DDX5 EEF1A1 FAU FTL GAPDH GNAS GNB2L1 HNRNPU HSD17B10 HSPA8 IER2 IL2RG JAGN1 LDHA MAT2B MORF4L2
intervention,gse96583:ctrl:107:CATAACCTCTCGCT-1,CATAACCTCTCGCT-1,107,107,ctrl,singlet,CD8 T cells,1,T_plus_cytotoxic,107:T_plus_cytotoxic,55e252ccc68f6355bd97f773edc68cb1895e285ed61c754ee2917fab519aa1e2,885,cytotoxic_effector,1,CCL5,1,CCL5,5.13868559123,HLA-B,5.3200291042,1,0.181343512969,0.272909364046,1,3.75844733307,B2M TMSB4X HLA-B CCL5 HLA-DRA ANXA1 CXCR4 C20orf24 HLA-A HMGB1 FTH1 OAZ1 CD74 HLA-C APOBEC3G ARPC2 CCT6A CD3D DRAP1 EMP3 GZMM HNRNPA2B1 MYL6 NACA PSMA4 PSMA7 S1PR4 SRP14 TPT1 ATP5B CD2 CD8A COTL1 COX4I1 DDX5 EEF1A1 FAU FTL GAPDH GNAS GNB2L1 HNRNPU HSD17B10 HSPA8 IER2 IL2RG JAGN1 LDHA MAT2B MORF4L2,B2M TMSB4X HLA-B MASKED_GENE HLA-DRA ANXA1 CXCR4 C20orf24 HLA-A HMGB1 FTH1 OAZ1 CD74 HLA-C APOBEC3G ARPC2 CCT6A CD3D DRAP1 EMP3 GZMM HNRNPA2B1 MYL6 NACA PSMA4 PSMA7 S1PR4 SRP14 TPT1 ATP5B CD2 CD8A COTL1 COX4I1 DDX5 EEF1A1 FAU FTL GAPDH GNAS GNB2L1 HNRNPU HSD17B10 HSPA8 IER2 IL2RG JAGN1 LDHA MAT2B MORF4L2,B2M TMSB4X MASKED_GENE CCL5 HLA-DRA ANXA1 CXCR4 C20orf24 HLA-A HMGB1 FTH1 OAZ1 CD74 HLA-C APOBEC3G ARPC2 CCT6A CD3D DRAP1 EMP3 GZMM HNRNPA2B1 MYL6 NACA PSMA4 PSMA7 S1PR4 SRP14 TPT1 ATP5B CD2 CD8A COTL1 COX4I1 DDX5 EEF1A1 FAU FTL GAPDH GNAS GNB2L1 HNRNPU HSD17B10 HSPA8 IER2 IL2RG JAGN1 LDHA MAT2B MORF4L2
base,gse96583:ctrl:107:TTAGCTACGAGCTT-1,TTAGCTACGAGCTT-1,107,107,ctrl,singlet,CD8 T cells,1,T_plus_cytotoxic,107:T_plus_cytotoxic,56f8cfff3b82282d44b14906cdbd75bdfd797f3d58fa8f4dcb500e8407abdd49,1113,none,0,,0,,,,,,,,,,FTH1 TMSB4X B2M GNLY ANXA1 HLA-A HLA-B EEF2 H3F3B GAPDH RGS2 DUSP2 EIF1 GNB2L1 NACA NPM1 SH3BGRL3 SRP14 YBX1 ARPC2 BTF3 CD3D CNIH1 EEF1A1 EIF3E MYL12B NDUFS5 OAZ1 PTGER4 PTMA SEPT7 TPT1 ACTB ACTR3 ADSS ATP5L BTG1 CCDC12 CD44 CDKN1A CNBP COX6B1 CREM CYBA DYNC1H1 EEF1B2 EIF4A1 EIF5 FAU GLTSCR2,FTH1 TMSB4X B2M GNLY ANXA1 HLA-A HLA-B EEF2 H3F3B GAPDH RGS2 DUSP2 EIF1 GNB2L1 NACA NPM1 SH3BGRL3 SRP14 YBX1 ARPC2 BTF3 CD3D CNIH1 EEF1A1 EIF3E MYL12B NDUFS5 OAZ1 PTGER4 PTMA SEPT7 TPT1 ACTB ACTR3 ADSS ATP5L BTG1 CCDC12 CD44 CDKN1A CNBP COX6B1 CREM CYBA DYNC1H1 EEF1B2 EIF4A1 EIF5 FAU GLTSCR2,FTH1 TMSB4X B2M GNLY ANXA1 HLA-A HLA-B EEF2 H3F3B GAPDH RGS2 DUSP2 EIF1 GNB2L1 NACA NPM1 SH3BGRL3 SRP14 YBX1 ARPC2 BTF3 CD3D CNIH1 EEF1A1 EIF3E MYL12B NDUFS5 OAZ1 PTGER4 PTMA SEPT7 TPT1 ACTB ACTR3 ADSS ATP5L BTG1 CCDC12 CD44 CDKN1A CNBP COX6B1 CREM CYBA DYNC1H1 EEF1B2 EIF4A1 EIF5 FAU GLTSCR2
intervention,gse96583:ctrl:107:TTAGCTACGAGCTT-1,TTAGCTACGAGCTT-1,107,107,ctrl,singlet,CD8 T cells,1,T_plus_cytotoxic,107:T_plus_cytotoxic,56f8cfff3b82282d44b14906cdbd75bdfd797f3d58fa8f4dcb500e8407abdd49,1113,T_TCR_CD8,1,CD3D,1,CD3D,3.33056666598,MYL12B,3.33056666598,4,0,0.0245368052078,2,2.24536805208,FTH1 TMSB4X B2M GNLY ANXA1 HLA-A HLA-B EEF2 H3F3B GAPDH RGS2 DUSP2 EIF1 GNB2L1 NACA NPM1 SH3BGRL3 SRP14 YBX1 ARPC2 BTF3 CD3D CNIH1 EEF1A1 EIF3E MYL12B NDUFS5 OAZ1 PTGER4 PTMA SEPT7 TPT1 ACTB ACTR3 ADSS ATP5L BTG1 CCDC12 CD44 CDKN1A CNBP COX6B1 CREM CYBA DYNC1H1 EEF1B2 EIF4A1 EIF5 FAU GLTSCR2,FTH1 TMSB4X B2M GNLY ANXA1 HLA-A HLA-B EEF2 H3F3B GAPDH RGS2 DUSP2 EIF1 GNB2L1 NACA NPM1 SH3BGRL3 SRP14 YBX1 ARPC2 BTF3 MASKED_GENE CNIH1 EEF1A1 EIF3E MYL12B NDUFS5 OAZ1 PTGER4 PTMA SEPT7 TPT1 ACTB ACTR3 ADSS ATP5L BTG1 CCDC12 CD44 CDKN1A CNBP COX6B1 CREM CYBA DYNC1H1 EEF1B2 EIF4A1 EIF5 FAU GLTSCR2,FTH1 TMSB4X B2M GNLY ANXA1 HLA-A HLA-B EEF2 H3F3B GAPDH RGS2 DUSP2 EIF1 GNB2L1 NACA NPM1 SH3BGRL3 SRP14 YBX1 ARPC2 BTF3 CD3D CNIH1 EEF1A1 EIF3E MASKED_GENE NDUFS5 OAZ1 PTGER4 PTMA SEPT7 TPT1 ACTB ACTR3 ADSS ATP5L BTG1 CCDC12 CD44 CDKN1A CNBP COX6B1 CREM CYBA DYNC1H1 EEF1B2 EIF4A1 EIF5 FAU GLTSCR2
intervention,gse96583:ctrl:107:TTAGCTACGAGCTT-1,TTAGCTACGAGCTT-1,107,107,ctrl,singlet,CD8 T cells,1,T_plus_cytotoxic,107:T_plus_cytotoxic,56f8cfff3b82282d44b14906cdbd75bdfd797f3d58fa8f4dcb500e8407abdd49,1113,cytotoxic_effector,1,GNLY,1,GNLY,4.40504142212,ANXA1,4.15721108887,1,0.24783033325,0.143214822233,1,2.5944755555,FTH1 TMSB4X B2M GNLY ANXA1 HLA-A HLA-B EEF2 H3F3B GAPDH RGS2 DUSP2 EIF1 GNB2L1 NACA NPM1 SH3BGRL3 SRP14 YBX1 ARPC2 BTF3 CD3D CNIH1 EEF1A1 EIF3E MYL12B NDUFS5 OAZ1 PTGER4 PTMA SEPT7 TPT1 ACTB ACTR3 ADSS ATP5L BTG1 CCDC12 CD44 CDKN1A CNBP COX6B1 CREM CYBA DYNC1H1 EEF1B2 EIF4A1 EIF5 FAU GLTSCR2,FTH1 TMSB4X B2M MASKED_GENE ANXA1 HLA-A HLA-B EEF2 H3F3B GAPDH RGS2 DUSP2 EIF1 GNB2L1 NACA NPM1 SH3BGRL3 SRP14 YBX1 ARPC2 BTF3 CD3D CNIH1 EEF1A1 EIF3E MYL12B NDUFS5 OAZ1 PTGER4 PTMA SEPT7 TPT1 ACTB ACTR3 ADSS ATP5L BTG1 CCDC12 CD44 CDKN1A CNBP COX6B1 CREM CYBA DYNC1H1 EEF1B2 EIF4A1 EIF5 FAU GLTSCR2,FTH1 TMSB4X B2M GNLY MASKED_GENE HLA-A HLA-B EEF2 H3F3B GAPDH RGS2 DUSP2 EIF1 GNB2L1 NACA NPM1 SH3BGRL3 SRP14 YBX1 ARPC2 BTF3 CD3D CNIH1 EEF1A1 EIF3E MYL12B NDUFS5 OAZ1 PTGER4 PTMA SEPT7 TPT1 ACTB ACTR3 ADSS ATP5L BTG1 CCDC12 CD44 CDKN1A CNBP COX6B1 CREM CYBA DYNC1H1 EEF1B2 EIF4A1 EIF5 FAU GLTSCR2
base,gse96583:ctrl:107:AGGATGCTGGCAAG-1,AGGATGCTGGCAAG-1,107,107,ctrl,singlet,NK cells,0,NK_receptor_plus_cytotoxic,107:NK_receptor_plus_cytotoxic,2ccbc7d125cdbeac9ea2e0fa888781ccdb0d5747e6277a66a0c8ea9a12186588,924,none,0,,0,,,,,,,,,,TMSB4X B2M GNLY CCL5 H3F3B HLA-B GLTSCR2 FTH1 BTG1 CYBA FTL TPT1 GAPDH HLA-A HLA-C ITM2B LDHA PTMA RGCC TNKS2 UBE2B CALM2 FCER1G FGFBP2 MYL6 NFKBIA PIGC PPP1CA PRDX5 UBB ZFP36L2 ACTG1 APOBEC3G BANF1 BST2 C1orf35 CALM1 CD247 CD96 CDCA4 COX6C CXCR4 DDX3X EVL FCGR3A FIBP FKBP2 GIMAP7 HINT1 HNRNPK,TMSB4X B2M GNLY CCL5 H3F3B HLA-B GLTSCR2 FTH1 BTG1 CYBA FTL TPT1 GAPDH HLA-A HLA-C ITM2B LDHA PTMA RGCC TNKS2 UBE2B CALM2 FCER1G FGFBP2 MYL6 NFKBIA PIGC PPP1CA PRDX5 UBB ZFP36L2 ACTG1 APOBEC3G BANF1 BST2 C1orf35 CALM1 CD247 CD96 CDCA4 COX6C CXCR4 DDX3X EVL FCGR3A FIBP FKBP2 GIMAP7 HINT1 HNRNPK,TMSB4X B2M GNLY CCL5 H3F3B HLA-B GLTSCR2 FTH1 BTG1 CYBA FTL TPT1 GAPDH HLA-A HLA-C ITM2B LDHA PTMA RGCC TNKS2 UBE2B CALM2 FCER1G FGFBP2 MYL6 NFKBIA PIGC PPP1CA PRDX5 UBB ZFP36L2 ACTG1 APOBEC3G BANF1 BST2 C1orf35 CALM1 CD247 CD96 CDCA4 COX6C CXCR4 DDX3X EVL FCGR3A FIBP FKBP2 GIMAP7 HINT1 HNRNPK
intervention,gse96583:ctrl:107:AGGATGCTGGCAAG-1,AGGATGCTGGCAAG-1,107,107,ctrl,singlet,NK cells,0,NK_receptor_plus_cytotoxic,107:NK_receptor_plus_cytotoxic,2ccbc7d125cdbeac9ea2e0fa888781ccdb0d5747e6277a66a0c8ea9a12186588,924,NK_receptor_identity,1,FCGR3A,1,FCGR3A,3.11994003285,FKBP2,3.11994003285,2,0,0.0185277916875,1,1.18527791688,TMSB4X B2M GNLY CCL5 H3F3B HLA-B GLTSCR2 FTH1 BTG1 CYBA FTL TPT1 GAPDH HLA-A HLA-C ITM2B LDHA PTMA RGCC TNKS2 UBE2B CALM2 FCER1G FGFBP2 MYL6 NFKBIA PIGC PPP1CA PRDX5 UBB ZFP36L2 ACTG1 APOBEC3G BANF1 BST2 C1orf35 CALM1 CD247 CD96 CDCA4 COX6C CXCR4 DDX3X EVL FCGR3A FIBP FKBP2 GIMAP7 HINT1 HNRNPK,TMSB4X B2M GNLY CCL5 H3F3B HLA-B GLTSCR2 FTH1 BTG1 CYBA FTL TPT1 GAPDH HLA-A HLA-C ITM2B LDHA PTMA RGCC TNKS2 UBE2B CALM2 FCER1G FGFBP2 MYL6 NFKBIA PIGC PPP1CA PRDX5 UBB ZFP36L2 ACTG1 APOBEC3G BANF1 BST2 C1orf35 CALM1 CD247 CD96 CDCA4 COX6C CXCR4 DDX3X EVL MASKED_GENE FIBP FKBP2 GIMAP7 HINT1 HNRNPK,TMSB4X B2M GNLY CCL5 H3F3B HLA-B GLTSCR2 FTH1 BTG1 CYBA FTL TPT1 GAPDH HLA-A HLA-C ITM2B LDHA PTMA RGCC TNKS2 UBE2B CALM2 FCER1G FGFBP2 MYL6 NFKBIA PIGC PPP1CA PRDX5 UBB ZFP36L2 ACTG1 APOBEC3G BANF1 BST2 C1orf35 CALM1 CD247 CD96 CDCA4 COX6C CXCR4 DDX3X EVL FCGR3A FIBP MASKED_GENE GIMAP7 HINT1 HNRNPK
intervention,gse96583:ctrl:107:AGGATGCTGGCAAG-1,AGGATGCTGGCAAG-1,107,107,ctrl,singlet,NK cells,0,NK_receptor_plus_cytotoxic,107:NK_receptor_plus_cytotoxic,2ccbc7d125cdbeac9ea2e0fa888781ccdb0d5747e6277a66a0c8ea9a12186588,924,cytotoxic_effector,1,GNLY;CCL5;FGFBP2,3,GNLY,5.47686195831,H3F3B,4.58906720008,2,0.887794758234,0.182273410115,1,4.59832361762,TMSB4X B2M GNLY CCL5 H3F3B HLA-B GLTSCR2 FTH1 BTG1 CYBA FTL TPT1 GAPDH HLA-A HLA-C ITM2B LDHA PTMA RGCC TNKS2 UBE2B CALM2 FCER1G FGFBP2 MYL6 NFKBIA PIGC PPP1CA PRDX5 UBB ZFP36L2 ACTG1 APOBEC3G BANF1 BST2 C1orf35 CALM1 CD247 CD96 CDCA4 COX6C CXCR4 DDX3X EVL FCGR3A FIBP FKBP2 GIMAP7 HINT1 HNRNPK,TMSB4X B2M MASKED_GENE CCL5 H3F3B HLA-B GLTSCR2 FTH1 BTG1 CYBA FTL TPT1 GAPDH HLA-A HLA-C ITM2B LDHA PTMA RGCC TNKS2 UBE2B CALM2 FCER1G FGFBP2 MYL6 NFKBIA PIGC PPP1CA PRDX5 UBB ZFP36L2 ACTG1 APOBEC3G BANF1 BST2 C1orf35 CALM1 CD247 CD96 CDCA4 COX6C CXCR4 DDX3X EVL FCGR3A FIBP FKBP2 GIMAP7 HINT1 HNRNPK,TMSB4X B2M GNLY CCL5 MASKED_GENE HLA-B GLTSCR2 FTH1 BTG1 CYBA FTL TPT1 GAPDH HLA-A HLA-C ITM2B LDHA PTMA RGCC TNKS2 UBE2B CALM2 FCER1G FGFBP2 MYL6 NFKBIA PIGC PPP1CA PRDX5 UBB ZFP36L2 ACTG1 APOBEC3G BANF1 BST2 C1orf35 CALM1 CD247 CD96 CDCA4 COX6C CXCR4 DDX3X EVL FCGR3A FIBP FKBP2 GIMAP7 HINT1 HNRNPK
base,gse96583:ctrl:107:ACGCCTTGGGAAGC-1,ACGCCTTGGGAAGC-1,107,107,ctrl,singlet,NK cells,0,NK_receptor_plus_cytotoxic,107:NK_receptor_plus_cytotoxic,34645942f2d67955ab5952f76fc5fba04e95339ce2e9184561e69bd71d02e532,897,none,0,,0,,,,,,,,,,B2M TMSB4X GNLY HLA-B NDUFAF6 GNG5 EIF1 HLA-A HLA-C PTMA CCL5 H3F3B PFDN5 BTF3 CD44 KLRC1 LSP1 NACA NKG7 RAMP1 ANAPC16 BTG1 CALM2 CGGBP1 COX5B EEF1A1 EEF1D GNB2L1 HLA-E HNRNPA1 IER2 IFITM2 ISY1 MAFF NCOR1 OAZ1 PDIA6 RAD9A RNPEPL1 SEPW1 SET TPT1 UBA52 VIM ZNF259 ABCC5 ABHD3 ABRACL ACAD9 ACAT2,B2M TMSB4X GNLY HLA-B NDUFAF6 GNG5 EIF1 HLA-A HLA-C PTMA CCL5 H3F3B PFDN5 BTF3 CD44 KLRC1 LSP1 NACA NKG7 RAMP1 ANAPC16 BTG1 CALM2 CGGBP1 COX5B EEF1A1 EEF1D GNB2L1 HLA-E HNRNPA1 IER2 IFITM2 ISY1 MAFF NCOR1 OAZ1 PDIA6 RAD9A RNPEPL1 SEPW1 SET TPT1 UBA52 VIM ZNF259 ABCC5 ABHD3 ABRACL ACAD9 ACAT2,B2M TMSB4X GNLY HLA-B NDUFAF6 GNG5 EIF1 HLA-A HLA-C PTMA CCL5 H3F3B PFDN5 BTF3 CD44 KLRC1 LSP1 NACA NKG7 RAMP1 ANAPC16 BTG1 CALM2 CGGBP1 COX5B EEF1A1 EEF1D GNB2L1 HLA-E HNRNPA1 IER2 IFITM2 ISY1 MAFF NCOR1 OAZ1 PDIA6 RAD9A RNPEPL1 SEPW1 SET TPT1 UBA52 VIM ZNF259 ABCC5 ABHD3 ABRACL ACAD9 ACAT2
intervention,gse96583:ctrl:107:ACGCCTTGGGAAGC-1,ACGCCTTGGGAAGC-1,107,107,ctrl,singlet,NK cells,0,NK_receptor_plus_cytotoxic,107:NK_receptor_plus_cytotoxic,34645942f2d67955ab5952f76fc5fba04e95339ce2e9184561e69bd71d02e532,897,NK_receptor_identity,1,KLRC1,1,KLRC1,3.53935850874,LSP1,3.53935850874,1,0,0.0120180270406,1,0.786846937072,B2M TMSB4X GNLY HLA-B NDUFAF6 GNG5 EIF1 HLA-A HLA-C PTMA CCL5 H3F3B PFDN5 BTF3 CD44 KLRC1 LSP1 NACA NKG7 RAMP1 ANAPC16 BTG1 CALM2 CGGBP1 COX5B EEF1A1 EEF1D GNB2L1 HLA-E HNRNPA1 IER2 IFITM2 ISY1 MAFF NCOR1 OAZ1 PDIA6 RAD9A RNPEPL1 SEPW1 SET TPT1 UBA52 VIM ZNF259 ABCC5 ABHD3 ABRACL ACAD9 ACAT2,B2M TMSB4X GNLY HLA-B NDUFAF6 GNG5 EIF1 HLA-A HLA-C PTMA CCL5 H3F3B PFDN5 BTF3 CD44 MASKED_GENE LSP1 NACA NKG7 RAMP1 ANAPC16 BTG1 CALM2 CGGBP1 COX5B EEF1A1 EEF1D GNB2L1 HLA-E HNRNPA1 IER2 IFITM2 ISY1 MAFF NCOR1 OAZ1 PDIA6 RAD9A RNPEPL1 SEPW1 SET TPT1 UBA52 VIM ZNF259 ABCC5 ABHD3 ABRACL ACAD9 ACAT2,B2M TMSB4X GNLY HLA-B NDUFAF6 GNG5 EIF1 HLA-A HLA-C PTMA CCL5 H3F3B PFDN5 BTF3 CD44 KLRC1 MASKED_GENE NACA NKG7 RAMP1 ANAPC16 BTG1 CALM2 CGGBP1 COX5B EEF1A1 EEF1D GNB2L1 HLA-E HNRNPA1 IER2 IFITM2 ISY1 MAFF NCOR1 OAZ1 PDIA6 RAD9A RNPEPL1 SEPW1 SET TPT1 UBA52 VIM ZNF259 ABCC5 ABHD3 ABRACL ACAD9 ACAT2
intervention,gse96583:ctrl:107:ACGCCTTGGGAAGC-1,ACGCCTTGGGAAGC-1,107,107,ctrl,singlet,NK cells,0,NK_receptor_plus_cytotoxic,107:NK_receptor_plus_cytotoxic,34645942f2d67955ab5952f76fc5fba04e95339ce2e9184561e69bd71d02e532,897,cytotoxic_effector,1,GNLY;CCL5;NKG7,3,GNLY,5.3604334325,EIF1,4.72279961143,4,0.637633821065,0.129193790686,0,3.90053888232,B2M TMSB4X GNLY HLA-B NDUFAF6 GNG5 EIF1 HLA-A HLA-C PTMA CCL5 H3F3B PFDN5 BTF3 CD44 KLRC1 LSP1 NACA NKG7 RAMP1 ANAPC16 BTG1 CALM2 CGGBP1 COX5B EEF1A1 EEF1D GNB2L1 HLA-E HNRNPA1 IER2 IFITM2 ISY1 MAFF NCOR1 OAZ1 PDIA6 RAD9A RNPEPL1 SEPW1 SET TPT1 UBA52 VIM ZNF259 ABCC5 ABHD3 ABRACL ACAD9 ACAT2,B2M TMSB4X MASKED_GENE HLA-B NDUFAF6 GNG5 EIF1 HLA-A HLA-C PTMA CCL5 H3F3B PFDN5 BTF3 CD44 KLRC1 LSP1 NACA NKG7 RAMP1 ANAPC16 BTG1 CALM2 CGGBP1 COX5B EEF1A1 EEF1D GNB2L1 HLA-E HNRNPA1 IER2 IFITM2 ISY1 MAFF NCOR1 OAZ1 PDIA6 RAD9A RNPEPL1 SEPW1 SET TPT1 UBA52 VIM ZNF259 ABCC5 ABHD3 ABRACL ACAD9 ACAT2,B2M TMSB4X GNLY HLA-B NDUFAF6 GNG5 MASKED_GENE HLA-A HLA-C PTMA CCL5 H3F3B PFDN5 BTF3 CD44 KLRC1 LSP1 NACA NKG7 RAMP1 ANAPC16 BTG1 CALM2 CGGBP1 COX5B EEF1A1 EEF1D GNB2L1 HLA-E HNRNPA1 IER2 IFITM2 ISY1 MAFF NCOR1 OAZ1 PDIA6 RAD9A RNPEPL1 SEPW1 SET TPT1 UBA52 VIM ZNF259 ABCC5 ABHD3 ABRACL ACAD9 ACAT2
base,gse96583:ctrl:107:CCTTAATGTCCGAA-1,CCTTAATGTCCGAA-1,107,107,ctrl,singlet,NK cells,0,NK_receptor_plus_cytotoxic,107:NK_receptor_plus_cytotoxic,541cb80f24007e50530beeeaffe15e6110dcdbb9a94f7eff257cf7b1dd140939,1180,none,0,,0,,,,,,,,,,GNLY TMSB4X B2M HLA-B FTH1 HLA-A CXCR4 CD74 BIRC3 H3F3B HLA-C NKG7 PTMA CTSW DDIT4 TMEM66 APOBEC3G C1orf43 DNPH1 FAU FTL GNB2L1 HCST HNRNPK KLRC1 MSN MYL12B PARK7 SNRNP35 TPT1 UBB YARS ANAPC15 AP2M1 ARF1 ATG4A BTG1 C14orf166 C15orf48 C9orf89 CCL5 CD63 CLIC3 COPS4 COX4I1 COX6B1 CYBA DDX18 EEF1A1 EIF1,GNLY TMSB4X B2M HLA-B FTH1 HLA-A CXCR4 CD74 BIRC3 H3F3B HLA-C NKG7 PTMA CTSW DDIT4 TMEM66 APOBEC3G C1orf43 DNPH1 FAU FTL GNB2L1 HCST HNRNPK KLRC1 MSN MYL12B PARK7 SNRNP35 TPT1 UBB YARS ANAPC15 AP2M1 ARF1 ATG4A BTG1 C14orf166 C15orf48 C9orf89 CCL5 CD63 CLIC3 COPS4 COX4I1 COX6B1 CYBA DDX18 EEF1A1 EIF1,GNLY TMSB4X B2M HLA-B FTH1 HLA-A CXCR4 CD74 BIRC3 H3F3B HLA-C NKG7 PTMA CTSW DDIT4 TMEM66 APOBEC3G C1orf43 DNPH1 FAU FTL GNB2L1 HCST HNRNPK KLRC1 MSN MYL12B PARK7 SNRNP35 TPT1 UBB YARS ANAPC15 AP2M1 ARF1 ATG4A BTG1 C14orf166 C15orf48 C9orf89 CCL5 CD63 CLIC3 COPS4 COX4I1 COX6B1 CYBA DDX18 EEF1A1 EIF1
intervention,gse96583:ctrl:107:CCTTAATGTCCGAA-1,CCTTAATGTCCGAA-1,107,107,ctrl,singlet,NK cells,0,NK_receptor_plus_cytotoxic,107:NK_receptor_plus_cytotoxic,541cb80f24007e50530beeeaffe15e6110dcdbb9a94f7eff257cf7b1dd140939,1180,NK_receptor_identity,1,KLRC1,1,KLRC1,3.27426242515,HNRNPK,3.27426242515,1,0,0.0185277916875,1,0.851944583542,GNLY TMSB4X B2M HLA-B FTH1 HLA-A CXCR4 CD74 BIRC3 H3F3B HLA-C NKG7 PTMA CTSW DDIT4 TMEM66 APOBEC3G C1orf43 DNPH1 FAU FTL GNB2L1 HCST HNRNPK KLRC1 MSN MYL12B PARK7 SNRNP35 TPT1 UBB YARS ANAPC15 AP2M1 ARF1 ATG4A BTG1 C14orf166 C15orf48 C9orf89 CCL5 CD63 CLIC3 COPS4 COX4I1 COX6B1 CYBA DDX18 EEF1A1 EIF1,GNLY TMSB4X B2M HLA-B FTH1 HLA-A CXCR4 CD74 BIRC3 H3F3B HLA-C NKG7 PTMA CTSW DDIT4 TMEM66 APOBEC3G C1orf43 DNPH1 FAU FTL GNB2L1 HCST HNRNPK MASKED_GENE MSN MYL12B PARK7 SNRNP35 TPT1 UBB YARS ANAPC15 AP2M1 ARF1 ATG4A BTG1 C14orf166 C15orf48 C9orf89 CCL5 CD63 CLIC3 COPS4 COX4I1 COX6B1 CYBA DDX18 EEF1A1 EIF1,GNLY TMSB4X B2M HLA-B FTH1 HLA-A CXCR4 CD74 BIRC3 H3F3B HLA-C NKG7 PTMA CTSW DDIT4 TMEM66 APOBEC3G C1orf43 DNPH1 FAU FTL GNB2L1 HCST MASKED_GENE KLRC1 MSN MYL12B PARK7 SNRNP35 TPT1 UBB YARS ANAPC15 AP2M1 ARF1 ATG4A BTG1 C14orf166 C15orf48 C9orf89 CCL5 CD63 CLIC3 COPS4 COX4I1 COX6B1 CYBA DDX18 EEF1A1 EIF1
intervention,gse96583:ctrl:107:CCTTAATGTCCGAA-1,CCTTAATGTCCGAA-1,107,107,ctrl,singlet,NK cells,0,NK_receptor_plus_cytotoxic,107:NK_receptor_plus_cytotoxic,541cb80f24007e50530beeeaffe15e6110dcdbb9a94f7eff257cf7b1dd140939,1180,cytotoxic_effector,1,GNLY;NKG7;CTSW;CCL5,4,GNLY,6.31327166321,TMSB4X,5.98972574814,1,0.323545915071,0.396594892339,2,5.61304075353,GNLY TMSB4X B2M HLA-B FTH1 HLA-A CXCR4 CD74 BIRC3 H3F3B HLA-C NKG7 PTMA CTSW DDIT4 TMEM66 APOBEC3G C1orf43 DNPH1 FAU FTL GNB2L1 HCST HNRNPK KLRC1 MSN MYL12B PARK7 SNRNP35 TPT1 UBB YARS ANAPC15 AP2M1 ARF1 ATG4A BTG1 C14orf166 C15orf48 C9orf89 CCL5 CD63 CLIC3 COPS4 COX4I1 COX6B1 CYBA DDX18 EEF1A1 EIF1,MASKED_GENE TMSB4X B2M HLA-B FTH1 HLA-A CXCR4 CD74 BIRC3 H3F3B HLA-C NKG7 PTMA CTSW DDIT4 TMEM66 APOBEC3G C1orf43 DNPH1 FAU FTL GNB2L1 HCST HNRNPK KLRC1 MSN MYL12B PARK7 SNRNP35 TPT1 UBB YARS ANAPC15 AP2M1 ARF1 ATG4A BTG1 C14orf166 C15orf48 C9orf89 CCL5 CD63 CLIC3 COPS4 COX4I1 COX6B1 CYBA DDX18 EEF1A1 EIF1,GNLY MASKED_GENE B2M HLA-B FTH1 HLA-A CXCR4 CD74 BIRC3 H3F3B HLA-C NKG7 PTMA CTSW DDIT4 TMEM66 APOBEC3G C1orf43 DNPH1 FAU FTL GNB2L1 HCST HNRNPK KLRC1 MSN MYL12B PARK7 SNRNP35 TPT1 UBB YARS ANAPC15 AP2M1 ARF1 ATG4A BTG1 C14orf166 C15orf48 C9orf89 CCL5 CD63 CLIC3 COPS4 COX4I1 COX6B1 CYBA DDX18 EEF1A1 EIF1
base,gse96583:ctrl:1015:TGTGAGACATTCCT-1,TGTGAGACATTCCT-1,1015,1015,ctrl,singlet,CD8 T cells,1,T_plus_cytotoxic,1015:T_plus_cytotoxic,015178c8d98990eeada7bd011883062cb09bb56ce271b8780256d2b9fea2b0ea,1560,none,0,,0,,,,,,,,,,FTH1 TMSB4X B2M HLA-B HLA-C GNLY PABPC1 FAU GNB2L1 HLA-A H3F3B UBC BTG1 CREM GAPDH PTMA CST7 FTL HLA-E UBA52 EIF1 EMC4 EMP3 JAK1 LDHA NPM1 SRGN SSR2 ZFP36 BTF3 CD3D DDX18 EEF2 ERH HINT1 NHP2L1 NOP10 OAZ1 PFDN5 PLP2 S100A11 SERF2 SUMO1 VAMP8 VIM YWHAB ZNF33A ACBD6 ACTB ALDOA,FTH1 TMSB4X B2M HLA-B HLA-C GNLY PABPC1 FAU GNB2L1 HLA-A H3F3B UBC BTG1 CREM GAPDH PTMA CST7 FTL HLA-E UBA52 EIF1 EMC4 EMP3 JAK1 LDHA NPM1 SRGN SSR2 ZFP36 BTF3 CD3D DDX18 EEF2 ERH HINT1 NHP2L1 NOP10 OAZ1 PFDN5 PLP2 S100A11 SERF2 SUMO1 VAMP8 VIM YWHAB ZNF33A ACBD6 ACTB ALDOA,FTH1 TMSB4X B2M HLA-B HLA-C GNLY PABPC1 FAU GNB2L1 HLA-A H3F3B UBC BTG1 CREM GAPDH PTMA CST7 FTL HLA-E UBA52 EIF1 EMC4 EMP3 JAK1 LDHA NPM1 SRGN SSR2 ZFP36 BTF3 CD3D DDX18 EEF2 ERH HINT1 NHP2L1 NOP10 OAZ1 PFDN5 PLP2 S100A11 SERF2 SUMO1 VAMP8 VIM YWHAB ZNF33A ACBD6 ACTB ALDOA
intervention,gse96583:ctrl:1015:TGTGAGACATTCCT-1,TGTGAGACATTCCT-1,1015,1015,ctrl,singlet,CD8 T cells,1,T_plus_cytotoxic,1015:T_plus_cytotoxic,015178c8d98990eeada7bd011883062cb09bb56ce271b8780256d2b9fea2b0ea,1560,T_TCR_CD8,1,CD3D,1,CD3D,3.00720467472,EEF2,3.00720467472,2,0,0.109664496745,0,1.76331163412,FTH1 TMSB4X B2M HLA-B HLA-C GNLY PABPC1 FAU GNB2L1 HLA-A H3F3B UBC BTG1 CREM GAPDH PTMA CST7 FTL HLA-E UBA52 EIF1 EMC4 EMP3 JAK1 LDHA NPM1 SRGN SSR2 ZFP36 BTF3 CD3D DDX18 EEF2 ERH HINT1 NHP2L1 NOP10 OAZ1 PFDN5 PLP2 S100A11 SERF2 SUMO1 VAMP8 VIM YWHAB ZNF33A ACBD6 ACTB ALDOA,FTH1 TMSB4X B2M HLA-B HLA-C GNLY PABPC1 FAU GNB2L1 HLA-A H3F3B UBC BTG1 CREM GAPDH PTMA CST7 FTL HLA-E UBA52 EIF1 EMC4 EMP3 JAK1 LDHA NPM1 SRGN SSR2 ZFP36 BTF3 MASKED_GENE DDX18 EEF2 ERH HINT1 NHP2L1 NOP10 OAZ1 PFDN5 PLP2 S100A11 SERF2 SUMO1 VAMP8 VIM YWHAB ZNF33A ACBD6 ACTB ALDOA,FTH1 TMSB4X B2M HLA-B HLA-C GNLY PABPC1 FAU GNB2L1 HLA-A H3F3B UBC BTG1 CREM GAPDH PTMA CST7 FTL HLA-E UBA52 EIF1 EMC4 EMP3 JAK1 LDHA NPM1 SRGN SSR2 ZFP36 BTF3 CD3D DDX18 MASKED_GENE ERH HINT1 NHP2L1 NOP10 OAZ1 PFDN5 PLP2 S100A11 SERF2 SUMO1 VAMP8 VIM YWHAB ZNF33A ACBD6 ACTB ALDOA
intervention,gse96583:ctrl:1015:TGTGAGACATTCCT-1,TGTGAGACATTCCT-1,1015,1015,ctrl,singlet,CD8 T cells,1,T_plus_cytotoxic,1015:T_plus_cytotoxic,015178c8d98990eeada7bd011883062cb09bb56ce271b8780256d2b9fea2b0ea,1560,cytotoxic_effector,1,GNLY,1,GNLY,4.17596393558,HLA-C,4.2698767415,1,0.0939128059228,0.308462694041,1,3.93911921892,FTH1 TMSB4X B2M HLA-B HLA-C GNLY PABPC1 FAU GNB2L1 HLA-A H3F3B UBC BTG1 CREM GAPDH PTMA CST7 FTL HLA-E UBA52 EIF1 EMC4 EMP3 JAK1 LDHA NPM1 SRGN SSR2 ZFP36 BTF3 CD3D DDX18 EEF2 ERH HINT1 NHP2L1 NOP10 OAZ1 PFDN5 PLP2 S100A11 SERF2 SUMO1 VAMP8 VIM YWHAB ZNF33A ACBD6 ACTB ALDOA,FTH1 TMSB4X B2M HLA-B HLA-C MASKED_GENE PABPC1 FAU GNB2L1 HLA-A H3F3B UBC BTG1 CREM GAPDH PTMA CST7 FTL HLA-E UBA52 EIF1 EMC4 EMP3 JAK1 LDHA NPM1 SRGN SSR2 ZFP36 BTF3 CD3D DDX18 EEF2 ERH HINT1 NHP2L1 NOP10 OAZ1 PFDN5 PLP2 S100A11 SERF2 SUMO1 VAMP8 VIM YWHAB ZNF33A ACBD6 ACTB ALDOA,FTH1 TMSB4X B2M HLA-B MASKED_GENE GNLY PABPC1 FAU GNB2L1 HLA-A H3F3B UBC BTG1 CREM GAPDH PTMA CST7 FTL HLA-E UBA52 EIF1 EMC4 EMP3 JAK1 LDHA NPM1 SRGN SSR2 ZFP36 BTF3 CD3D DDX18 EEF2 ERH HINT1 NHP2L1 NOP10 OAZ1 PFDN5 PLP2 S100A11 SERF2 SUMO1 VAMP8 VIM YWHAB ZNF33A ACBD6 ACTB ALDOA
base,gse96583:ctrl:1015:ACCGCGGATGGTGT-1,ACCGCGGATGGTGT-1,1015,1015,ctrl,singlet,CD8 T cells,1,T_plus_cytotoxic,1015:T_plus_cytotoxic,0731769c61212208a73644a1125014091aca69fe7e1face52b4a0eae865feb1e,815,none,0,,0,,,,,,,,,,B2M TMSB4X H3F3B HLA-C HLA-B PTMA CCL5 HLA-A ANXA1 CD8B OAZ1 CD74 FTH1 SRGN CD2 CD3D EEF1D FTL GAPDH MYL12A MYL12B NACA NPM1 RARRES3 SNRPD2 TGIF1 TPT1 XRN1 ABI3 ARPC2 BTF3 BTG1 C4orf3 CD44 CD8A CFL1 COQ10B COTL1 GPBP1 HSP90AA1 LMAN2 MYL6 NDUFV2 PARP1 PELP1 PFN1 PPDPF PPIB PSMA7 SERF2,B2M TMSB4X H3F3B HLA-C HLA-B PTMA CCL5 HLA-A ANXA1 CD8B OAZ1 CD74 FTH1 SRGN CD2 CD3D EEF1D FTL GAPDH MYL12A MYL12B NACA NPM1 RARRES3 SNRPD2 TGIF1 TPT1 XRN1 ABI3 ARPC2 BTF3 BTG1 C4orf3 CD44 CD8A CFL1 COQ10B COTL1 GPBP1 HSP90AA1 LMAN2 MYL6 NDUFV2 PARP1 PELP1 PFN1 PPDPF PPIB PSMA7 SERF2,B2M TMSB4X H3F3B HLA-C HLA-B PTMA CCL5 HLA-A ANXA1 CD8B OAZ1 CD74 FTH1 SRGN CD2 CD3D EEF1D FTL GAPDH MYL12A MYL12B NACA NPM1 RARRES3 SNRPD2 TGIF1 TPT1 XRN1 ABI3 ARPC2 BTF3 BTG1 C4orf3 CD44 CD8A CFL1 COQ10B COTL1 GPBP1 HSP90AA1 LMAN2 MYL6 NDUFV2 PARP1 PELP1 PFN1 PPDPF PPIB PSMA7 SERF2
intervention,gse96583:ctrl:1015:ACCGCGGATGGTGT-1,ACCGCGGATGGTGT-1,1015,1015,ctrl,singlet,CD8 T cells,1,T_plus_cytotoxic,1015:T_plus_cytotoxic,0731769c61212208a73644a1125014091aca69fe7e1face52b4a0eae865feb1e,815,T_TCR_CD8,1,CD8B;CD3D;CD8A,3,CD8B,4.13275875233,CD74,3.91361682664,2,0.219141925686,0.105658487732,0,2.16153539536,B2M TMSB4X H3F3B HLA-C HLA-B PTMA CCL5 HLA-A ANXA1 CD8B OAZ1 CD74 FTH1 SRGN CD2 CD3D EEF1D FTL GAPDH MYL12A MYL12B NACA NPM1 RARRES3 SNRPD2 TGIF1 TPT1 XRN1 ABI3 ARPC2 BTF3 BTG1 C4orf3 CD44 CD8A CFL1 COQ10B COTL1 GPBP1 HSP90AA1 LMAN2 MYL6 NDUFV2 PARP1 PELP1 PFN1 PPDPF PPIB PSMA7 SERF2,B2M TMSB4X H3F3B HLA-C HLA-B PTMA CCL5 HLA-A ANXA1 MASKED_GENE OAZ1 CD74 FTH1 SRGN CD2 CD3D EEF1D FTL GAPDH MYL12A MYL12B NACA NPM1 RARRES3 SNRPD2 TGIF1 TPT1 XRN1 ABI3 ARPC2 BTF3 BTG1 C4orf3 CD44 CD8A CFL1 COQ10B COTL1 GPBP1 HSP90AA1 LMAN2 MYL6 NDUFV2 PARP1 PELP1 PFN1 PPDPF PPIB PSMA7 SERF2,B2M TMSB4X H3F3B HLA-C HLA-B PTMA CCL5 HLA-A ANXA1 CD8B OAZ1 MASKED_GENE FTH1 SRGN CD2 CD3D EEF1D FTL GAPDH MYL12A MYL12B NACA NPM1 RARRES3 SNRPD2 TGIF1 TPT1 XRN1 ABI3 ARPC2 BTF3 BTG1 C4orf3 CD44 CD8A CFL1 COQ10B COTL1 GPBP1 HSP90AA1 LMAN2 MYL6 NDUFV2 PARP1 PELP1 PFN1 PPDPF PPIB PSMA7 SERF2
intervention,gse96583:ctrl:1015:ACCGCGGATGGTGT-1,ACCGCGGATGGTGT-1,1015,1015,ctrl,singlet,CD8 T cells,1,T_plus_cytotoxic,1015:T_plus_cytotoxic,0731769c61212208a73644a1125014091aca69fe7e1face52b4a0eae865feb1e,815,cytotoxic_effector,1,CCL5,1,CCL5,4.31240363481,PTMA,4.5967297576,1,0.284326122791,0.105658487732,0,1.95857045623,B2M TMSB4X H3F3B HLA-C HLA-B PTMA CCL5 HLA-A ANXA1 CD8B OAZ1 CD74 FTH1 SRGN CD2 CD3D EEF1D FTL GAPDH MYL12A MYL12B NACA NPM1 RARRES3 SNRPD2 TGIF1 TPT1 XRN1 ABI3 ARPC2 BTF3 BTG1 C4orf3 CD44 CD8A CFL1 COQ10B COTL1 GPBP1 HSP90AA1 LMAN2 MYL6 NDUFV2 PARP1 PELP1 PFN1 PPDPF PPIB PSMA7 SERF2,B2M TMSB4X H3F3B HLA-C HLA-B PTMA MASKED_GENE HLA-A ANXA1 CD8B OAZ1 CD74 FTH1 SRGN CD2 CD3D EEF1D FTL GAPDH MYL12A MYL12B NACA NPM1 RARRES3 SNRPD2 TGIF1 TPT1 XRN1 ABI3 ARPC2 BTF3 BTG1 C4orf3 CD44 CD8A CFL1 COQ10B COTL1 GPBP1 HSP90AA1 LMAN2 MYL6 NDUFV2 PARP1 PELP1 PFN1 PPDPF PPIB PSMA7 SERF2,B2M TMSB4X H3F3B HLA-C HLA-B MASKED_GENE CCL5 HLA-A ANXA1 CD8B OAZ1 CD74 FTH1 SRGN CD2 CD3D EEF1D FTL GAPDH MYL12A MYL12B NACA NPM1 RARRES3 SNRPD2 TGIF1 TPT1 XRN1 ABI3 ARPC2 BTF3 BTG1 C4orf3 CD44 CD8A CFL1 COQ10B COTL1 GPBP1 HSP90AA1 LMAN2 MYL6 NDUFV2 PARP1 PELP1 PFN1 PPDPF PPIB PSMA7 SERF2
base,gse96583:ctrl:1015:TCAATCACTTGAGC-1,TCAATCACTTGAGC-1,1015,1015,ctrl,singlet,CD8 T cells,1,T_plus_cytotoxic,1015:T_plus_cytotoxic,07ad5f8be472efc8287393cff2853c6a580a6a67eee4109623ae432d8fdb290e,1239,none,0,,0,,,,,,,,,,FTH1 B2M TMSB4X HLA-B HLA-A HLA-C CCL5 FTL PABPC1 LPXN PTPRC APOBEC3G PTMA TMEM66 CD3D COX4I1 H3F3B NOSIP ACTB BTF3 BTG1 C9orf156 EEF1A1 ELAVL1 HLA-E MYL12B NKG7 PFN1 RP11-138A9.1 RP11-349A22.5 SH3BGRL3 SNRPD2 TPT1 UBC ZFAND5 ADRM1 ANAPC11 ANAPC16 ARPC2 ATP5B ATP6V0E1 CALM2 CAMK1D CD7 CDK2AP2 CLIC1 COPZ1 COX6C COX7C DPP3,FTH1 B2M TMSB4X HLA-B HLA-A HLA-C CCL5 FTL PABPC1 LPXN PTPRC APOBEC3G PTMA TMEM66 CD3D COX4I1 H3F3B NOSIP ACTB BTF3 BTG1 C9orf156 EEF1A1 ELAVL1 HLA-E MYL12B NKG7 PFN1 RP11-138A9.1 RP11-349A22.5 SH3BGRL3 SNRPD2 TPT1 UBC ZFAND5 ADRM1 ANAPC11 ANAPC16 ARPC2 ATP5B ATP6V0E1 CALM2 CAMK1D CD7 CDK2AP2 CLIC1 COPZ1 COX6C COX7C DPP3,FTH1 B2M TMSB4X HLA-B HLA-A HLA-C CCL5 FTL PABPC1 LPXN PTPRC APOBEC3G PTMA TMEM66 CD3D COX4I1 H3F3B NOSIP ACTB BTF3 BTG1 C9orf156 EEF1A1 ELAVL1 HLA-E MYL12B NKG7 PFN1 RP11-138A9.1 RP11-349A22.5 SH3BGRL3 SNRPD2 TPT1 UBC ZFAND5 ADRM1 ANAPC11 ANAPC16 ARPC2 ATP5B ATP6V0E1 CALM2 CAMK1D CD7 CDK2AP2 CLIC1 COPZ1 COX6C COX7C DPP3
intervention,gse96583:ctrl:1015:TCAATCACTTGAGC-1,TCAATCACTTGAGC-1,1015,1015,ctrl,singlet,CD8 T cells,1,T_plus_cytotoxic,1015:T_plus_cytotoxic,07ad5f8be472efc8287393cff2853c6a580a6a67eee4109623ae432d8fdb290e,1239,T_TCR_CD8,1,CD3D,1,CD3D,3.50507980791,TMEM66,3.90047963881,1,0.395399830907,0.0410615923886,2,2.2014155857,FTH1 B2M TMSB4X HLA-B HLA-A HLA-C CCL5 FTL PABPC1 LPXN PTPRC APOBEC3G PTMA TMEM66 CD3D COX4I1 H3F3B NOSIP ACTB BTF3 BTG1 C9orf156 EEF1A1 ELAVL1 HLA-E MYL12B NKG7 PFN1 RP11-138A9.1 RP11-349A22.5 SH3BGRL3 SNRPD2 TPT1 UBC ZFAND5 ADRM1 ANAPC11 ANAPC16 ARPC2 ATP5B ATP6V0E1 CALM2 CAMK1D CD7 CDK2AP2 CLIC1 COPZ1 COX6C COX7C DPP3,FTH1 B2M TMSB4X HLA-B HLA-A HLA-C CCL5 FTL PABPC1 LPXN PTPRC APOBEC3G PTMA TMEM66 MASKED_GENE COX4I1 H3F3B NOSIP ACTB BTF3 BTG1 C9orf156 EEF1A1 ELAVL1 HLA-E MYL12B NKG7 PFN1 RP11-138A9.1 RP11-349A22.5 SH3BGRL3 SNRPD2 TPT1 UBC ZFAND5 ADRM1 ANAPC11 ANAPC16 ARPC2 ATP5B ATP6V0E1 CALM2 CAMK1D CD7 CDK2AP2 CLIC1 COPZ1 COX6C COX7C DPP3,FTH1 B2M TMSB4X HLA-B HLA-A HLA-C CCL5 FTL PABPC1 LPXN PTPRC APOBEC3G PTMA MASKED_GENE CD3D COX4I1 H3F3B NOSIP ACTB BTF3 BTG1 C9orf156 EEF1A1 ELAVL1 HLA-E MYL12B NKG7 PFN1 RP11-138A9.1 RP11-349A22.5 SH3BGRL3 SNRPD2 TPT1 UBC ZFAND5 ADRM1 ANAPC11 ANAPC16 ARPC2 ATP5B ATP6V0E1 CALM2 CAMK1D CD7 CDK2AP2 CLIC1 COPZ1 COX6C COX7C DPP3
intervention,gse96583:ctrl:1015:TCAATCACTTGAGC-1,TCAATCACTTGAGC-1,1015,1015,ctrl,singlet,CD8 T cells,1,T_plus_cytotoxic,1015:T_plus_cytotoxic,07ad5f8be472efc8287393cff2853c6a580a6a67eee4109623ae432d8fdb290e,1239,cytotoxic_effector,1,CCL5;NKG7,2,CCL5,4.2991778346,FTL,4.2991778346,1,0,0.113169754632,1,1.79836421299,FTH1 B2M TMSB4X HLA-B HLA-A HLA-C CCL5 FTL PABPC1 LPXN PTPRC APOBEC3G PTMA TMEM66 CD3D COX4I1 H3F3B NOSIP ACTB BTF3 BTG1 C9orf156 EEF1A1 ELAVL1 HLA-E MYL12B NKG7 PFN1 RP11-138A9.1 RP11-349A22.5 SH3BGRL3 SNRPD2 TPT1 UBC ZFAND5 ADRM1 ANAPC11 ANAPC16 ARPC2 ATP5B ATP6V0E1 CALM2 CAMK1D CD7 CDK2AP2 CLIC1 COPZ1 COX6C COX7C DPP3,FTH1 B2M TMSB4X HLA-B HLA-A HLA-C MASKED_GENE FTL PABPC1 LPXN PTPRC APOBEC3G PTMA TMEM66 CD3D COX4I1 H3F3B NOSIP ACTB BTF3 BTG1 C9orf156 EEF1A1 ELAVL1 HLA-E MYL12B NKG7 PFN1 RP11-138A9.1 RP11-349A22.5 SH3BGRL3 SNRPD2 TPT1 UBC ZFAND5 ADRM1 ANAPC11 ANAPC16 ARPC2 ATP5B ATP6V0E1 CALM2 CAMK1D CD7 CDK2AP2 CLIC1 COPZ1 COX6C COX7C DPP3,FTH1 B2M TMSB4X HLA-B HLA-A HLA-C CCL5 MASKED_GENE PABPC1 LPXN PTPRC APOBEC3G PTMA TMEM66 CD3D COX4I1 H3F3B NOSIP ACTB BTF3 BTG1 C9orf156 EEF1A1 ELAVL1 HLA-E MYL12B NKG7 PFN1 RP11-138A9.1 RP11-349A22.5 SH3BGRL3 SNRPD2 TPT1 UBC ZFAND5 ADRM1 ANAPC11 ANAPC16 ARPC2 ATP5B ATP6V0E1 CALM2 CAMK1D CD7 CDK2AP2 CLIC1 COPZ1 COX6C COX7C DPP3
base,gse96583:ctrl:1015:GACATTCTGTCTTT-1,GACATTCTGTCTTT-1,1015,1015,ctrl,singlet,NK cells,0,T_plus_cytotoxic,1015:T_plus_cytotoxic,0b48797d210fdf1dd77075e6040431f9a7988c11c80758017638fe2a2df3a7a6,1079,none,0,,0,,,,,,,,,,B2M TMSB4X CCL5 NKG7 GNLY HLA-B HLA-A PTMA HLA-C CXCR4 CD2 OAZ1 RGCC TYROBP APOBEC3H ARL6IP4 ARPC2 BTF3 BTG1 C19orf43 CASP4 CD3D CD63 CPNE1 FAM49B FTH1 FTL GNB2L1 H3F3B HINT1 HLA-E LDHA LSP1 NACA PRDX6 TNFRSF18 ACTB ANXA1 BSG CCSER2 CD79B CIB1 CLDND1 CLIC1 COX4I1 COX6A1 CYBA DNPH1 EAF2 EEF1A1,B2M TMSB4X CCL5 NKG7 GNLY HLA-B HLA-A PTMA HLA-C CXCR4 CD2 OAZ1 RGCC TYROBP APOBEC3H ARL6IP4 ARPC2 BTF3 BTG1 C19orf43 CASP4 CD3D CD63 CPNE1 FAM49B FTH1 FTL GNB2L1 H3F3B HINT1 HLA-E LDHA LSP1 NACA PRDX6 TNFRSF18 ACTB ANXA1 BSG CCSER2 CD79B CIB1 CLDND1 CLIC1 COX4I1 COX6A1 CYBA DNPH1 EAF2 EEF1A1,B2M TMSB4X CCL5 NKG7 GNLY HLA-B HLA-A PTMA HLA-C CXCR4 CD2 OAZ1 RGCC TYROBP APOBEC3H ARL6IP4 ARPC2 BTF3 BTG1 C19orf43 CASP4 CD3D CD63 CPNE1 FAM49B FTH1 FTL GNB2L1 H3F3B HINT1 HLA-E LDHA LSP1 NACA PRDX6 TNFRSF18 ACTB ANXA1 BSG CCSER2 CD79B CIB1 CLDND1 CLIC1 COX4I1 COX6A1 CYBA DNPH1 EAF2 EEF1A1
intervention,gse96583:ctrl:1015:GACATTCTGTCTTT-1,GACATTCTGTCTTT-1,1015,1015,ctrl,singlet,NK cells,0,T_plus_cytotoxic,1015:T_plus_cytotoxic,0b48797d210fdf1dd77075e6040431f9a7988c11c80758017638fe2a2df3a7a6,1079,T_TCR_CD8,1,CD3D,1,CD3D,3.36049766367,CASP4,3.36049766367,1,0,0.20731096645,1,2.73977633116,B2M TMSB4X CCL5 NKG7 GNLY HLA-B HLA-A PTMA HLA-C CXCR4 CD2 OAZ1 RGCC TYROBP APOBEC3H ARL6IP4 ARPC2 BTF3 BTG1 C19orf43 CASP4 CD3D CD63 CPNE1 FAM49B FTH1 FTL GNB2L1 H3F3B HINT1 HLA-E LDHA LSP1 NACA PRDX6 TNFRSF18 ACTB ANXA1 BSG CCSER2 CD79B CIB1 CLDND1 CLIC1 COX4I1 COX6A1 CYBA DNPH1 EAF2 EEF1A1,B2M TMSB4X CCL5 NKG7 GNLY HLA-B HLA-A PTMA HLA-C CXCR4 CD2 OAZ1 RGCC TYROBP APOBEC3H ARL6IP4 ARPC2 BTF3 BTG1 C19orf43 CASP4 MASKED_GENE CD63 CPNE1 FAM49B FTH1 FTL GNB2L1 H3F3B HINT1 HLA-E LDHA LSP1 NACA PRDX6 TNFRSF18 ACTB ANXA1 BSG CCSER2 CD79B CIB1 CLDND1 CLIC1 COX4I1 COX6A1 CYBA DNPH1 EAF2 EEF1A1,B2M TMSB4X CCL5 NKG7 GNLY HLA-B HLA-A PTMA HLA-C CXCR4 CD2 OAZ1 RGCC TYROBP APOBEC3H ARL6IP4 ARPC2 BTF3 BTG1 C19orf43 MASKED_GENE CD3D CD63 CPNE1 FAM49B FTH1 FTL GNB2L1 H3F3B HINT1 HLA-E LDHA LSP1 NACA PRDX6 TNFRSF18 ACTB ANXA1 BSG CCSER2 CD79B CIB1 CLDND1 CLIC1 COX4I1 COX6A1 CYBA DNPH1 EAF2 EEF1A1
intervention,gse96583:ctrl:1015:GACATTCTGTCTTT-1,GACATTCTGTCTTT-1,1015,1015,ctrl,singlet,NK cells,0,T_plus_cytotoxic,1015:T_plus_cytotoxic,0b48797d210fdf1dd77075e6040431f9a7988c11c80758017638fe2a2df3a7a6,1079,cytotoxic_effector,1,CCL5;NKG7;GNLY,3,CCL5,5.52637560504,PTMA,4.4356925755,5,1.09068302954,0.105658487732,0,4.90461760306,B2M TMSB4X CCL5 NKG7 GNLY HLA-B HLA-A PTMA HLA-C CXCR4 CD2 OAZ1 RGCC TYROBP APOBEC3H ARL6IP4 ARPC2 BTF3 BTG1 C19orf43 CASP4 CD3D CD63 CPNE1 FAM49B FTH1 FTL GNB2L1 H3F3B HINT1 HLA-E LDHA LSP1 NACA PRDX6 TNFRSF18 ACTB ANXA1 BSG CCSER2 CD79B CIB1 CLDND1 CLIC1 COX4I1 COX6A1 CYBA DNPH1 EAF2 EEF1A1,B2M TMSB4X MASKED_GENE NKG7 GNLY HLA-B HLA-A PTMA HLA-C CXCR4 CD2 OAZ1 RGCC TYROBP APOBEC3H ARL6IP4 ARPC2 BTF3 BTG1 C19orf43 CASP4 CD3D CD63 CPNE1 FAM49B FTH1 FTL GNB2L1 H3F3B HINT1 HLA-E LDHA LSP1 NACA PRDX6 TNFRSF18 ACTB ANXA1 BSG CCSER2 CD79B CIB1 CLDND1 CLIC1 COX4I1 COX6A1 CYBA DNPH1 EAF2 EEF1A1,B2M TMSB4X CCL5 NKG7 GNLY HLA-B HLA-A MASKED_GENE HLA-C CXCR4 CD2 OAZ1 RGCC TYROBP APOBEC3H ARL6IP4 ARPC2 BTF3 BTG1 C19orf43 CASP4 CD3D CD63 CPNE1 FAM49B FTH1 FTL GNB2L1 H3F3B HINT1 HLA-E LDHA LSP1 NACA PRDX6 TNFRSF18 ACTB ANXA1 BSG CCSER2 CD79B CIB1 CLDND1 CLIC1 COX4I1 COX6A1 CYBA DNPH1 EAF2 EEF1A1
base,gse96583:ctrl:1015:CATTTGACATGTGC-1,CATTTGACATGTGC-1,1015,1015,ctrl,singlet,NK cells,0,NK_receptor_plus_cytotoxic,1015:NK_receptor_plus_cytotoxic,0c0ed051c7e67ec5b0e8e1db0ca37994ff58d8b94351fdded1814e181ec8738b,599,none,0,,0,,,,,,,,,,B2M TMSB4X AKR7A2 NKG7 GZMB HLA-A CCL5 FGFBP2 GNLY FTH1 H3F3B HLA-C ARHGDIB ARPC2 ARPC5 ATP6V1G1 BTN3A2 C9orf142 CCDC88C COX7C CYBA DERL2 DNPH1 EEF1A1 FCGR3A FTL GZMH HAVCR2 HMGB1 LDHA LINC-PINT LINC00938 NDUFAF3 NFKBIA OAZ1 PAIP2 PFN1 PRDX5 PTMA PYURF RWDD1 STK4 TIMP1 TMEM50A TRIM22 ABHD17B ABI3 AC093673.5 ACTB ACTG1,B2M TMSB4X AKR7A2 NKG7 GZMB HLA-A CCL5 FGFBP2 GNLY FTH1 H3F3B HLA-C ARHGDIB ARPC2 ARPC5 ATP6V1G1 BTN3A2 C9orf142 CCDC88C COX7C CYBA DERL2 DNPH1 EEF1A1 FCGR3A FTL GZMH HAVCR2 HMGB1 LDHA LINC-PINT LINC00938 NDUFAF3 NFKBIA OAZ1 PAIP2 PFN1 PRDX5 PTMA PYURF RWDD1 STK4 TIMP1 TMEM50A TRIM22 ABHD17B ABI3 AC093673.5 ACTB ACTG1,B2M TMSB4X AKR7A2 NKG7 GZMB HLA-A CCL5 FGFBP2 GNLY FTH1 H3F3B HLA-C ARHGDIB ARPC2 ARPC5 ATP6V1G1 BTN3A2 C9orf142 CCDC88C COX7C CYBA DERL2 DNPH1 EEF1A1 FCGR3A FTL GZMH HAVCR2 HMGB1 LDHA LINC-PINT LINC00938 NDUFAF3 NFKBIA OAZ1 PAIP2 PFN1 PRDX5 PTMA PYURF RWDD1 STK4 TIMP1 TMEM50A TRIM22 ABHD17B ABI3 AC093673.5 ACTB ACTG1
intervention,gse96583:ctrl:1015:CATTTGACATGTGC-1,CATTTGACATGTGC-1,1015,1015,ctrl,singlet,NK cells,0,NK_receptor_plus_cytotoxic,1015:NK_receptor_plus_cytotoxic,0c0ed051c7e67ec5b0e8e1db0ca37994ff58d8b94351fdded1814e181ec8738b,599,NK_receptor_identity,1,FCGR3A,1,FCGR3A,3.53773621179,DNPH1,3.53773621179,2,0,0.0245368052078,1,1.24536805208,B2M TMSB4X AKR7A2 NKG7 GZMB HLA-A CCL5 FGFBP2 GNLY FTH1 H3F3B HLA-C ARHGDIB ARPC2 ARPC5 ATP6V1G1 BTN3A2 C9orf142 CCDC88C COX7C CYBA DERL2 DNPH1 EEF1A1 FCGR3A FTL GZMH HAVCR2 HMGB1 LDHA LINC-PINT LINC00938 NDUFAF3 NFKBIA OAZ1 PAIP2 PFN1 PRDX5 PTMA PYURF RWDD1 STK4 TIMP1 TMEM50A TRIM22 ABHD17B ABI3 AC093673.5 ACTB ACTG1,B2M TMSB4X AKR7A2 NKG7 GZMB HLA-A CCL5 FGFBP2 GNLY FTH1 H3F3B HLA-C ARHGDIB ARPC2 ARPC5 ATP6V1G1 BTN3A2 C9orf142 CCDC88C COX7C CYBA DERL2 DNPH1 EEF1A1 MASKED_GENE FTL GZMH HAVCR2 HMGB1 LDHA LINC-PINT LINC00938 NDUFAF3 NFKBIA OAZ1 PAIP2 PFN1 PRDX5 PTMA PYURF RWDD1 STK4 TIMP1 TMEM50A TRIM22 ABHD17B ABI3 AC093673.5 ACTB ACTG1,B2M TMSB4X AKR7A2 NKG7 GZMB HLA-A CCL5 FGFBP2 GNLY FTH1 H3F3B HLA-C ARHGDIB ARPC2 ARPC5 ATP6V1G1 BTN3A2 C9orf142 CCDC88C COX7C CYBA DERL2 MASKED_GENE EEF1A1 FCGR3A FTL GZMH HAVCR2 HMGB1 LDHA LINC-PINT LINC00938 NDUFAF3 NFKBIA OAZ1 PAIP2 PFN1 PRDX5 PTMA PYURF RWDD1 STK4 TIMP1 TMEM50A TRIM22 ABHD17B ABI3 AC093673.5 ACTB ACTG1
intervention,gse96583:ctrl:1015:CATTTGACATGTGC-1,CATTTGACATGTGC-1,1015,1015,ctrl,singlet,NK cells,0,NK_receptor_plus_cytotoxic,1015:NK_receptor_plus_cytotoxic,0c0ed051c7e67ec5b0e8e1db0ca37994ff58d8b94351fdded1814e181ec8738b,599,cytotoxic_effector,1,NKG7;GZMB;CCL5;FGFBP2;GNLY;GZMH,6,NKG7,5.12363599813,HLA-A,4.61677207216,2,0.506863925969,0.311967951928,1,5.13340737122,B2M TMSB4X AKR7A2 NKG7 GZMB HLA-A CCL5 FGFBP2 GNLY FTH1 H3F3B HLA-C ARHGDIB ARPC2 ARPC5 ATP6V1G1 BTN3A2 C9orf142 CCDC88C COX7C CYBA DERL2 DNPH1 EEF1A1 FCGR3A FTL GZMH HAVCR2 HMGB1 LDHA LINC-PINT LINC00938 NDUFAF3 NFKBIA OAZ1 PAIP2 PFN1 PRDX5 PTMA PYURF RWDD1 STK4 TIMP1 TMEM50A TRIM22 ABHD17B ABI3 AC093673.5 ACTB ACTG1,B2M TMSB4X AKR7A2 MASKED_GENE GZMB HLA-A CCL5 FGFBP2 GNLY FTH1 H3F3B HLA-C ARHGDIB ARPC2 ARPC5 ATP6V1G1 BTN3A2 C9orf142 CCDC88C COX7C CYBA DERL2 DNPH1 EEF1A1 FCGR3A FTL GZMH HAVCR2 HMGB1 LDHA LINC-PINT LINC00938 NDUFAF3 NFKBIA OAZ1 PAIP2 PFN1 PRDX5 PTMA PYURF RWDD1 STK4 TIMP1 TMEM50A TRIM22 ABHD17B ABI3 AC093673.5 ACTB ACTG1,B2M TMSB4X AKR7A2 NKG7 GZMB MASKED_GENE CCL5 FGFBP2 GNLY FTH1 H3F3B HLA-C ARHGDIB ARPC2 ARPC5 ATP6V1G1 BTN3A2 C9orf142 CCDC88C COX7C CYBA DERL2 DNPH1 EEF1A1 FCGR3A FTL GZMH HAVCR2 HMGB1 LDHA LINC-PINT LINC00938 NDUFAF3 NFKBIA OAZ1 PAIP2 PFN1 PRDX5 PTMA PYURF RWDD1 STK4 TIMP1 TMEM50A TRIM22 ABHD17B ABI3 AC093673.5 ACTB ACTG1
base,gse96583:ctrl:1015:CCAATGGACCTTTA-1,CCAATGGACCTTTA-1,1015,1015,ctrl,singlet,NK cells,0,NK_receptor_plus_cytotoxic,1015:NK_receptor_plus_cytotoxic,1524f8e18bca50d20742dd14ef88662ff78910aec81105b06ce357cb82704c70,779,none,0,,0,,,,,,,,,,FTH1 B2M TMSB4X GNLY ACTB PTMA ARPC2 HLA-A HLA-B EIF1 GZMH HLA-C ANXA1 CCL5 CD74 COPE DNAJC17 HLA-E NKG7 SH3BGRL3 SLC3A2 TPT1 UBC ATP5B BRK1 BTF3 C12orf75 C19orf53 CALM2 CLEC2B CLIC1 COX5B CREM CSK CXCR4 CYBA CYC1 DHRS7 DUSP2 EIF3G EIF6 FXYD5 GIMAP4 H3F3B HIPK2 HMGB1 HSPA8 IER2 KLRD1 LGALS1,FTH1 B2M TMSB4X GNLY ACTB PTMA ARPC2 HLA-A HLA-B EIF1 GZMH HLA-C ANXA1 CCL5 CD74 COPE DNAJC17 HLA-E NKG7 SH3BGRL3 SLC3A2 TPT1 UBC ATP5B BRK1 BTF3 C12orf75 C19orf53 CALM2 CLEC2B CLIC1 COX5B CREM CSK CXCR4 CYBA CYC1 DHRS7 DUSP2 EIF3G EIF6 FXYD5 GIMAP4 H3F3B HIPK2 HMGB1 HSPA8 IER2 KLRD1 LGALS1,FTH1 B2M TMSB4X GNLY ACTB PTMA ARPC2 HLA-A HLA-B EIF1 GZMH HLA-C ANXA1 CCL5 CD74 COPE DNAJC17 HLA-E NKG7 SH3BGRL3 SLC3A2 TPT1 UBC ATP5B BRK1 BTF3 C12orf75 C19orf53 CALM2 CLEC2B CLIC1 COX5B CREM CSK CXCR4 CYBA CYC1 DHRS7 DUSP2 EIF3G EIF6 FXYD5 GIMAP4 H3F3B HIPK2 HMGB1 HSPA8 IER2 KLRD1 LGALS1
intervention,gse96583:ctrl:1015:CCAATGGACCTTTA-1,CCAATGGACCTTTA-1,1015,1015,ctrl,singlet,NK cells,0,NK_receptor_plus_cytotoxic,1015:NK_receptor_plus_cytotoxic,1524f8e18bca50d20742dd14ef88662ff78910aec81105b06ce357cb82704c70,779,NK_receptor_identity,1,KLRD1,1,KLRD1,3.28368709443,HSPA8,3.28368709443,2,0,0.00751126690035,0,0.74177933567,FTH1 B2M TMSB4X GNLY ACTB PTMA ARPC2 HLA-A HLA-B EIF1 GZMH HLA-C ANXA1 CCL5 CD74 COPE DNAJC17 HLA-E NKG7 SH3BGRL3 SLC3A2 TPT1 UBC ATP5B BRK1 BTF3 C12orf75 C19orf53 CALM2 CLEC2B CLIC1 COX5B CREM CSK CXCR4 CYBA CYC1 DHRS7 DUSP2 EIF3G EIF6 FXYD5 GIMAP4 H3F3B HIPK2 HMGB1 HSPA8 IER2 KLRD1 LGALS1,FTH1 B2M TMSB4X GNLY ACTB PTMA ARPC2 HLA-A HLA-B EIF1 GZMH HLA-C ANXA1 CCL5 CD74 COPE DNAJC17 HLA-E NKG7 SH3BGRL3 SLC3A2 TPT1 UBC ATP5B BRK1 BTF3 C12orf75 C19orf53 CALM2 CLEC2B CLIC1 COX5B CREM CSK CXCR4 CYBA CYC1 DHRS7 DUSP2 EIF3G EIF6 FXYD5 GIMAP4 H3F3B HIPK2 HMGB1 HSPA8 IER2 MASKED_GENE LGALS1,FTH1 B2M TMSB4X GNLY ACTB PTMA ARPC2 HLA-A HLA-B EIF1 GZMH HLA-C ANXA1 CCL5 CD74 COPE DNAJC17 HLA-E NKG7 SH3BGRL3 SLC3A2 TPT1 UBC ATP5B BRK1 BTF3 C12orf75 C19orf53 CALM2 CLEC2B CLIC1 COX5B CREM CSK CXCR4 CYBA CYC1 DHRS7 DUSP2 EIF3G EIF6 FXYD5 GIMAP4 H3F3B HIPK2 HMGB1 MASKED_GENE IER2 KLRD1 LGALS1
intervention,gse96583:ctrl:1015:CCAATGGACCTTTA-1,CCAATGGACCTTTA-1,1015,1015,ctrl,singlet,NK cells,0,NK_receptor_plus_cytotoxic,1015:NK_receptor_plus_cytotoxic,1524f8e18bca50d20742dd14ef88662ff78910aec81105b06ce357cb82704c70,779,cytotoxic_effector,1,GNLY;GZMH;CCL5;NKG7,4,GNLY,4.95728145878,ACTB,4.50930657964,1,0.447974879131,0.14221331998,0,2.6514162914,FTH1 B2M TMSB4X GNLY ACTB PTMA ARPC2 HLA-A HLA-B EIF1 GZMH HLA-C ANXA1 CCL5 CD74 COPE DNAJC17 HLA-E NKG7 SH3BGRL3 SLC3A2 TPT1 UBC ATP5B BRK1 BTF3 C12orf75 C19orf53 CALM2 CLEC2B CLIC1 COX5B CREM CSK CXCR4 CYBA CYC1 DHRS7 DUSP2 EIF3G EIF6 FXYD5 GIMAP4 H3F3B HIPK2 HMGB1 HSPA8 IER2 KLRD1 LGALS1,FTH1 B2M TMSB4X MASKED_GENE ACTB PTMA ARPC2 HLA-A HLA-B EIF1 GZMH HLA-C ANXA1 CCL5 CD74 COPE DNAJC17 HLA-E NKG7 SH3BGRL3 SLC3A2 TPT1 UBC ATP5B BRK1 BTF3 C12orf75 C19orf53 CALM2 CLEC2B CLIC1 COX5B CREM CSK CXCR4 CYBA CYC1 DHRS7 DUSP2 EIF3G EIF6 FXYD5 GIMAP4 H3F3B HIPK2 HMGB1 HSPA8 IER2 KLRD1 LGALS1,FTH1 B2M TMSB4X GNLY MASKED_GENE PTMA ARPC2 HLA-A HLA-B EIF1 GZMH HLA-C ANXA1 CCL5 CD74 COPE DNAJC17 HLA-E NKG7 SH3BGRL3 SLC3A2 TPT1 UBC ATP5B BRK1 BTF3 C12orf75 C19orf53 CALM2 CLEC2B CLIC1 COX5B CREM CSK CXCR4 CYBA CYC1 DHRS7 DUSP2 EIF3G EIF6 FXYD5 GIMAP4 H3F3B HIPK2 HMGB1 HSPA8 IER2 KLRD1 LGALS1
base,gse96583:ctrl:1015:TGCTATACCCCTCA-1,TGCTATACCCCTCA-1,1015,1015,ctrl,singlet,CD8 T cells,1,NK_receptor_plus_cytotoxic,1015:NK_receptor_plus_cytotoxic,16cfddf5b146eba6c6cd943f20da03e57de439ae932407a726441646723520bd,745,none,0,,0,,,,,,,,,,B2M TMSB4X GNLY HLA-A FTH1 FTL H3F3B ID2 NKG7 PTMA BTG1 CXCR4 CYBA HINT1 MAP2K5 MYL6 PSME1 THAP7 ACTB APOBEC3G ARHGDIB BTF3 C4orf3 CCT8 CD63 CFL1 DNAJB6 EEF1D EIF1 EMP3 GPR183 GZMB HLA-E IFI35 KLRD1 LAPTM4A LDHA MOCS2 PABPC1 PDIA3 PLP2 PPIB RAC1 RHOA SCAMP1 SERF2 SNRPD2 SPOP THRAP3 TMSB10,B2M TMSB4X GNLY HLA-A FTH1 FTL H3F3B ID2 NKG7 PTMA BTG1 CXCR4 CYBA HINT1 MAP2K5 MYL6 PSME1 THAP7 ACTB APOBEC3G ARHGDIB BTF3 C4orf3 CCT8 CD63 CFL1 DNAJB6 EEF1D EIF1 EMP3 GPR183 GZMB HLA-E IFI35 KLRD1 LAPTM4A LDHA MOCS2 PABPC1 PDIA3 PLP2 PPIB RAC1 RHOA SCAMP1 SERF2 SNRPD2 SPOP THRAP3 TMSB10,B2M TMSB4X GNLY HLA-A FTH1 FTL H3F3B ID2 NKG7 PTMA BTG1 CXCR4 CYBA HINT1 MAP2K5 MYL6 PSME1 THAP7 ACTB APOBEC3G ARHGDIB BTF3 C4orf3 CCT8 CD63 CFL1 DNAJB6 EEF1D EIF1 EMP3 GPR183 GZMB HLA-E IFI35 KLRD1 LAPTM4A LDHA MOCS2 PABPC1 PDIA3 PLP2 PPIB RAC1 RHOA SCAMP1 SERF2 SNRPD2 SPOP THRAP3 TMSB10
intervention,gse96583:ctrl:1015:TGCTATACCCCTCA-1,TGCTATACCCCTCA-1,1015,1015,ctrl,singlet,CD8 T cells,1,NK_receptor_plus_cytotoxic,1015:NK_receptor_plus_cytotoxic,16cfddf5b146eba6c6cd943f20da03e57de439ae932407a726441646723520bd,745,NK_receptor_identity,1,KLRD1,1,KLRD1,3.32667631439,IFI35,3.32667631439,1,0,0.0655983975964,0,0.989317309297,B2M TMSB4X GNLY HLA-A FTH1 FTL H3F3B ID2 NKG7 PTMA BTG1 CXCR4 CYBA HINT1 MAP2K5 MYL6 PSME1 THAP7 ACTB APOBEC3G ARHGDIB BTF3 C4orf3 CCT8 CD63 CFL1 DNAJB6 EEF1D EIF1 EMP3 GPR183 GZMB HLA-E IFI35 KLRD1 LAPTM4A LDHA MOCS2 PABPC1 PDIA3 PLP2 PPIB RAC1 RHOA SCAMP1 SERF2 SNRPD2 SPOP THRAP3 TMSB10,B2M TMSB4X GNLY HLA-A FTH1 FTL H3F3B ID2 NKG7 PTMA BTG1 CXCR4 CYBA HINT1 MAP2K5 MYL6 PSME1 THAP7 ACTB APOBEC3G ARHGDIB BTF3 C4orf3 CCT8 CD63 CFL1 DNAJB6 EEF1D EIF1 EMP3 GPR183 GZMB HLA-E IFI35 MASKED_GENE LAPTM4A LDHA MOCS2 PABPC1 PDIA3 PLP2 PPIB RAC1 RHOA SCAMP1 SERF2 SNRPD2 SPOP THRAP3 TMSB10,B2M TMSB4X GNLY HLA-A FTH1 FTL H3F3B ID2 NKG7 PTMA BTG1 CXCR4 CYBA HINT1 MAP2K5 MYL6 PSME1 THAP7 ACTB APOBEC3G ARHGDIB BTF3 C4orf3 CCT8 CD63 CFL1 DNAJB6 EEF1D EIF1 EMP3 GPR183 GZMB HLA-E MASKED_GENE KLRD1 LAPTM4A LDHA MOCS2 PABPC1 PDIA3 PLP2 PPIB RAC1 RHOA SCAMP1 SERF2 SNRPD2 SPOP THRAP3 TMSB10
intervention,gse96583:ctrl:1015:TGCTATACCCCTCA-1,TGCTATACCCCTCA-1,1015,1015,ctrl,singlet,CD8 T cells,1,NK_receptor_plus_cytotoxic,1015:NK_receptor_plus_cytotoxic,16cfddf5b146eba6c6cd943f20da03e57de439ae932407a726441646723520bd,745,cytotoxic_effector,1,GNLY;NKG7;GZMB,3,GNLY,4.68566710128,FTL,4.2211841515,3,0.46448294978,0.00250375563345,1,2.28733678923,B2M TMSB4X GNLY HLA-A FTH1 FTL H3F3B ID2 NKG7 PTMA BTG1 CXCR4 CYBA HINT1 MAP2K5 MYL6 PSME1 THAP7 ACTB APOBEC3G ARHGDIB BTF3 C4orf3 CCT8 CD63 CFL1 DNAJB6 EEF1D EIF1 EMP3 GPR183 GZMB HLA-E IFI35 KLRD1 LAPTM4A LDHA MOCS2 PABPC1 PDIA3 PLP2 PPIB RAC1 RHOA SCAMP1 SERF2 SNRPD2 SPOP THRAP3 TMSB10,B2M TMSB4X MASKED_GENE HLA-A FTH1 FTL H3F3B ID2 NKG7 PTMA BTG1 CXCR4 CYBA HINT1 MAP2K5 MYL6 PSME1 THAP7 ACTB APOBEC3G ARHGDIB BTF3 C4orf3 CCT8 CD63 CFL1 DNAJB6 EEF1D EIF1 EMP3 GPR183 GZMB HLA-E IFI35 KLRD1 LAPTM4A LDHA MOCS2 PABPC1 PDIA3 PLP2 PPIB RAC1 RHOA SCAMP1 SERF2 SNRPD2 SPOP THRAP3 TMSB10,B2M TMSB4X GNLY HLA-A FTH1 MASKED_GENE H3F3B ID2 NKG7 PTMA BTG1 CXCR4 CYBA HINT1 MAP2K5 MYL6 PSME1 THAP7 ACTB APOBEC3G ARHGDIB BTF3 C4orf3 CCT8 CD63 CFL1 DNAJB6 EEF1D EIF1 EMP3 GPR183 GZMB HLA-E IFI35 KLRD1 LAPTM4A LDHA MOCS2 PABPC1 PDIA3 PLP2 PPIB RAC1 RHOA SCAMP1 SERF2 SNRPD2 SPOP THRAP3 TMSB10
base,gse96583:ctrl:1016:TCCGGACTTCACGA-1,TCCGGACTTCACGA-1,1016,1016,ctrl,singlet,CD8 T cells,1,T_plus_cytotoxic,1016:T_plus_cytotoxic,007675e0b0c0ae17e078915b8255f745217dfb3a99a37aff35766c8b00e6dff2,842,none,0,,0,,,,,,,,,,TMSB4X B2M FTH1 HLA-B CCL5 LAPTM5 BTG1 NFYB GZMH CD2 ACTB ARGLU1 CCL4 CYTIP EIF1 GNB2L1 HLA-DPB1 PSMB9 PTMA SH3BGRL3 ANAPC11 APOBEC3G ATP5D ATP6V0E1 CD3D CGGBP1 COX7A2 CXCR4 EAPP EEF1A1 EEF1D FAU FXYD5 GZMB HINT1 HMGN1 LSP1 LYRM4 MIR142 NACA NPM1 PFDN5 POLR2H PPDPF PSMB2 PSMB6 PTPRC RABAC1 RAC2 RARRES3,TMSB4X B2M FTH1 HLA-B CCL5 LAPTM5 BTG1 NFYB GZMH CD2 ACTB ARGLU1 CCL4 CYTIP EIF1 GNB2L1 HLA-DPB1 PSMB9 PTMA SH3BGRL3 ANAPC11 APOBEC3G ATP5D ATP6V0E1 CD3D CGGBP1 COX7A2 CXCR4 EAPP EEF1A1 EEF1D FAU FXYD5 GZMB HINT1 HMGN1 LSP1 LYRM4 MIR142 NACA NPM1 PFDN5 POLR2H PPDPF PSMB2 PSMB6 PTPRC RABAC1 RAC2 RARRES3,TMSB4X B2M FTH1 HLA-B CCL5 LAPTM5 BTG1 NFYB GZMH CD2 ACTB ARGLU1 CCL4 CYTIP EIF1 GNB2L1 HLA-DPB1 PSMB9 PTMA SH3BGRL3 ANAPC11 APOBEC3G ATP5D ATP6V0E1 CD3D CGGBP1 COX7A2 CXCR4 EAPP EEF1A1 EEF1D FAU FXYD5 GZMB HINT1 HMGN1 LSP1 LYRM4 MIR142 NACA NPM1 PFDN5 POLR2H PPDPF PSMB2 PSMB6 PTPRC RABAC1 RAC2 RARRES3
intervention,gse96583:ctrl:1016:TCCGGACTTCACGA-1,TCCGGACTTCACGA-1,1016,1016,ctrl,singlet,CD8 T cells,1,T_plus_cytotoxic,1016:T_plus_cytotoxic,007675e0b0c0ae17e078915b8255f745217dfb3a99a37aff35766c8b00e6dff2,842,T_TCR_CD8,1,CD3D,1,CD3D,3.20894544631,ATP5D,3.20894544631,2,0,0.200801201803,1,3.00801201803,TMSB4X B2M FTH1 HLA-B CCL5 LAPTM5 BTG1 NFYB GZMH CD2 ACTB ARGLU1 CCL4 CYTIP EIF1 GNB2L1 HLA-DPB1 PSMB9 PTMA SH3BGRL3 ANAPC11 APOBEC3G ATP5D ATP6V0E1 CD3D CGGBP1 COX7A2 CXCR4 EAPP EEF1A1 EEF1D FAU FXYD5 GZMB HINT1 HMGN1 LSP1 LYRM4 MIR142 NACA NPM1 PFDN5 POLR2H PPDPF PSMB2 PSMB6 PTPRC RABAC1 RAC2 RARRES3,TMSB4X B2M FTH1 HLA-B CCL5 LAPTM5 BTG1 NFYB GZMH CD2 ACTB ARGLU1 CCL4 CYTIP EIF1 GNB2L1 HLA-DPB1 PSMB9 PTMA SH3BGRL3 ANAPC11 APOBEC3G ATP5D ATP6V0E1 MASKED_GENE CGGBP1 COX7A2 CXCR4 EAPP EEF1A1 EEF1D FAU FXYD5 GZMB HINT1 HMGN1 LSP1 LYRM4 MIR142 NACA NPM1 PFDN5 POLR2H PPDPF PSMB2 PSMB6 PTPRC RABAC1 RAC2 RARRES3,TMSB4X B2M FTH1 HLA-B CCL5 LAPTM5 BTG1 NFYB GZMH CD2 ACTB ARGLU1 CCL4 CYTIP EIF1 GNB2L1 HLA-DPB1 PSMB9 PTMA SH3BGRL3 ANAPC11 APOBEC3G MASKED_GENE ATP6V0E1 CD3D CGGBP1 COX7A2 CXCR4 EAPP EEF1A1 EEF1D FAU FXYD5 GZMB HINT1 HMGN1 LSP1 LYRM4 MIR142 NACA NPM1 PFDN5 POLR2H PPDPF PSMB2 PSMB6 PTPRC RABAC1 RAC2 RARRES3
intervention,gse96583:ctrl:1016:TCCGGACTTCACGA-1,TCCGGACTTCACGA-1,1016,1016,ctrl,singlet,CD8 T cells,1,T_plus_cytotoxic,1016:T_plus_cytotoxic,007675e0b0c0ae17e078915b8255f745217dfb3a99a37aff35766c8b00e6dff2,842,cytotoxic_effector,1,CCL5;GZMH;GZMB,3,CCL5,4.68109699847,HLA-B,4.78553020026,1,0.104433201795,0.272909364046,1,3.60462671072,TMSB4X B2M FTH1 HLA-B CCL5 LAPTM5 BTG1 NFYB GZMH CD2 ACTB ARGLU1 CCL4 CYTIP EIF1 GNB2L1 HLA-DPB1 PSMB9 PTMA SH3BGRL3 ANAPC11 APOBEC3G ATP5D ATP6V0E1 CD3D CGGBP1 COX7A2 CXCR4 EAPP EEF1A1 EEF1D FAU FXYD5 GZMB HINT1 HMGN1 LSP1 LYRM4 MIR142 NACA NPM1 PFDN5 POLR2H PPDPF PSMB2 PSMB6 PTPRC RABAC1 RAC2 RARRES3,TMSB4X B2M FTH1 HLA-B MASKED_GENE LAPTM5 BTG1 NFYB GZMH CD2 ACTB ARGLU1 CCL4 CYTIP EIF1 GNB2L1 HLA-DPB1 PSMB9 PTMA SH3BGRL3 ANAPC11 APOBEC3G ATP5D ATP6V0E1 CD3D CGGBP1 COX7A2 CXCR4 EAPP EEF1A1 EEF1D FAU FXYD5 GZMB HINT1 HMGN1 LSP1 LYRM4 MIR142 NACA NPM1 PFDN5 POLR2H PPDPF PSMB2 PSMB6 PTPRC RABAC1 RAC2 RARRES3,TMSB4X B2M FTH1 MASKED_GENE CCL5 LAPTM5 BTG1 NFYB GZMH CD2 ACTB ARGLU1 CCL4 CYTIP EIF1 GNB2L1 HLA-DPB1 PSMB9 PTMA SH3BGRL3 ANAPC11 APOBEC3G ATP5D ATP6V0E1 CD3D CGGBP1 COX7A2 CXCR4 EAPP EEF1A1 EEF1D FAU FXYD5 GZMB HINT1 HMGN1 LSP1 LYRM4 MIR142 NACA NPM1 PFDN5 POLR2H PPDPF PSMB2 PSMB6 PTPRC RABAC1 RAC2 RARRES3
base,gse96583:ctrl:1016:GACAGTTGGTCAAC-1,GACAGTTGGTCAAC-1,1016,1016,ctrl,singlet,CD8 T cells,1,T_plus_cytotoxic,1016:T_plus_cytotoxic,00f2801f46622e2dedb6f53de4f5aac74c299595b816485d49f30355771320ad,758,none,0,,0,,,,,,,,,,B2M TMSB4X FTH1 ANXA1 BTG1 HLA-B EIF1B GZMB HLA-A ACTB ADAM8 CD3D FGFBP2 GIMAP7 NKG7 SH3BGRL3 TPT1 BLOC1S1 C19orf43 CALM2 CCL5 COX7A2 CYBA DDX24 EIF1 EZR GABARAPL2 GAPDH H3F3B HINT1 HLA-C HNRNPA2B1 HNRNPLL IL10RA ITPA MAGOH MOB1A NAA20 NIPAL3 OAZ1 PSMB9 PTMA SERF2 SRGN SSU72 STK17A TAX1BP1 TMEM38B VIM YPEL5,B2M TMSB4X FTH1 ANXA1 BTG1 HLA-B EIF1B GZMB HLA-A ACTB ADAM8 CD3D FGFBP2 GIMAP7 NKG7 SH3BGRL3 TPT1 BLOC1S1 C19orf43 CALM2 CCL5 COX7A2 CYBA DDX24 EIF1 EZR GABARAPL2 GAPDH H3F3B HINT1 HLA-C HNRNPA2B1 HNRNPLL IL10RA ITPA MAGOH MOB1A NAA20 NIPAL3 OAZ1 PSMB9 PTMA SERF2 SRGN SSU72 STK17A TAX1BP1 TMEM38B VIM YPEL5,B2M TMSB4X FTH1 ANXA1 BTG1 HLA-B EIF1B GZMB HLA-A ACTB ADAM8 CD3D FGFBP2 GIMAP7 NKG7 SH3BGRL3 TPT1 BLOC1S1 C19orf43 CALM2 CCL5 COX7A2 CYBA DDX24 EIF1 EZR GABARAPL2 GAPDH H3F3B HINT1 HLA-C HNRNPA2B1 HNRNPLL IL10RA ITPA MAGOH MOB1A NAA20 NIPAL3 OAZ1 PSMB9 PTMA SERF2 SRGN SSU72 STK17A TAX1BP1 TMEM38B VIM YPEL5
intervention,gse96583:ctrl:1016:GACAGTTGGTCAAC-1,GACAGTTGGTCAAC-1,1016,1016,ctrl,singlet,CD8 T cells,1,T_plus_cytotoxic,1016:T_plus_cytotoxic,00f2801f46622e2dedb6f53de4f5aac74c299595b816485d49f30355771320ad,758,T_TCR_CD8,1,CD3D,1,CD3D,3.70322201636,GIMAP7,3.70322201636,2,0,0.0535803705558,2,1.86913703889,B2M TMSB4X FTH1 ANXA1 BTG1 HLA-B EIF1B GZMB HLA-A ACTB ADAM8 CD3D FGFBP2 GIMAP7 NKG7 SH3BGRL3 TPT1 BLOC1S1 C19orf43 CALM2 CCL5 COX7A2 CYBA DDX24 EIF1 EZR GABARAPL2 GAPDH H3F3B HINT1 HLA-C HNRNPA2B1 HNRNPLL IL10RA ITPA MAGOH MOB1A NAA20 NIPAL3 OAZ1 PSMB9 PTMA SERF2 SRGN SSU72 STK17A TAX1BP1 TMEM38B VIM YPEL5,B2M TMSB4X FTH1 ANXA1 BTG1 HLA-B EIF1B GZMB HLA-A ACTB ADAM8 MASKED_GENE FGFBP2 GIMAP7 NKG7 SH3BGRL3 TPT1 BLOC1S1 C19orf43 CALM2 CCL5 COX7A2 CYBA DDX24 EIF1 EZR GABARAPL2 GAPDH H3F3B HINT1 HLA-C HNRNPA2B1 HNRNPLL IL10RA ITPA MAGOH MOB1A NAA20 NIPAL3 OAZ1 PSMB9 PTMA SERF2 SRGN SSU72 STK17A TAX1BP1 TMEM38B VIM YPEL5,B2M TMSB4X FTH1 ANXA1 BTG1 HLA-B EIF1B GZMB HLA-A ACTB ADAM8 CD3D FGFBP2 MASKED_GENE NKG7 SH3BGRL3 TPT1 BLOC1S1 C19orf43 CALM2 CCL5 COX7A2 CYBA DDX24 EIF1 EZR GABARAPL2 GAPDH H3F3B HINT1 HLA-C HNRNPA2B1 HNRNPLL IL10RA ITPA MAGOH MOB1A NAA20 NIPAL3 OAZ1 PSMB9 PTMA SERF2 SRGN SSU72 STK17A TAX1BP1 TMEM38B VIM YPEL5
intervention,gse96583:ctrl:1016:GACAGTTGGTCAAC-1,GACAGTTGGTCAAC-1,1016,1016,ctrl,singlet,CD8 T cells,1,T_plus_cytotoxic,1016:T_plus_cytotoxic,00f2801f46622e2dedb6f53de4f5aac74c299595b816485d49f30355771320ad,758,cytotoxic_effector,1,GZMB;FGFBP2;NKG7;CCL5,4,GZMB,3.98472403278,ACTB,3.70322201636,2,0.281502016419,0.0771156735103,0,2.00082743461,B2M TMSB4X FTH1 ANXA1 BTG1 HLA-B EIF1B GZMB HLA-A ACTB ADAM8 CD3D FGFBP2 GIMAP7 NKG7 SH3BGRL3 TPT1 BLOC1S1 C19orf43 CALM2 CCL5 COX7A2 CYBA DDX24 EIF1 EZR GABARAPL2 GAPDH H3F3B HINT1 HLA-C HNRNPA2B1 HNRNPLL IL10RA ITPA MAGOH MOB1A NAA20 NIPAL3 OAZ1 PSMB9 PTMA SERF2 SRGN SSU72 STK17A TAX1BP1 TMEM38B VIM YPEL5,B2M TMSB4X FTH1 ANXA1 BTG1 HLA-B EIF1B MASKED_GENE HLA-A ACTB ADAM8 CD3D FGFBP2 GIMAP7 NKG7 SH3BGRL3 TPT1 BLOC1S1 C19orf43 CALM2 CCL5 COX7A2 CYBA DDX24 EIF1 EZR GABARAPL2 GAPDH H3F3B HINT1 HLA-C HNRNPA2B1 HNRNPLL IL10RA ITPA MAGOH MOB1A NAA20 NIPAL3 OAZ1 PSMB9 PTMA SERF2 SRGN SSU72 STK17A TAX1BP1 TMEM38B VIM YPEL5,B2M TMSB4X FTH1 ANXA1 BTG1 HLA-B EIF1B GZMB HLA-A MASKED_GENE ADAM8 CD3D FGFBP2 GIMAP7 NKG7 SH3BGRL3 TPT1 BLOC1S1 C19orf43 CALM2 CCL5 COX7A2 CYBA DDX24 EIF1 EZR GABARAPL2 GAPDH H3F3B HINT1 HLA-C HNRNPA2B1 HNRNPLL IL10RA ITPA MAGOH MOB1A NAA20 NIPAL3 OAZ1 PSMB9 PTMA SERF2 SRGN SSU72 STK17A TAX1BP1 TMEM38B VIM YPEL5
base,gse96583:ctrl:1016:TAACCGGAACTACG-1,TAACCGGAACTACG-1,1016,1016,ctrl,singlet,CD8 T cells,1,T_plus_cytotoxic,1016:T_plus_cytotoxic,00fb07d9e754ef7f1210ea72a743ba89371aa53562b5c72761b45c47585222d8,884,none,0,,0,,,,,,,,,,TMSB4X B2M FTH1 CCL5 HLA-B EEF1D GNB2L1 ACTB PTMA CD3D FAU MYL6 BTG1 COMMD7 GNLY GZMB HLA-A NACA NDUFS5 OAZ1 ATP5J2 ATP5O CD96 CFL1 COX4I1 CUTA CXCR3 CYBA CYTIP EIF3D FTL FXYD5 GIMAP7 H3F3B HMGB1 KTN1 LDHA MDH2 MORF4L1 NDUFA5 OST4 PABPC1 PFDN5 PGS1 PTPRCAP RAN SDHD SEPT7 SNRPG SNX6,TMSB4X B2M FTH1 CCL5 HLA-B EEF1D GNB2L1 ACTB PTMA CD3D FAU MYL6 BTG1 COMMD7 GNLY GZMB HLA-A NACA NDUFS5 OAZ1 ATP5J2 ATP5O CD96 CFL1 COX4I1 CUTA CXCR3 CYBA CYTIP EIF3D FTL FXYD5 GIMAP7 H3F3B HMGB1 KTN1 LDHA MDH2 MORF4L1 NDUFA5 OST4 PABPC1 PFDN5 PGS1 PTPRCAP RAN SDHD SEPT7 SNRPG SNX6,TMSB4X B2M FTH1 CCL5 HLA-B EEF1D GNB2L1 ACTB PTMA CD3D FAU MYL6 BTG1 COMMD7 GNLY GZMB HLA-A NACA NDUFS5 OAZ1 ATP5J2 ATP5O CD96 CFL1 COX4I1 CUTA CXCR3 CYBA CYTIP EIF3D FTL FXYD5 GIMAP7 H3F3B HMGB1 KTN1 LDHA MDH2 MORF4L1 NDUFA5 OST4 PABPC1 PFDN5 PGS1 PTPRCAP RAN SDHD SEPT7 SNRPG SNX6
intervention,gse96583:ctrl:1016:TAACCGGAACTACG-1,TAACCGGAACTACG-1,1016,1016,ctrl,singlet,CD8 T cells,1,T_plus_cytotoxic,1016:T_plus_cytotoxic,00fb07d9e754ef7f1210ea72a743ba89371aa53562b5c72761b45c47585222d8,884,T_TCR_CD8,1,CD3D,1,CD3D,3.83403700481,ACTB,4.05284674864,2,0.218809743827,0.231847771657,0,3.4227638709,TMSB4X B2M FTH1 CCL5 HLA-B EEF1D GNB2L1 ACTB PTMA CD3D FAU MYL6 BTG1 COMMD7 GNLY GZMB HLA-A NACA NDUFS5 OAZ1 ATP5J2 ATP5O CD96 CFL1 COX4I1 CUTA CXCR3 CYBA CYTIP EIF3D FTL FXYD5 GIMAP7 H3F3B HMGB1 KTN1 LDHA MDH2 MORF4L1 NDUFA5 OST4 PABPC1 PFDN5 PGS1 PTPRCAP RAN SDHD SEPT7 SNRPG SNX6,TMSB4X B2M FTH1 CCL5 HLA-B EEF1D GNB2L1 ACTB PTMA MASKED_GENE FAU MYL6 BTG1 COMMD7 GNLY GZMB HLA-A NACA NDUFS5 OAZ1 ATP5J2 ATP5O CD96 CFL1 COX4I1 CUTA CXCR3 CYBA CYTIP EIF3D FTL FXYD5 GIMAP7 H3F3B HMGB1 KTN1 LDHA MDH2 MORF4L1 NDUFA5 OST4 PABPC1 PFDN5 PGS1 PTPRCAP RAN SDHD SEPT7 SNRPG SNX6,TMSB4X B2M FTH1 CCL5 HLA-B EEF1D GNB2L1 MASKED_GENE PTMA CD3D FAU MYL6 BTG1 COMMD7 GNLY GZMB HLA-A NACA NDUFS5 OAZ1 ATP5J2 ATP5O CD96 CFL1 COX4I1 CUTA CXCR3 CYBA CYTIP EIF3D FTL FXYD5 GIMAP7 H3F3B HMGB1 KTN1 LDHA MDH2 MORF4L1 NDUFA5 OST4 PABPC1 PFDN5 PGS1 PTPRCAP RAN SDHD SEPT7 SNRPG SNX6
intervention,gse96583:ctrl:1016:TAACCGGAACTACG-1,TAACCGGAACTACG-1,1016,1016,ctrl,singlet,CD8 T cells,1,T_plus_cytotoxic,1016:T_plus_cytotoxic,00fb07d9e754ef7f1210ea72a743ba89371aa53562b5c72761b45c47585222d8,884,cytotoxic_effector,1,CCL5;GNLY;GZMB,3,CCL5,4.51631424582,PTMA,4.05284674864,5,0.46346749718,0.105658487732,0,3.65018653834,TMSB4X B2M FTH1 CCL5 HLA-B EEF1D GNB2L1 ACTB PTMA CD3D FAU MYL6 BTG1 COMMD7 GNLY GZMB HLA-A NACA NDUFS5 OAZ1 ATP5J2 ATP5O CD96 CFL1 COX4I1 CUTA CXCR3 CYBA CYTIP EIF3D FTL FXYD5 GIMAP7 H3F3B HMGB1 KTN1 LDHA MDH2 MORF4L1 NDUFA5 OST4 PABPC1 PFDN5 PGS1 PTPRCAP RAN SDHD SEPT7 SNRPG SNX6,TMSB4X B2M FTH1 MASKED_GENE HLA-B EEF1D GNB2L1 ACTB PTMA CD3D FAU MYL6 BTG1 COMMD7 GNLY GZMB HLA-A NACA NDUFS5 OAZ1 ATP5J2 ATP5O CD96 CFL1 COX4I1 CUTA CXCR3 CYBA CYTIP EIF3D FTL FXYD5 GIMAP7 H3F3B HMGB1 KTN1 LDHA MDH2 MORF4L1 NDUFA5 OST4 PABPC1 PFDN5 PGS1 PTPRCAP RAN SDHD SEPT7 SNRPG SNX6,TMSB4X B2M FTH1 CCL5 HLA-B EEF1D GNB2L1 ACTB MASKED_GENE CD3D FAU MYL6 BTG1 COMMD7 GNLY GZMB HLA-A NACA NDUFS5 OAZ1 ATP5J2 ATP5O CD96 CFL1 COX4I1 CUTA CXCR3 CYBA CYTIP EIF3D FTL FXYD5 GIMAP7 H3F3B HMGB1 KTN1 LDHA MDH2 MORF4L1 NDUFA5 OST4 PABPC1 PFDN5 PGS1 PTPRCAP RAN SDHD SEPT7 SNRPG SNX6
base,gse96583:ctrl:1016:AGAAGATGTTTCAC-1,AGAAGATGTTTCAC-1,1016,1016,ctrl,singlet,CD8 T cells,1,T_plus_cytotoxic,1016:T_plus_cytotoxic,01e25d1bc244ebd887b566e02d9972089801625c07eb4684d79f7baa2d228707,856,none,0,,0,,,,,,,,,,TMSB4X B2M HLA-B FTH1 FAU HLA-C ATP6V1G1 CCL5 COX4I1 CXCR4 EEF1D HLA-A ANXA1 CD3D CYBA MSMO1 MYL12B MYL6 RHOA S100A6 ACTB BTG1 C12orf75 C1orf63 CD3E COX8A EDF1 EIF4A3 FTL GAPDH GNB2L1 GZMA GZMH LBH NKG7 PTPRC PTPRCAP RPA3 RTN3 SNRPB ST13 TDP2 UBA52 UBB VBP1 WDR61 ABI3 ACADVL ACP1 ADRM1,TMSB4X B2M HLA-B FTH1 FAU HLA-C ATP6V1G1 CCL5 COX4I1 CXCR4 EEF1D HLA-A ANXA1 CD3D CYBA MSMO1 MYL12B MYL6 RHOA S100A6 ACTB BTG1 C12orf75 C1orf63 CD3E COX8A EDF1 EIF4A3 FTL GAPDH GNB2L1 GZMA GZMH LBH NKG7 PTPRC PTPRCAP RPA3 RTN3 SNRPB ST13 TDP2 UBA52 UBB VBP1 WDR61 ABI3 ACADVL ACP1 ADRM1,TMSB4X B2M HLA-B FTH1 FAU HLA-C ATP6V1G1 CCL5 COX4I1 CXCR4 EEF1D HLA-A ANXA1 CD3D CYBA MSMO1 MYL12B MYL6 RHOA S100A6 ACTB BTG1 C12orf75 C1orf63 CD3E COX8A EDF1 EIF4A3 FTL GAPDH GNB2L1 GZMA GZMH LBH NKG7 PTPRC PTPRCAP RPA3 RTN3 SNRPB ST13 TDP2 UBA52 UBB VBP1 WDR61 ABI3 ACADVL ACP1 ADRM1
intervention,gse96583:ctrl:1016:AGAAGATGTTTCAC-1,AGAAGATGTTTCAC-1,1016,1016,ctrl,singlet,CD8 T cells,1,T_plus_cytotoxic,1016:T_plus_cytotoxic,01e25d1bc244ebd887b566e02d9972089801625c07eb4684d79f7baa2d228707,856,T_TCR_CD8,1,CD3D;CD3E,2,CD3D,3.58481612375,MYL12B,3.58481612375,3,0,0.0245368052078,2,1.91203471874,TMSB4X B2M HLA-B FTH1 FAU HLA-C ATP6V1G1 CCL5 COX4I1 CXCR4 EEF1D HLA-A ANXA1 CD3D CYBA MSMO1 MYL12B MYL6 RHOA S100A6 ACTB BTG1 C12orf75 C1orf63 CD3E COX8A EDF1 EIF4A3 FTL GAPDH GNB2L1 GZMA GZMH LBH NKG7 PTPRC PTPRCAP RPA3 RTN3 SNRPB ST13 TDP2 UBA52 UBB VBP1 WDR61 ABI3 ACADVL ACP1 ADRM1,TMSB4X B2M HLA-B FTH1 FAU HLA-C ATP6V1G1 CCL5 COX4I1 CXCR4 EEF1D HLA-A ANXA1 MASKED_GENE CYBA MSMO1 MYL12B MYL6 RHOA S100A6 ACTB BTG1 C12orf75 C1orf63 CD3E COX8A EDF1 EIF4A3 FTL GAPDH GNB2L1 GZMA GZMH LBH NKG7 PTPRC PTPRCAP RPA3 RTN3 SNRPB ST13 TDP2 UBA52 UBB VBP1 WDR61 ABI3 ACADVL ACP1 ADRM1,TMSB4X B2M HLA-B FTH1 FAU HLA-C ATP6V1G1 CCL5 COX4I1 CXCR4 EEF1D HLA-A ANXA1 CD3D CYBA MSMO1 MASKED_GENE MYL6 RHOA S100A6 ACTB BTG1 C12orf75 C1orf63 CD3E COX8A EDF1 EIF4A3 FTL GAPDH GNB2L1 GZMA GZMH LBH NKG7 PTPRC PTPRCAP RPA3 RTN3 SNRPB ST13 TDP2 UBA52 UBB VBP1 WDR61 ABI3 ACADVL ACP1 ADRM1
intervention,gse96583:ctrl:1016:AGAAGATGTTTCAC-1,AGAAGATGTTTCAC-1,1016,1016,ctrl,singlet,CD8 T cells,1,T_plus_cytotoxic,1016:T_plus_cytotoxic,01e25d1bc244ebd887b566e02d9972089801625c07eb4684d79f7baa2d228707,856,cytotoxic_effector,1,CCL5;GZMA;GZMH;NKG7,4,CCL5,3.86553859219,HLA-C,4.08448301247,2,0.218944420289,0.192789183776,1,3.36578067833,TMSB4X B2M HLA-B FTH1 FAU HLA-C ATP6V1G1 CCL5 COX4I1 CXCR4 EEF1D HLA-A ANXA1 CD3D CYBA MSMO1 MYL12B MYL6 RHOA S100A6 ACTB BTG1 C12orf75 C1orf63 CD3E COX8A EDF1 EIF4A3 FTL GAPDH GNB2L1 GZMA GZMH LBH NKG7 PTPRC PTPRCAP RPA3 RTN3 SNRPB ST13 TDP2 UBA52 UBB VBP1 WDR61 ABI3 ACADVL ACP1 ADRM1,TMSB4X B2M HLA-B FTH1 FAU HLA-C ATP6V1G1 MASKED_GENE COX4I1 CXCR4 EEF1D HLA-A ANXA1 CD3D CYBA MSMO1 MYL12B MYL6 RHOA S100A6 ACTB BTG1 C12orf75 C1orf63 CD3E COX8A EDF1 EIF4A3 FTL GAPDH GNB2L1 GZMA GZMH LBH NKG7 PTPRC PTPRCAP RPA3 RTN3 SNRPB ST13 TDP2 UBA52 UBB VBP1 WDR61 ABI3 ACADVL ACP1 ADRM1,TMSB4X B2M HLA-B FTH1 FAU MASKED_GENE ATP6V1G1 CCL5 COX4I1 CXCR4 EEF1D HLA-A ANXA1 CD3D CYBA MSMO1 MYL12B MYL6 RHOA S100A6 ACTB BTG1 C12orf75 C1orf63 CD3E COX8A EDF1 EIF4A3 FTL GAPDH GNB2L1 GZMA GZMH LBH NKG7 PTPRC PTPRCAP RPA3 RTN3 SNRPB ST13 TDP2 UBA52 UBB VBP1 WDR61 ABI3 ACADVL ACP1 ADRM1
base,gse96583:ctrl:1016:TCCGAGCTGTAGGG-1,TCCGAGCTGTAGGG-1,1016,1016,ctrl,singlet,CD8 T cells,1,NK_receptor_plus_cytotoxic,1016:NK_receptor_plus_cytotoxic,04f64ce0be6b6377d7f28641a35fca21a6799fe9540a873222af95f92b49616e,878,none,0,,0,,,,,,,,,,B2M TMSB4X HLA-B CCL5 CD2 GAPDH CD52 EIF1 FTH1 HLA-A NKG7 APOBEC3G CD3D CST7 GNB2L1 GZMB HLA-E LAPTM5 ATP6V1F CXCR4 EMP3 GZMH HINT1 HLA-C NACA OSTF1 RGCC SH3BGRL3 VDAC3 ANXA1 ARPC1B ARPC5 ATP5J COX6A1 CXCR3 CYCS DHRS7 EEF1A1 EEF1D FAU FTL GOLGA4 GRAP2 HLA-F ITGA4 KLRD1 LDHA LINC00493 LINC00944 MTIF3,B2M TMSB4X HLA-B CCL5 CD2 GAPDH CD52 EIF1 FTH1 HLA-A NKG7 APOBEC3G CD3D CST7 GNB2L1 GZMB HLA-E LAPTM5 ATP6V1F CXCR4 EMP3 GZMH HINT1 HLA-C NACA OSTF1 RGCC SH3BGRL3 VDAC3 ANXA1 ARPC1B ARPC5 ATP5J COX6A1 CXCR3 CYCS DHRS7 EEF1A1 EEF1D FAU FTL GOLGA4 GRAP2 HLA-F ITGA4 KLRD1 LDHA LINC00493 LINC00944 MTIF3,B2M TMSB4X HLA-B CCL5 CD2 GAPDH CD52 EIF1 FTH1 HLA-A NKG7 APOBEC3G CD3D CST7 GNB2L1 GZMB HLA-E LAPTM5 ATP6V1F CXCR4 EMP3 GZMH HINT1 HLA-C NACA OSTF1 RGCC SH3BGRL3 VDAC3 ANXA1 ARPC1B ARPC5 ATP5J COX6A1 CXCR3 CYCS DHRS7 EEF1A1 EEF1D FAU FTL GOLGA4 GRAP2 HLA-F ITGA4 KLRD1 LDHA LINC00493 LINC00944 MTIF3
intervention,gse96583:ctrl:1016:TCCGAGCTGTAGGG-1,TCCGAGCTGTAGGG-1,1016,1016,ctrl,singlet,CD8 T cells,1,NK_receptor_plus_cytotoxic,1016:NK_receptor_plus_cytotoxic,04f64ce0be6b6377d7f28641a35fca21a6799fe9540a873222af95f92b49616e,878,NK_receptor_identity,1,KLRD1,1,KLRD1,3.16880465833,ITGA4,3.16880465833,1,0,0.0650976464697,0,0.98430979803,B2M TMSB4X HLA-B CCL5 CD2 GAPDH CD52 EIF1 FTH1 HLA-A NKG7 APOBEC3G CD3D CST7 GNB2L1 GZMB HLA-E LAPTM5 ATP6V1F CXCR4 EMP3 GZMH HINT1 HLA-C NACA OSTF1 RGCC SH3BGRL3 VDAC3 ANXA1 ARPC1B ARPC5 ATP5J COX6A1 CXCR3 CYCS DHRS7 EEF1A1 EEF1D FAU FTL GOLGA4 GRAP2 HLA-F ITGA4 KLRD1 LDHA LINC00493 LINC00944 MTIF3,B2M TMSB4X HLA-B CCL5 CD2 GAPDH CD52 EIF1 FTH1 HLA-A NKG7 APOBEC3G CD3D CST7 GNB2L1 GZMB HLA-E LAPTM5 ATP6V1F CXCR4 EMP3 GZMH HINT1 HLA-C NACA OSTF1 RGCC SH3BGRL3 VDAC3 ANXA1 ARPC1B ARPC5 ATP5J COX6A1 CXCR3 CYCS DHRS7 EEF1A1 EEF1D FAU FTL GOLGA4 GRAP2 HLA-F ITGA4 MASKED_GENE LDHA LINC00493 LINC00944 MTIF3,B2M TMSB4X HLA-B CCL5 CD2 GAPDH CD52 EIF1 FTH1 HLA-A NKG7 APOBEC3G CD3D CST7 GNB2L1 GZMB HLA-E LAPTM5 ATP6V1F CXCR4 EMP3 GZMH HINT1 HLA-C NACA OSTF1 RGCC SH3BGRL3 VDAC3 ANXA1 ARPC1B ARPC5 ATP5J COX6A1 CXCR3 CYCS DHRS7 EEF1A1 EEF1D FAU FTL GOLGA4 GRAP2 HLA-F MASKED_GENE KLRD1 LDHA LINC00493 LINC00944 MTIF3
intervention,gse96583:ctrl:1016:TCCGAGCTGTAGGG-1,TCCGAGCTGTAGGG-1,1016,1016,ctrl,singlet,CD8 T cells,1,NK_receptor_plus_cytotoxic,1016:NK_receptor_plus_cytotoxic,04f64ce0be6b6377d7f28641a35fca21a6799fe9540a873222af95f92b49616e,878,cytotoxic_effector,1,CCL5;NKG7;GZMB;GZMH,4,CCL5,4.52305053176,GAPDH,4.39106877454,2,0.13198175722,0.236855282924,1,3.63251634368,B2M TMSB4X HLA-B CCL5 CD2 GAPDH CD52 EIF1 FTH1 HLA-A NKG7 APOBEC3G CD3D CST7 GNB2L1 GZMB HLA-E LAPTM5 ATP6V1F CXCR4 EMP3 GZMH HINT1 HLA-C NACA OSTF1 RGCC SH3BGRL3 VDAC3 ANXA1 ARPC1B ARPC5 ATP5J COX6A1 CXCR3 CYCS DHRS7 EEF1A1 EEF1D FAU FTL GOLGA4 GRAP2 HLA-F ITGA4 KLRD1 LDHA LINC00493 LINC00944 MTIF3,B2M TMSB4X HLA-B MASKED_GENE CD2 GAPDH CD52 EIF1 FTH1 HLA-A NKG7 APOBEC3G CD3D CST7 GNB2L1 GZMB HLA-E LAPTM5 ATP6V1F CXCR4 EMP3 GZMH HINT1 HLA-C NACA OSTF1 RGCC SH3BGRL3 VDAC3 ANXA1 ARPC1B ARPC5 ATP5J COX6A1 CXCR3 CYCS DHRS7 EEF1A1 EEF1D FAU FTL GOLGA4 GRAP2 HLA-F ITGA4 KLRD1 LDHA LINC00493 LINC00944 MTIF3,B2M TMSB4X HLA-B CCL5 CD2 MASKED_GENE CD52 EIF1 FTH1 HLA-A NKG7 APOBEC3G CD3D CST7 GNB2L1 GZMB HLA-E LAPTM5 ATP6V1F CXCR4 EMP3 GZMH HINT1 HLA-C NACA OSTF1 RGCC SH3BGRL3 VDAC3 ANXA1 ARPC1B ARPC5 ATP5J COX6A1 CXCR3 CYCS DHRS7 EEF1A1 EEF1D FAU FTL GOLGA4 GRAP2 HLA-F ITGA4 KLRD1 LDHA LINC00493 LINC00944 MTIF3
base,gse96583:ctrl:1016:ATGTCACTAGACTC-1,ATGTCACTAGACTC-1,1016,1016,ctrl,singlet,CD8 T cells,1,NK_receptor_plus_cytotoxic,1016:NK_receptor_plus_cytotoxic,09fd92a1bb50b2a71c7e00f3bd1e8e2f44d4d6164f8e93fafc5cab26166e69c8,894,none,0,,0,,,,,,,,,,TMSB4X B2M HLA-C HLA-A HLA-B ANXA1 C1orf131 EIF1 OAZ1 SRGN ACTB CD74 GAPDH NKG7 ARPC2 C1orf21 CCL4 EEF1D FTH1 GNLY HLA-DPB1 NDUFAF3 NDUFV1 PTMA PTPRC SRP14 TPT1 UBB UBC AK1 ARPC1A BTG1 C12orf57 C19orf10 C1orf43 CD2 CD247 CD3D CFL1 CHST12 CORO1A CYBA DCXR DGUOK DYNLL1 ERP29 FCGR3A GNB2L1 GPSM3 H3F3B,TMSB4X B2M HLA-C HLA-A HLA-B ANXA1 C1orf131 EIF1 OAZ1 SRGN ACTB CD74 GAPDH NKG7 ARPC2 C1orf21 CCL4 EEF1D FTH1 GNLY HLA-DPB1 NDUFAF3 NDUFV1 PTMA PTPRC SRP14 TPT1 UBB UBC AK1 ARPC1A BTG1 C12orf57 C19orf10 C1orf43 CD2 CD247 CD3D CFL1 CHST12 CORO1A CYBA DCXR DGUOK DYNLL1 ERP29 FCGR3A GNB2L1 GPSM3 H3F3B,TMSB4X B2M HLA-C HLA-A HLA-B ANXA1 C1orf131 EIF1 OAZ1 SRGN ACTB CD74 GAPDH NKG7 ARPC2 C1orf21 CCL4 EEF1D FTH1 GNLY HLA-DPB1 NDUFAF3 NDUFV1 PTMA PTPRC SRP14 TPT1 UBB UBC AK1 ARPC1A BTG1 C12orf57 C19orf10 C1orf43 CD2 CD247 CD3D CFL1 CHST12 CORO1A CYBA DCXR DGUOK DYNLL1 ERP29 FCGR3A GNB2L1 GPSM3 H3F3B
intervention,gse96583:ctrl:1016:ATGTCACTAGACTC-1,ATGTCACTAGACTC-1,1016,1016,ctrl,singlet,CD8 T cells,1,NK_receptor_plus_cytotoxic,1016:NK_receptor_plus_cytotoxic,09fd92a1bb50b2a71c7e00f3bd1e8e2f44d4d6164f8e93fafc5cab26166e69c8,894,NK_receptor_identity,1,FCGR3A,1,FCGR3A,3.15151154022,DYNLL1,3.15151154022,2,0,0.0225338007011,0,0.892004673677,TMSB4X B2M HLA-C HLA-A HLA-B ANXA1 C1orf131 EIF1 OAZ1 SRGN ACTB CD74 GAPDH NKG7 ARPC2 C1orf21 CCL4 EEF1D FTH1 GNLY HLA-DPB1 NDUFAF3 NDUFV1 PTMA PTPRC SRP14 TPT1 UBB UBC AK1 ARPC1A BTG1 C12orf57 C19orf10 C1orf43 CD2 CD247 CD3D CFL1 CHST12 CORO1A CYBA DCXR DGUOK DYNLL1 ERP29 FCGR3A GNB2L1 GPSM3 H3F3B,TMSB4X B2M HLA-C HLA-A HLA-B ANXA1 C1orf131 EIF1 OAZ1 SRGN ACTB CD74 GAPDH NKG7 ARPC2 C1orf21 CCL4 EEF1D FTH1 GNLY HLA-DPB1 NDUFAF3 NDUFV1 PTMA PTPRC SRP14 TPT1 UBB UBC AK1 ARPC1A BTG1 C12orf57 C19orf10 C1orf43 CD2 CD247 CD3D CFL1 CHST12 CORO1A CYBA DCXR DGUOK DYNLL1 ERP29 MASKED_GENE GNB2L1 GPSM3 H3F3B,TMSB4X B2M HLA-C HLA-A HLA-B ANXA1 C1orf131 EIF1 OAZ1 SRGN ACTB CD74 GAPDH NKG7 ARPC2 C1orf21 CCL4 EEF1D FTH1 GNLY HLA-DPB1 NDUFAF3 NDUFV1 PTMA PTPRC SRP14 TPT1 UBB UBC AK1 ARPC1A BTG1 C12orf57 C19orf10 C1orf43 CD2 CD247 CD3D CFL1 CHST12 CORO1A CYBA DCXR DGUOK MASKED_GENE ERP29 FCGR3A GNB2L1 GPSM3 H3F3B
intervention,gse96583:ctrl:1016:ATGTCACTAGACTC-1,ATGTCACTAGACTC-1,1016,1016,ctrl,singlet,CD8 T cells,1,NK_receptor_plus_cytotoxic,1016:NK_receptor_plus_cytotoxic,09fd92a1bb50b2a71c7e00f3bd1e8e2f44d4d6164f8e93fafc5cab26166e69c8,894,cytotoxic_effector,1,NKG7;GNLY,2,NKG7,4.04179454222,GAPDH,4.04179454222,1,0,0.168252378568,1,2.34919045235,TMSB4X B2M HLA-C HLA-A HLA-B ANXA1 C1orf131 EIF1 OAZ1 SRGN ACTB CD74 GAPDH NKG7 ARPC2 C1orf21 CCL4 EEF1D FTH1 GNLY HLA-DPB1 NDUFAF3 NDUFV1 PTMA PTPRC SRP14 TPT1 UBB UBC AK1 ARPC1A BTG1 C12orf57 C19orf10 C1orf43 CD2 CD247 CD3D CFL1 CHST12 CORO1A CYBA DCXR DGUOK DYNLL1 ERP29 FCGR3A GNB2L1 GPSM3 H3F3B,TMSB4X B2M HLA-C HLA-A HLA-B ANXA1 C1orf131 EIF1 OAZ1 SRGN ACTB CD74 GAPDH MASKED_GENE ARPC2 C1orf21 CCL4 EEF1D FTH1 GNLY HLA-DPB1 NDUFAF3 NDUFV1 PTMA PTPRC SRP14 TPT1 UBB UBC AK1 ARPC1A BTG1 C12orf57 C19orf10 C1orf43 CD2 CD247 CD3D CFL1 CHST12 CORO1A CYBA DCXR DGUOK DYNLL1 ERP29 FCGR3A GNB2L1 GPSM3 H3F3B,TMSB4X B2M HLA-C HLA-A HLA-B ANXA1 C1orf131 EIF1 OAZ1 SRGN ACTB CD74 MASKED_GENE NKG7 ARPC2 C1orf21 CCL4 EEF1D FTH1 GNLY HLA-DPB1 NDUFAF3 NDUFV1 PTMA PTPRC SRP14 TPT1 UBB UBC AK1 ARPC1A BTG1 C12orf57 C19orf10 C1orf43 CD2 CD247 CD3D CFL1 CHST12 CORO1A CYBA DCXR DGUOK DYNLL1 ERP29 FCGR3A GNB2L1 GPSM3 H3F3B
base,gse96583:ctrl:1016:CCAACCTGCTGTCC-1,CCAACCTGCTGTCC-1,1016,1016,ctrl,singlet,CD8 T cells,1,NK_receptor_plus_cytotoxic,1016:NK_receptor_plus_cytotoxic,23262b906f28f5ab20ee6c26f413810426f913e1d196412a108452e3f54687b9,869,none,0,,0,,,,,,,,,,B2M TMSB4X CCL5 HLA-B GZMB FTH1 NKG7 EEF1D HSPA8 KLRD1 PFN1 PTMA ARPC2 CD3D CD7 FTL GNB2L1 GNLY GZMH HLA-A HLA-E NDUFA12 RGCC YBX1 ACP2 ADRM1 ANXA1 AP2S1 APOBEC3G ARPC5 ASF1A ATP5L C12orf57 C1orf21 CD2 CD52 CD63 CDC42SE2 CHMP4A COX4I1 CYBA DDX5 DNPH1 DRAP1 EIF2B5 EIF3F EIF4A2 EMP3 EWSR1 FAU,B2M TMSB4X CCL5 HLA-B GZMB FTH1 NKG7 EEF1D HSPA8 KLRD1 PFN1 PTMA ARPC2 CD3D CD7 FTL GNB2L1 GNLY GZMH HLA-A HLA-E NDUFA12 RGCC YBX1 ACP2 ADRM1 ANXA1 AP2S1 APOBEC3G ARPC5 ASF1A ATP5L C12orf57 C1orf21 CD2 CD52 CD63 CDC42SE2 CHMP4A COX4I1 CYBA DDX5 DNPH1 DRAP1 EIF2B5 EIF3F EIF4A2 EMP3 EWSR1 FAU,B2M TMSB4X CCL5 HLA-B GZMB FTH1 NKG7 EEF1D HSPA8 KLRD1 PFN1 PTMA ARPC2 CD3D CD7 FTL GNB2L1 GNLY GZMH HLA-A HLA-E NDUFA12 RGCC YBX1 ACP2 ADRM1 ANXA1 AP2S1 APOBEC3G ARPC5 ASF1A ATP5L C12orf57 C1orf21 CD2 CD52 CD63 CDC42SE2 CHMP4A COX4I1 CYBA DDX5 DNPH1 DRAP1 EIF2B5 EIF3F EIF4A2 EMP3 EWSR1 FAU
intervention,gse96583:ctrl:1016:CCAACCTGCTGTCC-1,CCAACCTGCTGTCC-1,1016,1016,ctrl,singlet,CD8 T cells,1,NK_receptor_plus_cytotoxic,1016:NK_receptor_plus_cytotoxic,23262b906f28f5ab20ee6c26f413810426f913e1d196412a108452e3f54687b9,869,NK_receptor_identity,1,KLRD1,1,KLRD1,3.85078398317,HSPA8,3.85078398317,1,0,0.00751126690035,0,0.408446002337,B2M TMSB4X CCL5 HLA-B GZMB FTH1 NKG7 EEF1D HSPA8 KLRD1 PFN1 PTMA ARPC2 CD3D CD7 FTL GNB2L1 GNLY GZMH HLA-A HLA-E NDUFA12 RGCC YBX1 ACP2 ADRM1 ANXA1 AP2S1 APOBEC3G ARPC5 ASF1A ATP5L C12orf57 C1orf21 CD2 CD52 CD63 CDC42SE2 CHMP4A COX4I1 CYBA DDX5 DNPH1 DRAP1 EIF2B5 EIF3F EIF4A2 EMP3 EWSR1 FAU,B2M TMSB4X CCL5 HLA-B GZMB FTH1 NKG7 EEF1D HSPA8 MASKED_GENE PFN1 PTMA ARPC2 CD3D CD7 FTL GNB2L1 GNLY GZMH HLA-A HLA-E NDUFA12 RGCC YBX1 ACP2 ADRM1 ANXA1 AP2S1 APOBEC3G ARPC5 ASF1A ATP5L C12orf57 C1orf21 CD2 CD52 CD63 CDC42SE2 CHMP4A COX4I1 CYBA DDX5 DNPH1 DRAP1 EIF2B5 EIF3F EIF4A2 EMP3 EWSR1 FAU,B2M TMSB4X CCL5 HLA-B GZMB FTH1 NKG7 EEF1D MASKED_GENE KLRD1 PFN1 PTMA ARPC2 CD3D CD7 FTL GNB2L1 GNLY GZMH HLA-A HLA-E NDUFA12 RGCC YBX1 ACP2 ADRM1 ANXA1 AP2S1 APOBEC3G ARPC5 ASF1A ATP5L C12orf57 C1orf21 CD2 CD52 CD63 CDC42SE2 CHMP4A COX4I1 CYBA DDX5 DNPH1 DRAP1 EIF2B5 EIF3F EIF4A2 EMP3 EWSR1 FAU
intervention,gse96583:ctrl:1016:CCAACCTGCTGTCC-1,CCAACCTGCTGTCC-1,1016,1016,ctrl,singlet,CD8 T cells,1,NK_receptor_plus_cytotoxic,1016:NK_receptor_plus_cytotoxic,23262b906f28f5ab20ee6c26f413810426f913e1d196412a108452e3f54687b9,869,cytotoxic_effector,1,CCL5;GZMB;NKG7;GNLY;GZMH,5,CCL5,5.2210025229,HLA-B,4.9351194682,1,0.285883054698,0.272909364046,1,3.96752641652,B2M TMSB4X CCL5 HLA-B GZMB FTH1 NKG7 EEF1D HSPA8 KLRD1 PFN1 PTMA ARPC2 CD3D CD7 FTL GNB2L1 GNLY GZMH HLA-A HLA-E NDUFA12 RGCC YBX1 ACP2 ADRM1 ANXA1 AP2S1 APOBEC3G ARPC5 ASF1A ATP5L C12orf57 C1orf21 CD2 CD52 CD63 CDC42SE2 CHMP4A COX4I1 CYBA DDX5 DNPH1 DRAP1 EIF2B5 EIF3F EIF4A2 EMP3 EWSR1 FAU,B2M TMSB4X MASKED_GENE HLA-B GZMB FTH1 NKG7 EEF1D HSPA8 KLRD1 PFN1 PTMA ARPC2 CD3D CD7 FTL GNB2L1 GNLY GZMH HLA-A HLA-E NDUFA12 RGCC YBX1 ACP2 ADRM1 ANXA1 AP2S1 APOBEC3G ARPC5 ASF1A ATP5L C12orf57 C1orf21 CD2 CD52 CD63 CDC42SE2 CHMP4A COX4I1 CYBA DDX5 DNPH1 DRAP1 EIF2B5 EIF3F EIF4A2 EMP3 EWSR1 FAU,B2M TMSB4X CCL5 MASKED_GENE GZMB FTH1 NKG7 EEF1D HSPA8 KLRD1 PFN1 PTMA ARPC2 CD3D CD7 FTL GNB2L1 GNLY GZMH HLA-A HLA-E NDUFA12 RGCC YBX1 ACP2 ADRM1 ANXA1 AP2S1 APOBEC3G ARPC5 ASF1A ATP5L C12orf57 C1orf21 CD2 CD52 CD63 CDC42SE2 CHMP4A COX4I1 CYBA DDX5 DNPH1 DRAP1 EIF2B5 EIF3F EIF4A2 EMP3 EWSR1 FAU
base,gse96583:ctrl:1039:TCTAGACTGCGTAT-1,TCTAGACTGCGTAT-1,1039,1039,ctrl,singlet,CD8 T cells,1,T_plus_cytotoxic,1039:T_plus_cytotoxic,035c984fdc7b3f234c41fb2bf84c91976488d6bbb2d8bdf2f28d017cc879d2b7,929,none,0,,0,,,,,,,,,,TMSB4X B2M HLA-B VAMP8 FTH1 HLA-A SRGN GAPDH GOLPH3L HLA-C VDAC3 CD8A MYL12A GNLY MYL6 PTPRC ARHGDIB CD2 CYBA DUSP2 H3F3B LAPTM5 LDHA PFDN5 PFN1 PPDPF PTMA PTPRCAP SEPT7 SERF2 SKP1 SOD1 TAF1D TPI1 TPT1 ACTB ALG12 ALKBH4 ANXA1 ARPC1B ATP5H ATP6AP2 BZW1 CALM2 CCDC104 CHCHD2 COX5B ECH1 EIF1 FAM111A,TMSB4X B2M HLA-B VAMP8 FTH1 HLA-A SRGN GAPDH GOLPH3L HLA-C VDAC3 CD8A MYL12A GNLY MYL6 PTPRC ARHGDIB CD2 CYBA DUSP2 H3F3B LAPTM5 LDHA PFDN5 PFN1 PPDPF PTMA PTPRCAP SEPT7 SERF2 SKP1 SOD1 TAF1D TPI1 TPT1 ACTB ALG12 ALKBH4 ANXA1 ARPC1B ATP5H ATP6AP2 BZW1 CALM2 CCDC104 CHCHD2 COX5B ECH1 EIF1 FAM111A,TMSB4X B2M HLA-B VAMP8 FTH1 HLA-A SRGN GAPDH GOLPH3L HLA-C VDAC3 CD8A MYL12A GNLY MYL6 PTPRC ARHGDIB CD2 CYBA DUSP2 H3F3B LAPTM5 LDHA PFDN5 PFN1 PPDPF PTMA PTPRCAP SEPT7 SERF2 SKP1 SOD1 TAF1D TPI1 TPT1 ACTB ALG12 ALKBH4 ANXA1 ARPC1B ATP5H ATP6AP2 BZW1 CALM2 CCDC104 CHCHD2 COX5B ECH1 EIF1 FAM111A
intervention,gse96583:ctrl:1039:TCTAGACTGCGTAT-1,TCTAGACTGCGTAT-1,1039,1039,ctrl,singlet,CD8 T cells,1,T_plus_cytotoxic,1039:T_plus_cytotoxic,035c984fdc7b3f234c41fb2bf84c91976488d6bbb2d8bdf2f28d017cc879d2b7,929,T_TCR_CD8,1,CD8A,1,CD8A,4.00407904608,MYL12A,4.00407904608,1,0,0.0330495743615,2,1.33049574362,TMSB4X B2M HLA-B VAMP8 FTH1 HLA-A SRGN GAPDH GOLPH3L HLA-C VDAC3 CD8A MYL12A GNLY MYL6 PTPRC ARHGDIB CD2 CYBA DUSP2 H3F3B LAPTM5 LDHA PFDN5 PFN1 PPDPF PTMA PTPRCAP SEPT7 SERF2 SKP1 SOD1 TAF1D TPI1 TPT1 ACTB ALG12 ALKBH4 ANXA1 ARPC1B ATP5H ATP6AP2 BZW1 CALM2 CCDC104 CHCHD2 COX5B ECH1 EIF1 FAM111A,TMSB4X B2M HLA-B VAMP8 FTH1 HLA-A SRGN GAPDH GOLPH3L HLA-C VDAC3 MASKED_GENE MYL12A GNLY MYL6 PTPRC ARHGDIB CD2 CYBA DUSP2 H3F3B LAPTM5 LDHA PFDN5 PFN1 PPDPF PTMA PTPRCAP SEPT7 SERF2 SKP1 SOD1 TAF1D TPI1 TPT1 ACTB ALG12 ALKBH4 ANXA1 ARPC1B ATP5H ATP6AP2 BZW1 CALM2 CCDC104 CHCHD2 COX5B ECH1 EIF1 FAM111A,TMSB4X B2M HLA-B VAMP8 FTH1 HLA-A SRGN GAPDH GOLPH3L HLA-C VDAC3 CD8A MASKED_GENE GNLY MYL6 PTPRC ARHGDIB CD2 CYBA DUSP2 H3F3B LAPTM5 LDHA PFDN5 PFN1 PPDPF PTMA PTPRCAP SEPT7 SERF2 SKP1 SOD1 TAF1D TPI1 TPT1 ACTB ALG12 ALKBH4 ANXA1 ARPC1B ATP5H ATP6AP2 BZW1 CALM2 CCDC104 CHCHD2 COX5B ECH1 EIF1 FAM111A
intervention,gse96583:ctrl:1039:TCTAGACTGCGTAT-1,TCTAGACTGCGTAT-1,1039,1039,ctrl,singlet,CD8 T cells,1,T_plus_cytotoxic,1039:T_plus_cytotoxic,035c984fdc7b3f234c41fb2bf84c91976488d6bbb2d8bdf2f28d017cc879d2b7,929,cytotoxic_effector,1,GNLY,1,GNLY,3.78548539842,GAPDH,4.18335579202,6,0.3978703936,0.121181772659,1,4.34089184712,TMSB4X B2M HLA-B VAMP8 FTH1 HLA-A SRGN GAPDH GOLPH3L HLA-C VDAC3 CD8A MYL12A GNLY MYL6 PTPRC ARHGDIB CD2 CYBA DUSP2 H3F3B LAPTM5 LDHA PFDN5 PFN1 PPDPF PTMA PTPRCAP SEPT7 SERF2 SKP1 SOD1 TAF1D TPI1 TPT1 ACTB ALG12 ALKBH4 ANXA1 ARPC1B ATP5H ATP6AP2 BZW1 CALM2 CCDC104 CHCHD2 COX5B ECH1 EIF1 FAM111A,TMSB4X B2M HLA-B VAMP8 FTH1 HLA-A SRGN GAPDH GOLPH3L HLA-C VDAC3 CD8A MYL12A MASKED_GENE MYL6 PTPRC ARHGDIB CD2 CYBA DUSP2 H3F3B LAPTM5 LDHA PFDN5 PFN1 PPDPF PTMA PTPRCAP SEPT7 SERF2 SKP1 SOD1 TAF1D TPI1 TPT1 ACTB ALG12 ALKBH4 ANXA1 ARPC1B ATP5H ATP6AP2 BZW1 CALM2 CCDC104 CHCHD2 COX5B ECH1 EIF1 FAM111A,TMSB4X B2M HLA-B VAMP8 FTH1 HLA-A SRGN MASKED_GENE GOLPH3L HLA-C VDAC3 CD8A MYL12A GNLY MYL6 PTPRC ARHGDIB CD2 CYBA DUSP2 H3F3B LAPTM5 LDHA PFDN5 PFN1 PPDPF PTMA PTPRCAP SEPT7 SERF2 SKP1 SOD1 TAF1D TPI1 TPT1 ACTB ALG12 ALKBH4 ANXA1 ARPC1B ATP5H ATP6AP2 BZW1 CALM2 CCDC104 CHCHD2 COX5B ECH1 EIF1 FAM111A
base,gse96583:ctrl:1039:TCGATTTGTGCCTC-1,TCGATTTGTGCCTC-1,1039,1039,ctrl,singlet,CD8 T cells,1,T_plus_cytotoxic,1039:T_plus_cytotoxic,1b41700f799a592f3b817cb8a619915e1a4fac7e57c028a5626f7c51deefc65c,1234,none,0,,0,,,,,,,,,,TMSB4X B2M FTH1 BTG1 CXCR4 H3F3B GAPDH ANXA1 HLA-A SRGN CST7 FAU HLA-B PTMA SH3BGRL3 ACTB ALOX5AP ARHGDIB CCL5 CD2 CD3D COX4I1 DUSP2 EIF1 EIF3F HLA-C ITM2B LCP1 PIM1 TMEM66 TPT1 ADA ATP5F1 BAX BSG BTF3 CD69 CIRBP COTL1 EEF1A1 EEF2 EIF3E EIF4A2 ELP2 GK GNB2L1 GYG1 HDGF HLA-DPB1 HLA-E,TMSB4X B2M FTH1 BTG1 CXCR4 H3F3B GAPDH ANXA1 HLA-A SRGN CST7 FAU HLA-B PTMA SH3BGRL3 ACTB ALOX5AP ARHGDIB CCL5 CD2 CD3D COX4I1 DUSP2 EIF1 EIF3F HLA-C ITM2B LCP1 PIM1 TMEM66 TPT1 ADA ATP5F1 BAX BSG BTF3 CD69 CIRBP COTL1 EEF1A1 EEF2 EIF3E EIF4A2 ELP2 GK GNB2L1 GYG1 HDGF HLA-DPB1 HLA-E,TMSB4X B2M FTH1 BTG1 CXCR4 H3F3B GAPDH ANXA1 HLA-A SRGN CST7 FAU HLA-B PTMA SH3BGRL3 ACTB ALOX5AP ARHGDIB CCL5 CD2 CD3D COX4I1 DUSP2 EIF1 EIF3F HLA-C ITM2B LCP1 PIM1 TMEM66 TPT1 ADA ATP5F1 BAX BSG BTF3 CD69 CIRBP COTL1 EEF1A1 EEF2 EIF3E EIF4A2 ELP2 GK GNB2L1 GYG1 HDGF HLA-DPB1 HLA-E
intervention,gse96583:ctrl:1039:TCGATTTGTGCCTC-1,TCGATTTGTGCCTC-1,1039,1039,ctrl,singlet,CD8 T cells,1,T_plus_cytotoxic,1039:T_plus_cytotoxic,1b41700f799a592f3b817cb8a619915e1a4fac7e57c028a5626f7c51deefc65c,1234,T_TCR_CD8,1,CD3D,1,CD3D,3.23124631958,CD2,3.23124631958,1,0,0.0305458187281,1,0.972124853948,TMSB4X B2M FTH1 BTG1 CXCR4 H3F3B GAPDH ANXA1 HLA-A SRGN CST7 FAU HLA-B PTMA SH3BGRL3 ACTB ALOX5AP ARHGDIB CCL5 CD2 CD3D COX4I1 DUSP2 EIF1 EIF3F HLA-C ITM2B LCP1 PIM1 TMEM66 TPT1 ADA ATP5F1 BAX BSG BTF3 CD69 CIRBP COTL1 EEF1A1 EEF2 EIF3E EIF4A2 ELP2 GK GNB2L1 GYG1 HDGF HLA-DPB1 HLA-E,TMSB4X B2M FTH1 BTG1 CXCR4 H3F3B GAPDH ANXA1 HLA-A SRGN CST7 FAU HLA-B PTMA SH3BGRL3 ACTB ALOX5AP ARHGDIB CCL5 CD2 MASKED_GENE COX4I1 DUSP2 EIF1 EIF3F HLA-C ITM2B LCP1 PIM1 TMEM66 TPT1 ADA ATP5F1 BAX BSG BTF3 CD69 CIRBP COTL1 EEF1A1 EEF2 EIF3E EIF4A2 ELP2 GK GNB2L1 GYG1 HDGF HLA-DPB1 HLA-E,TMSB4X B2M FTH1 BTG1 CXCR4 H3F3B GAPDH ANXA1 HLA-A SRGN CST7 FAU HLA-B PTMA SH3BGRL3 ACTB ALOX5AP ARHGDIB CCL5 MASKED_GENE CD3D COX4I1 DUSP2 EIF1 EIF3F HLA-C ITM2B LCP1 PIM1 TMEM66 TPT1 ADA ATP5F1 BAX BSG BTF3 CD69 CIRBP COTL1 EEF1A1 EEF2 EIF3E EIF4A2 ELP2 GK GNB2L1 GYG1 HDGF HLA-DPB1 HLA-E
intervention,gse96583:ctrl:1039:TCGATTTGTGCCTC-1,TCGATTTGTGCCTC-1,1039,1039,ctrl,singlet,CD8 T cells,1,T_plus_cytotoxic,1039:T_plus_cytotoxic,1b41700f799a592f3b817cb8a619915e1a4fac7e57c028a5626f7c51deefc65c,1234,cytotoxic_effector,1,CCL5,1,CCL5,3.23124631958,PTMA,3.50900223327,5,0.277755913683,0.105658487732,0,3.27876337135,TMSB4X B2M FTH1 BTG1 CXCR4 H3F3B GAPDH ANXA1 HLA-A SRGN CST7 FAU HLA-B PTMA SH3BGRL3 ACTB ALOX5AP ARHGDIB CCL5 CD2 CD3D COX4I1 DUSP2 EIF1 EIF3F HLA-C ITM2B LCP1 PIM1 TMEM66 TPT1 ADA ATP5F1 BAX BSG BTF3 CD69 CIRBP COTL1 EEF1A1 EEF2 EIF3E EIF4A2 ELP2 GK GNB2L1 GYG1 HDGF HLA-DPB1 HLA-E,TMSB4X B2M FTH1 BTG1 CXCR4 H3F3B GAPDH ANXA1 HLA-A SRGN CST7 FAU HLA-B PTMA SH3BGRL3 ACTB ALOX5AP ARHGDIB MASKED_GENE CD2 CD3D COX4I1 DUSP2 EIF1 EIF3F HLA-C ITM2B LCP1 PIM1 TMEM66 TPT1 ADA ATP5F1 BAX BSG BTF3 CD69 CIRBP COTL1 EEF1A1 EEF2 EIF3E EIF4A2 ELP2 GK GNB2L1 GYG1 HDGF HLA-DPB1 HLA-E,TMSB4X B2M FTH1 BTG1 CXCR4 H3F3B GAPDH ANXA1 HLA-A SRGN CST7 FAU HLA-B MASKED_GENE SH3BGRL3 ACTB ALOX5AP ARHGDIB CCL5 CD2 CD3D COX4I1 DUSP2 EIF1 EIF3F HLA-C ITM2B LCP1 PIM1 TMEM66 TPT1 ADA ATP5F1 BAX BSG BTF3 CD69 CIRBP COTL1 EEF1A1 EEF2 EIF3E EIF4A2 ELP2 GK GNB2L1 GYG1 HDGF HLA-DPB1 HLA-E
base,gse96583:ctrl:1039:GCCGAGTGCTTCTA-1,GCCGAGTGCTTCTA-1,1039,1039,ctrl,singlet,CD8 T cells,1,T_plus_cytotoxic,1039:T_plus_cytotoxic,21f469467d759b40b566452b4f30dcba6582864632499b0c8538e35baa7ef646,1079,none,0,,0,,,,,,,,,,B2M TMSB4X FTH1 GZMK UBC EEF1A1 H3F3B SLC12A4 GNB2L1 HLA-A HLA-B HLA-C HMGB1 OAZ1 PTMA SRGN YWHAQ ANXA1 ATP5G2 BTG1 CCL5 CD3E EEF1D HINT1 IER2 JUNB LAPTM5 MYL6 NPM1 PARL RABAC1 RGCC SERF2 STYX TMEM66 ARHGDIA ARHGDIB ATP5A1 ATP6V1G1 BATF C11orf58 CCM2 CITED2 CNBP COX4I1 CTR9 CXCR4 DAD1 DYNLL1 EEF2,B2M TMSB4X FTH1 GZMK UBC EEF1A1 H3F3B SLC12A4 GNB2L1 HLA-A HLA-B HLA-C HMGB1 OAZ1 PTMA SRGN YWHAQ ANXA1 ATP5G2 BTG1 CCL5 CD3E EEF1D HINT1 IER2 JUNB LAPTM5 MYL6 NPM1 PARL RABAC1 RGCC SERF2 STYX TMEM66 ARHGDIA ARHGDIB ATP5A1 ATP6V1G1 BATF C11orf58 CCM2 CITED2 CNBP COX4I1 CTR9 CXCR4 DAD1 DYNLL1 EEF2,B2M TMSB4X FTH1 GZMK UBC EEF1A1 H3F3B SLC12A4 GNB2L1 HLA-A HLA-B HLA-C HMGB1 OAZ1 PTMA SRGN YWHAQ ANXA1 ATP5G2 BTG1 CCL5 CD3E EEF1D HINT1 IER2 JUNB LAPTM5 MYL6 NPM1 PARL RABAC1 RGCC SERF2 STYX TMEM66 ARHGDIA ARHGDIB ATP5A1 ATP6V1G1 BATF C11orf58 CCM2 CITED2 CNBP COX4I1 CTR9 CXCR4 DAD1 DYNLL1 EEF2
intervention,gse96583:ctrl:1039:GCCGAGTGCTTCTA-1,GCCGAGTGCTTCTA-1,1039,1039,ctrl,singlet,CD8 T cells,1,T_plus_cytotoxic,1039:T_plus_cytotoxic,21f469467d759b40b566452b4f30dcba6582864632499b0c8538e35baa7ef646,1079,T_TCR_CD8,1,CD3E,1,CD3E,3.36049766367,IER2,3.36049766367,3,0,0.0480721081622,0,1.48072108162,B2M TMSB4X FTH1 GZMK UBC EEF1A1 H3F3B SLC12A4 GNB2L1 HLA-A HLA-B HLA-C HMGB1 OAZ1 PTMA SRGN YWHAQ ANXA1 ATP5G2 BTG1 CCL5 CD3E EEF1D HINT1 IER2 JUNB LAPTM5 MYL6 NPM1 PARL RABAC1 RGCC SERF2 STYX TMEM66 ARHGDIA ARHGDIB ATP5A1 ATP6V1G1 BATF C11orf58 CCM2 CITED2 CNBP COX4I1 CTR9 CXCR4 DAD1 DYNLL1 EEF2,B2M TMSB4X FTH1 GZMK UBC EEF1A1 H3F3B SLC12A4 GNB2L1 HLA-A HLA-B HLA-C HMGB1 OAZ1 PTMA SRGN YWHAQ ANXA1 ATP5G2 BTG1 CCL5 MASKED_GENE EEF1D HINT1 IER2 JUNB LAPTM5 MYL6 NPM1 PARL RABAC1 RGCC SERF2 STYX TMEM66 ARHGDIA ARHGDIB ATP5A1 ATP6V1G1 BATF C11orf58 CCM2 CITED2 CNBP COX4I1 CTR9 CXCR4 DAD1 DYNLL1 EEF2,B2M TMSB4X FTH1 GZMK UBC EEF1A1 H3F3B SLC12A4 GNB2L1 HLA-A HLA-B HLA-C HMGB1 OAZ1 PTMA SRGN YWHAQ ANXA1 ATP5G2 BTG1 CCL5 CD3E EEF1D HINT1 MASKED_GENE JUNB LAPTM5 MYL6 NPM1 PARL RABAC1 RGCC SERF2 STYX TMEM66 ARHGDIA ARHGDIB ATP5A1 ATP6V1G1 BATF C11orf58 CCM2 CITED2 CNBP COX4I1 CTR9 CXCR4 DAD1 DYNLL1 EEF2
intervention,gse96583:ctrl:1039:GCCGAGTGCTTCTA-1,GCCGAGTGCTTCTA-1,1039,1039,ctrl,singlet,CD8 T cells,1,T_plus_cytotoxic,1039:T_plus_cytotoxic,21f469467d759b40b566452b4f30dcba6582864632499b0c8538e35baa7ef646,1079,cytotoxic_effector,1,GZMK;CCL5,2,GZMK,4.4356925755,UBC,4.18775724826,1,0.247935327244,0.20430645969,1,3.20560191805,B2M TMSB4X FTH1 GZMK UBC EEF1A1 H3F3B SLC12A4 GNB2L1 HLA-A HLA-B HLA-C HMGB1 OAZ1 PTMA SRGN YWHAQ ANXA1 ATP5G2 BTG1 CCL5 CD3E EEF1D HINT1 IER2 JUNB LAPTM5 MYL6 NPM1 PARL RABAC1 RGCC SERF2 STYX TMEM66 ARHGDIA ARHGDIB ATP5A1 ATP6V1G1 BATF C11orf58 CCM2 CITED2 CNBP COX4I1 CTR9 CXCR4 DAD1 DYNLL1 EEF2,B2M TMSB4X FTH1 MASKED_GENE UBC EEF1A1 H3F3B SLC12A4 GNB2L1 HLA-A HLA-B HLA-C HMGB1 OAZ1 PTMA SRGN YWHAQ ANXA1 ATP5G2 BTG1 CCL5 CD3E EEF1D HINT1 IER2 JUNB LAPTM5 MYL6 NPM1 PARL RABAC1 RGCC SERF2 STYX TMEM66 ARHGDIA ARHGDIB ATP5A1 ATP6V1G1 BATF C11orf58 CCM2 CITED2 CNBP COX4I1 CTR9 CXCR4 DAD1 DYNLL1 EEF2,B2M TMSB4X FTH1 GZMK MASKED_GENE EEF1A1 H3F3B SLC12A4 GNB2L1 HLA-A HLA-B HLA-C HMGB1 OAZ1 PTMA SRGN YWHAQ ANXA1 ATP5G2 BTG1 CCL5 CD3E EEF1D HINT1 IER2 JUNB LAPTM5 MYL6 NPM1 PARL RABAC1 RGCC SERF2 STYX TMEM66 ARHGDIA ARHGDIB ATP5A1 ATP6V1G1 BATF C11orf58 CCM2 CITED2 CNBP COX4I1 CTR9 CXCR4 DAD1 DYNLL1 EEF2
base,gse96583:ctrl:1039:ATTTCGTGTGAGGG-1,ATTTCGTGTGAGGG-1,1039,1039,ctrl,singlet,CD8 T cells,1,T_plus_cytotoxic,1039:T_plus_cytotoxic,51998c4fdec093d78f165ec3f647b424ffd5558c417654121f8d7dc3afd8b666,763,none,0,,0,,,,,,,,,,B2M TMSB4X FTH1 GNLY OAZ1 CCL5 ALOX5AP HLA-B PTMA GZMB PTPRC BTG1 EZR GAPDH HLA-C KMT2E NKG7 SOD1 TMEM66 UBB ARHGDIB ARPC2 ATXN3 CALM2 CD3D CD63 COMMD6 CREM CXCR4 CYBA DYNLL1 EEF1A1 ETHE1 FAHD1 GNB2L1 H3F3B HINT1 HLA-A HMGB1 KLRC1 LAPTM5 LIPT1 MYL6 PFDN5 POLR1D PRELID1 PRF1 PSMB3 SERF2 TARS,B2M TMSB4X FTH1 GNLY OAZ1 CCL5 ALOX5AP HLA-B PTMA GZMB PTPRC BTG1 EZR GAPDH HLA-C KMT2E NKG7 SOD1 TMEM66 UBB ARHGDIB ARPC2 ATXN3 CALM2 CD3D CD63 COMMD6 CREM CXCR4 CYBA DYNLL1 EEF1A1 ETHE1 FAHD1 GNB2L1 H3F3B HINT1 HLA-A HMGB1 KLRC1 LAPTM5 LIPT1 MYL6 PFDN5 POLR1D PRELID1 PRF1 PSMB3 SERF2 TARS,B2M TMSB4X FTH1 GNLY OAZ1 CCL5 ALOX5AP HLA-B PTMA GZMB PTPRC BTG1 EZR GAPDH HLA-C KMT2E NKG7 SOD1 TMEM66 UBB ARHGDIB ARPC2 ATXN3 CALM2 CD3D CD63 COMMD6 CREM CXCR4 CYBA DYNLL1 EEF1A1 ETHE1 FAHD1 GNB2L1 H3F3B HINT1 HLA-A HMGB1 KLRC1 LAPTM5 LIPT1 MYL6 PFDN5 POLR1D PRELID1 PRF1 PSMB3 SERF2 TARS
intervention,gse96583:ctrl:1039:ATTTCGTGTGAGGG-1,ATTTCGTGTGAGGG-1,1039,1039,ctrl,singlet,CD8 T cells,1,T_plus_cytotoxic,1039:T_plus_cytotoxic,51998c4fdec093d78f165ec3f647b424ffd5558c417654121f8d7dc3afd8b666,763,T_TCR_CD8,1,CD3D,1,CD3D,3.30366980423,CALM2,3.30366980423,1,0,0.0756134201302,1,1.42280086797,B2M TMSB4X FTH1 GNLY OAZ1 CCL5 ALOX5AP HLA-B PTMA GZMB PTPRC BTG1 EZR GAPDH HLA-C KMT2E NKG7 SOD1 TMEM66 UBB ARHGDIB ARPC2 ATXN3 CALM2 CD3D CD63 COMMD6 CREM CXCR4 CYBA DYNLL1 EEF1A1 ETHE1 FAHD1 GNB2L1 H3F3B HINT1 HLA-A HMGB1 KLRC1 LAPTM5 LIPT1 MYL6 PFDN5 POLR1D PRELID1 PRF1 PSMB3 SERF2 TARS,B2M TMSB4X FTH1 GNLY OAZ1 CCL5 ALOX5AP HLA-B PTMA GZMB PTPRC BTG1 EZR GAPDH HLA-C KMT2E NKG7 SOD1 TMEM66 UBB ARHGDIB ARPC2 ATXN3 CALM2 MASKED_GENE CD63 COMMD6 CREM CXCR4 CYBA DYNLL1 EEF1A1 ETHE1 FAHD1 GNB2L1 H3F3B HINT1 HLA-A HMGB1 KLRC1 LAPTM5 LIPT1 MYL6 PFDN5 POLR1D PRELID1 PRF1 PSMB3 SERF2 TARS,B2M TMSB4X FTH1 GNLY OAZ1 CCL5 ALOX5AP HLA-B PTMA GZMB PTPRC BTG1 EZR GAPDH HLA-C KMT2E NKG7 SOD1 TMEM66 UBB ARHGDIB ARPC2 ATXN3 MASKED_GENE CD3D CD63 COMMD6 CREM CXCR4 CYBA DYNLL1 EEF1A1 ETHE1 FAHD1 GNB2L1 H3F3B HINT1 HLA-A HMGB1 KLRC1 LAPTM5 LIPT1 MYL6 PFDN5 POLR1D PRELID1 PRF1 PSMB3 SERF2 TARS
intervention,gse96583:ctrl:1039:ATTTCGTGTGAGGG-1,ATTTCGTGTGAGGG-1,1039,1039,ctrl,singlet,CD8 T cells,1,T_plus_cytotoxic,1039:T_plus_cytotoxic,51998c4fdec093d78f165ec3f647b424ffd5558c417654121f8d7dc3afd8b666,763,cytotoxic_effector,1,GNLY;CCL5;GZMB;NKG7;PRF1,5,GNLY,4.97789003122,OAZ1,4.52983351292,1,0.448056518299,0.174261392088,0,2.97206029081,B2M TMSB4X FTH1 GNLY OAZ1 CCL5 ALOX5AP HLA-B PTMA GZMB PTPRC BTG1 EZR GAPDH HLA-C KMT2E NKG7 SOD1 TMEM66 UBB ARHGDIB ARPC2 ATXN3 CALM2 CD3D CD63 COMMD6 CREM CXCR4 CYBA DYNLL1 EEF1A1 ETHE1 FAHD1 GNB2L1 H3F3B HINT1 HLA-A HMGB1 KLRC1 LAPTM5 LIPT1 MYL6 PFDN5 POLR1D PRELID1 PRF1 PSMB3 SERF2 TARS,B2M TMSB4X FTH1 MASKED_GENE OAZ1 CCL5 ALOX5AP HLA-B PTMA GZMB PTPRC BTG1 EZR GAPDH HLA-C KMT2E NKG7 SOD1 TMEM66 UBB ARHGDIB ARPC2 ATXN3 CALM2 CD3D CD63 COMMD6 CREM CXCR4 CYBA DYNLL1 EEF1A1 ETHE1 FAHD1 GNB2L1 H3F3B HINT1 HLA-A HMGB1 KLRC1 LAPTM5 LIPT1 MYL6 PFDN5 POLR1D PRELID1 PRF1 PSMB3 SERF2 TARS,B2M TMSB4X FTH1 GNLY MASKED_GENE CCL5 ALOX5AP HLA-B PTMA GZMB PTPRC BTG1 EZR GAPDH HLA-C KMT2E NKG7 SOD1 TMEM66 UBB ARHGDIB ARPC2 ATXN3 CALM2 CD3D CD63 COMMD6 CREM CXCR4 CYBA DYNLL1 EEF1A1 ETHE1 FAHD1 GNB2L1 H3F3B HINT1 HLA-A HMGB1 KLRC1 LAPTM5 LIPT1 MYL6 PFDN5 POLR1D PRELID1 PRF1 PSMB3 SERF2 TARS
base,gse96583:ctrl:1039:AGAGTGCTGGACGA-1,AGAGTGCTGGACGA-1,1039,1039,ctrl,singlet,NK cells,0,NK_receptor_plus_cytotoxic,1039:NK_receptor_plus_cytotoxic,68da9b2bde1a17e7956e86921d15beb2056016e5c7c2ceac1b025c40e672656b,971,none,0,,0,,,,,,,,,,TMSB4X B2M HLA-A FTH1 DUSP2 PTMA HLA-B GNLY HLA-C OSER1 CD7 EEF1D EIF1 FAU HSPA5 KLRD1 ARHGDIB CD63 CNIH1 GNB2L1 NACA OSBPL8 QPRT SDF2L1 SH3BGRL3 TNFRSF18 UQCR10 VIM ACTB ALDOA ANXA1 BECN1 BUD31 C9orf16 CALM1 CCNDBP1 CCS CLIC3 CNBP DEK EIF3H EIF5B ENO1 GAPDH GMEB1 GTF3A H2AFV H3F3B HSD17B10 IER2,TMSB4X B2M HLA-A FTH1 DUSP2 PTMA HLA-B GNLY HLA-C OSER1 CD7 EEF1D EIF1 FAU HSPA5 KLRD1 ARHGDIB CD63 CNIH1 GNB2L1 NACA OSBPL8 QPRT SDF2L1 SH3BGRL3 TNFRSF18 UQCR10 VIM ACTB ALDOA ANXA1 BECN1 BUD31 C9orf16 CALM1 CCNDBP1 CCS CLIC3 CNBP DEK EIF3H EIF5B ENO1 GAPDH GMEB1 GTF3A H2AFV H3F3B HSD17B10 IER2,TMSB4X B2M HLA-A FTH1 DUSP2 PTMA HLA-B GNLY HLA-C OSER1 CD7 EEF1D EIF1 FAU HSPA5 KLRD1 ARHGDIB CD63 CNIH1 GNB2L1 NACA OSBPL8 QPRT SDF2L1 SH3BGRL3 TNFRSF18 UQCR10 VIM ACTB ALDOA ANXA1 BECN1 BUD31 C9orf16 CALM1 CCNDBP1 CCS CLIC3 CNBP DEK EIF3H EIF5B ENO1 GAPDH GMEB1 GTF3A H2AFV H3F3B HSD17B10 IER2
intervention,gse96583:ctrl:1039:AGAGTGCTGGACGA-1,AGAGTGCTGGACGA-1,1039,1039,ctrl,singlet,NK cells,0,NK_receptor_plus_cytotoxic,1039:NK_receptor_plus_cytotoxic,68da9b2bde1a17e7956e86921d15beb2056016e5c7c2ceac1b025c40e672656b,971,NK_receptor_identity,1,KLRD1,1,KLRD1,3.74229331006,HSPA5,3.74229331006,1,0,0.0180270405608,0,0.513603738942,TMSB4X B2M HLA-A FTH1 DUSP2 PTMA HLA-B GNLY HLA-C OSER1 CD7 EEF1D EIF1 FAU HSPA5 KLRD1 ARHGDIB CD63 CNIH1 GNB2L1 NACA OSBPL8 QPRT SDF2L1 SH3BGRL3 TNFRSF18 UQCR10 VIM ACTB ALDOA ANXA1 BECN1 BUD31 C9orf16 CALM1 CCNDBP1 CCS CLIC3 CNBP DEK EIF3H EIF5B ENO1 GAPDH GMEB1 GTF3A H2AFV H3F3B HSD17B10 IER2,TMSB4X B2M HLA-A FTH1 DUSP2 PTMA HLA-B GNLY HLA-C OSER1 CD7 EEF1D EIF1 FAU HSPA5 MASKED_GENE ARHGDIB CD63 CNIH1 GNB2L1 NACA OSBPL8 QPRT SDF2L1 SH3BGRL3 TNFRSF18 UQCR10 VIM ACTB ALDOA ANXA1 BECN1 BUD31 C9orf16 CALM1 CCNDBP1 CCS CLIC3 CNBP DEK EIF3H EIF5B ENO1 GAPDH GMEB1 GTF3A H2AFV H3F3B HSD17B10 IER2,TMSB4X B2M HLA-A FTH1 DUSP2 PTMA HLA-B GNLY HLA-C OSER1 CD7 EEF1D EIF1 FAU MASKED_GENE KLRD1 ARHGDIB CD63 CNIH1 GNB2L1 NACA OSBPL8 QPRT SDF2L1 SH3BGRL3 TNFRSF18 UQCR10 VIM ACTB ALDOA ANXA1 BECN1 BUD31 C9orf16 CALM1 CCNDBP1 CCS CLIC3 CNBP DEK EIF3H EIF5B ENO1 GAPDH GMEB1 GTF3A H2AFV H3F3B HSD17B10 IER2
intervention,gse96583:ctrl:1039:AGAGTGCTGGACGA-1,AGAGTGCTGGACGA-1,1039,1039,ctrl,singlet,NK cells,0,NK_receptor_plus_cytotoxic,1039:NK_receptor_plus_cytotoxic,68da9b2bde1a17e7956e86921d15beb2056016e5c7c2ceac1b025c40e672656b,971,cytotoxic_effector,1,GNLY,1,GNLY,4.13982715198,HLA-C,4.13982715198,1,0,0.308462694041,1,3.75129360708,TMSB4X B2M HLA-A FTH1 DUSP2 PTMA HLA-B GNLY HLA-C OSER1 CD7 EEF1D EIF1 FAU HSPA5 KLRD1 ARHGDIB CD63 CNIH1 GNB2L1 NACA OSBPL8 QPRT SDF2L1 SH3BGRL3 TNFRSF18 UQCR10 VIM ACTB ALDOA ANXA1 BECN1 BUD31 C9orf16 CALM1 CCNDBP1 CCS CLIC3 CNBP DEK EIF3H EIF5B ENO1 GAPDH GMEB1 GTF3A H2AFV H3F3B HSD17B10 IER2,TMSB4X B2M HLA-A FTH1 DUSP2 PTMA HLA-B MASKED_GENE HLA-C OSER1 CD7 EEF1D EIF1 FAU HSPA5 KLRD1 ARHGDIB CD63 CNIH1 GNB2L1 NACA OSBPL8 QPRT SDF2L1 SH3BGRL3 TNFRSF18 UQCR10 VIM ACTB ALDOA ANXA1 BECN1 BUD31 C9orf16 CALM1 CCNDBP1 CCS CLIC3 CNBP DEK EIF3H EIF5B ENO1 GAPDH GMEB1 GTF3A H2AFV H3F3B HSD17B10 IER2,TMSB4X B2M HLA-A FTH1 DUSP2 PTMA HLA-B GNLY MASKED_GENE OSER1 CD7 EEF1D EIF1 FAU HSPA5 KLRD1 ARHGDIB CD63 CNIH1 GNB2L1 NACA OSBPL8 QPRT SDF2L1 SH3BGRL3 TNFRSF18 UQCR10 VIM ACTB ALDOA ANXA1 BECN1 BUD31 C9orf16 CALM1 CCNDBP1 CCS CLIC3 CNBP DEK EIF3H EIF5B ENO1 GAPDH GMEB1 GTF3A H2AFV H3F3B HSD17B10 IER2
base,gse96583:ctrl:1039:ACATTCTGCGCTAA-1,ACATTCTGCGCTAA-1,1039,1039,ctrl,singlet,NK cells,0,NK_receptor_plus_cytotoxic,1039:NK_receptor_plus_cytotoxic,8905740da380116bf0b0eeab4d403cd0b762dafc23da004277c6ae57a7bc63d4,653,none,0,,0,,,,,,,,,,B2M TMSB4X GNLY GZMB HLA-A CCL5 PTMA CST7 PRRC2C FTH1 H3F3B HLA-B HLA-C NKG7 PTPRC SRGN CD247 CYBA FAU GAPDH GZMH PLAC8 ANXA1 AURKAIP1 CCNDBP1 CD7 CFL1 DCAF8 FGFBP2 FXYD5 IFI16 KLRD1 LDHA NDUFC2 OAZ1 PDCD6 PSME1 RABAC1 RARRES3 S100A6 SERF2 SERPINB1 SH3BGRL3 SKP1 TMEM59 TMSB10 TNFAIP3 UBB UBC WASF2,B2M TMSB4X GNLY GZMB HLA-A CCL5 PTMA CST7 PRRC2C FTH1 H3F3B HLA-B HLA-C NKG7 PTPRC SRGN CD247 CYBA FAU GAPDH GZMH PLAC8 ANXA1 AURKAIP1 CCNDBP1 CD7 CFL1 DCAF8 FGFBP2 FXYD5 IFI16 KLRD1 LDHA NDUFC2 OAZ1 PDCD6 PSME1 RABAC1 RARRES3 S100A6 SERF2 SERPINB1 SH3BGRL3 SKP1 TMEM59 TMSB10 TNFAIP3 UBB UBC WASF2,B2M TMSB4X GNLY GZMB HLA-A CCL5 PTMA CST7 PRRC2C FTH1 H3F3B HLA-B HLA-C NKG7 PTPRC SRGN CD247 CYBA FAU GAPDH GZMH PLAC8 ANXA1 AURKAIP1 CCNDBP1 CD7 CFL1 DCAF8 FGFBP2 FXYD5 IFI16 KLRD1 LDHA NDUFC2 OAZ1 PDCD6 PSME1 RABAC1 RARRES3 S100A6 SERF2 SERPINB1 SH3BGRL3 SKP1 TMEM59 TMSB10 TNFAIP3 UBB UBC WASF2
intervention,gse96583:ctrl:1039:ACATTCTGCGCTAA-1,ACATTCTGCGCTAA-1,1039,1039,ctrl,singlet,NK cells,0,NK_receptor_plus_cytotoxic,1039:NK_receptor_plus_cytotoxic,8905740da380116bf0b0eeab4d403cd0b762dafc23da004277c6ae57a7bc63d4,653,NK_receptor_identity,1,KLRD1,1,KLRD1,3.45403873701,FXYD5,3.45403873701,2,0,0.0185277916875,0,0.851944583542,B2M TMSB4X GNLY GZMB HLA-A CCL5 PTMA CST7 PRRC2C FTH1 H3F3B HLA-B HLA-C NKG7 PTPRC SRGN CD247 CYBA FAU GAPDH GZMH PLAC8 ANXA1 AURKAIP1 CCNDBP1 CD7 CFL1 DCAF8 FGFBP2 FXYD5 IFI16 KLRD1 LDHA NDUFC2 OAZ1 PDCD6 PSME1 RABAC1 RARRES3 S100A6 SERF2 SERPINB1 SH3BGRL3 SKP1 TMEM59 TMSB10 TNFAIP3 UBB UBC WASF2,B2M TMSB4X GNLY GZMB HLA-A CCL5 PTMA CST7 PRRC2C FTH1 H3F3B HLA-B HLA-C NKG7 PTPRC SRGN CD247 CYBA FAU GAPDH GZMH PLAC8 ANXA1 AURKAIP1 CCNDBP1 CD7 CFL1 DCAF8 FGFBP2 FXYD5 IFI16 MASKED_GENE LDHA NDUFC2 OAZ1 PDCD6 PSME1 RABAC1 RARRES3 S100A6 SERF2 SERPINB1 SH3BGRL3 SKP1 TMEM59 TMSB10 TNFAIP3 UBB UBC WASF2,B2M TMSB4X GNLY GZMB HLA-A CCL5 PTMA CST7 PRRC2C FTH1 H3F3B HLA-B HLA-C NKG7 PTPRC SRGN CD247 CYBA FAU GAPDH GZMH PLAC8 ANXA1 AURKAIP1 CCNDBP1 CD7 CFL1 DCAF8 FGFBP2 MASKED_GENE IFI16 KLRD1 LDHA NDUFC2 OAZ1 PDCD6 PSME1 RABAC1 RARRES3 S100A6 SERF2 SERPINB1 SH3BGRL3 SKP1 TMEM59 TMSB10 TNFAIP3 UBB UBC WASF2
intervention,gse96583:ctrl:1039:ACATTCTGCGCTAA-1,ACATTCTGCGCTAA-1,1039,1039,ctrl,singlet,NK cells,0,NK_receptor_plus_cytotoxic,1039:NK_receptor_plus_cytotoxic,8905740da380116bf0b0eeab4d403cd0b762dafc23da004277c6ae57a7bc63d4,653,cytotoxic_effector,1,GNLY;GZMB;CCL5;NKG7;GZMH;FGFBP2,6,GNLY,5.67663317153,PTMA,4.93321718068,4,0.743415990849,0.221331997997,0,5.033485295,B2M TMSB4X GNLY GZMB HLA-A CCL5 PTMA CST7 PRRC2C FTH1 H3F3B HLA-B HLA-C NKG7 PTPRC SRGN CD247 CYBA FAU GAPDH GZMH PLAC8 ANXA1 AURKAIP1 CCNDBP1 CD7 CFL1 DCAF8 FGFBP2 FXYD5 IFI16 KLRD1 LDHA NDUFC2 OAZ1 PDCD6 PSME1 RABAC1 RARRES3 S100A6 SERF2 SERPINB1 SH3BGRL3 SKP1 TMEM59 TMSB10 TNFAIP3 UBB UBC WASF2,B2M TMSB4X MASKED_GENE GZMB HLA-A CCL5 PTMA CST7 PRRC2C FTH1 H3F3B HLA-B HLA-C NKG7 PTPRC SRGN CD247 CYBA FAU GAPDH GZMH PLAC8 ANXA1 AURKAIP1 CCNDBP1 CD7 CFL1 DCAF8 FGFBP2 FXYD5 IFI16 KLRD1 LDHA NDUFC2 OAZ1 PDCD6 PSME1 RABAC1 RARRES3 S100A6 SERF2 SERPINB1 SH3BGRL3 SKP1 TMEM59 TMSB10 TNFAIP3 UBB UBC WASF2,B2M TMSB4X GNLY GZMB HLA-A CCL5 MASKED_GENE CST7 PRRC2C FTH1 H3F3B HLA-B HLA-C NKG7 PTPRC SRGN CD247 CYBA FAU GAPDH GZMH PLAC8 ANXA1 AURKAIP1 CCNDBP1 CD7 CFL1 DCAF8 FGFBP2 FXYD5 IFI16 KLRD1 LDHA NDUFC2 OAZ1 PDCD6 PSME1 RABAC1 RARRES3 S100A6 SERF2 SERPINB1 SH3BGRL3 SKP1 TMEM59 TMSB10 TNFAIP3 UBB UBC WASF2
base,gse96583:ctrl:1039:GCGTATGATTGGCA-1,GCGTATGATTGGCA-1,1039,1039,ctrl,singlet,NK cells,0,NK_receptor_plus_cytotoxic,1039:NK_receptor_plus_cytotoxic,99b054165bfe5f9e80ac2bc61cbc4e18a4b3bb1d1b6a3991dd91247a8f1cc36b,1054,none,0,,0,,,,,,,,,,TMSB4X B2M GNLY FAU FTH1 HLA-A HLA-B GNB2L1 PTMA HLA-C NACA HNRNPA1 MIR142 NKG7 AP3S1 BTG1 CCL5 CD63 GZMB H3F3B HLA-DPB1 KLRC1 LAGE3 LAMTOR4 RAP1GDS1 SH3BGRL3 SRGN UBB UBXN4 ACTB ARID4B ATP6V1E1 CCNI CD2 CD7 CLTA CXCR3 DOK2 ECH1 EGLN1 EOMES ETFB EVL FBXW2 GAPDH GMFG GSTO1 HLA-E IKZF1 ISG20,TMSB4X B2M GNLY FAU FTH1 HLA-A HLA-B GNB2L1 PTMA HLA-C NACA HNRNPA1 MIR142 NKG7 AP3S1 BTG1 CCL5 CD63 GZMB H3F3B HLA-DPB1 KLRC1 LAGE3 LAMTOR4 RAP1GDS1 SH3BGRL3 SRGN UBB UBXN4 ACTB ARID4B ATP6V1E1 CCNI CD2 CD7 CLTA CXCR3 DOK2 ECH1 EGLN1 EOMES ETFB EVL FBXW2 GAPDH GMFG GSTO1 HLA-E IKZF1 ISG20,TMSB4X B2M GNLY FAU FTH1 HLA-A HLA-B GNB2L1 PTMA HLA-C NACA HNRNPA1 MIR142 NKG7 AP3S1 BTG1 CCL5 CD63 GZMB H3F3B HLA-DPB1 KLRC1 LAGE3 LAMTOR4 RAP1GDS1 SH3BGRL3 SRGN UBB UBXN4 ACTB ARID4B ATP6V1E1 CCNI CD2 CD7 CLTA CXCR3 DOK2 ECH1 EGLN1 EOMES ETFB EVL FBXW2 GAPDH GMFG GSTO1 HLA-E IKZF1 ISG20
intervention,gse96583:ctrl:1039:GCGTATGATTGGCA-1,GCGTATGATTGGCA-1,1039,1039,ctrl,singlet,NK cells,0,NK_receptor_plus_cytotoxic,1039:NK_receptor_plus_cytotoxic,99b054165bfe5f9e80ac2bc61cbc4e18a4b3bb1d1b6a3991dd91247a8f1cc36b,1054,NK_receptor_identity,1,KLRC1,1,KLRC1,3.38313517444,LAGE3,3.38313517444,1,0,0.0260390585879,0,0.593723919212,TMSB4X B2M GNLY FAU FTH1 HLA-A HLA-B GNB2L1 PTMA HLA-C NACA HNRNPA1 MIR142 NKG7 AP3S1 BTG1 CCL5 CD63 GZMB H3F3B HLA-DPB1 KLRC1 LAGE3 LAMTOR4 RAP1GDS1 SH3BGRL3 SRGN UBB UBXN4 ACTB ARID4B ATP6V1E1 CCNI CD2 CD7 CLTA CXCR3 DOK2 ECH1 EGLN1 EOMES ETFB EVL FBXW2 GAPDH GMFG GSTO1 HLA-E IKZF1 ISG20,TMSB4X B2M GNLY FAU FTH1 HLA-A HLA-B GNB2L1 PTMA HLA-C NACA HNRNPA1 MIR142 NKG7 AP3S1 BTG1 CCL5 CD63 GZMB H3F3B HLA-DPB1 MASKED_GENE LAGE3 LAMTOR4 RAP1GDS1 SH3BGRL3 SRGN UBB UBXN4 ACTB ARID4B ATP6V1E1 CCNI CD2 CD7 CLTA CXCR3 DOK2 ECH1 EGLN1 EOMES ETFB EVL FBXW2 GAPDH GMFG GSTO1 HLA-E IKZF1 ISG20,TMSB4X B2M GNLY FAU FTH1 HLA-A HLA-B GNB2L1 PTMA HLA-C NACA HNRNPA1 MIR142 NKG7 AP3S1 BTG1 CCL5 CD63 GZMB H3F3B HLA-DPB1 KLRC1 MASKED_GENE LAMTOR4 RAP1GDS1 SH3BGRL3 SRGN UBB UBXN4 ACTB ARID4B ATP6V1E1 CCNI CD2 CD7 CLTA CXCR3 DOK2 ECH1 EGLN1 EOMES ETFB EVL FBXW2 GAPDH GMFG GSTO1 HLA-E IKZF1 ISG20
intervention,gse96583:ctrl:1039:GCGTATGATTGGCA-1,GCGTATGATTGGCA-1,1039,1039,ctrl,singlet,NK cells,0,NK_receptor_plus_cytotoxic,1039:NK_receptor_plus_cytotoxic,99b054165bfe5f9e80ac2bc61cbc4e18a4b3bb1d1b6a3991dd91247a8f1cc36b,1054,cytotoxic_effector,1,GNLY;NKG7;CCL5;GZMB,4,GNLY,5.29952157478,B2M,5.65469720053,1,0.355175625748,0.398097145719,1,5.35798937535,TMSB4X B2M GNLY FAU FTH1 HLA-A HLA-B GNB2L1 PTMA HLA-C NACA HNRNPA1 MIR142 NKG7 AP3S1 BTG1 CCL5 CD63 GZMB H3F3B HLA-DPB1 KLRC1 LAGE3 LAMTOR4 RAP1GDS1 SH3BGRL3 SRGN UBB UBXN4 ACTB ARID4B ATP6V1E1 CCNI CD2 CD7 CLTA CXCR3 DOK2 ECH1 EGLN1 EOMES ETFB EVL FBXW2 GAPDH GMFG GSTO1 HLA-E IKZF1 ISG20,TMSB4X B2M MASKED_GENE FAU FTH1 HLA-A HLA-B GNB2L1 PTMA HLA-C NACA HNRNPA1 MIR142 NKG7 AP3S1 BTG1 CCL5 CD63 GZMB H3F3B HLA-DPB1 KLRC1 LAGE3 LAMTOR4 RAP1GDS1 SH3BGRL3 SRGN UBB UBXN4 ACTB ARID4B ATP6V1E1 CCNI CD2 CD7 CLTA CXCR3 DOK2 ECH1 EGLN1 EOMES ETFB EVL FBXW2 GAPDH GMFG GSTO1 HLA-E IKZF1 ISG20,TMSB4X MASKED_GENE GNLY FAU FTH1 HLA-A HLA-B GNB2L1 PTMA HLA-C NACA HNRNPA1 MIR142 NKG7 AP3S1 BTG1 CCL5 CD63 GZMB H3F3B HLA-DPB1 KLRC1 LAGE3 LAMTOR4 RAP1GDS1 SH3BGRL3 SRGN UBB UBXN4 ACTB ARID4B ATP6V1E1 CCNI CD2 CD7 CLTA CXCR3 DOK2 ECH1 EGLN1 EOMES ETFB EVL FBXW2 GAPDH GMFG GSTO1 HLA-E IKZF1 ISG20
base,gse96583:ctrl:1244:TTCATTCTCACAAC-1,TTCATTCTCACAAC-1,1244,1244,ctrl,singlet,CD8 T cells,1,T_plus_cytotoxic,1244:T_plus_cytotoxic,002a557390712c0b199c88d398e30982961a897516a5b83c6f4c5c4c2247311d,1444,none,0,,0,,,,,,,,,,TMSB4X B2M FTH1 PTMA CCL5 HLA-C EIF1 HLA-B HLA-A CYBA GAPDH H3F3B PABPC1 BTG1 SRGN HIGD2A RGS2 SERF2 ACTG1 ALOX5AP ARHGDIB ATP5L ATP6V0D1 BIRC3 CCNH CFL1 FAU GNB2L1 MED10 NACA OAZ1 PFDN5 PLP2 PTPRC TMEM66 TMSB10 TPT1 TRAF3IP3 UBA52 ACTB ARPC2 ATP5A1 ATP6V0B BLOC1S2 BTF3 C14orf119 CCDC167 CCDC97 CD3D CD48,TMSB4X B2M FTH1 PTMA CCL5 HLA-C EIF1 HLA-B HLA-A CYBA GAPDH H3F3B PABPC1 BTG1 SRGN HIGD2A RGS2 SERF2 ACTG1 ALOX5AP ARHGDIB ATP5L ATP6V0D1 BIRC3 CCNH CFL1 FAU GNB2L1 MED10 NACA OAZ1 PFDN5 PLP2 PTPRC TMEM66 TMSB10 TPT1 TRAF3IP3 UBA52 ACTB ARPC2 ATP5A1 ATP6V0B BLOC1S2 BTF3 C14orf119 CCDC167 CCDC97 CD3D CD48,TMSB4X B2M FTH1 PTMA CCL5 HLA-C EIF1 HLA-B HLA-A CYBA GAPDH H3F3B PABPC1 BTG1 SRGN HIGD2A RGS2 SERF2 ACTG1 ALOX5AP ARHGDIB ATP5L ATP6V0D1 BIRC3 CCNH CFL1 FAU GNB2L1 MED10 NACA OAZ1 PFDN5 PLP2 PTPRC TMEM66 TMSB10 TPT1 TRAF3IP3 UBA52 ACTB ARPC2 ATP5A1 ATP6V0B BLOC1S2 BTF3 C14orf119 CCDC167 CCDC97 CD3D CD48
intervention,gse96583:ctrl:1244:TTCATTCTCACAAC-1,TTCATTCTCACAAC-1,1244,1244,ctrl,singlet,CD8 T cells,1,T_plus_cytotoxic,1244:T_plus_cytotoxic,002a557390712c0b199c88d398e30982961a897516a5b83c6f4c5c4c2247311d,1444,T_TCR_CD8,1,CD3D,1,CD3D,2.69802784549,CD48,2.69802784549,1,0,0.210816224337,0,2.4414955767,TMSB4X B2M FTH1 PTMA CCL5 HLA-C EIF1 HLA-B HLA-A CYBA GAPDH H3F3B PABPC1 BTG1 SRGN HIGD2A RGS2 SERF2 ACTG1 ALOX5AP ARHGDIB ATP5L ATP6V0D1 BIRC3 CCNH CFL1 FAU GNB2L1 MED10 NACA OAZ1 PFDN5 PLP2 PTPRC TMEM66 TMSB10 TPT1 TRAF3IP3 UBA52 ACTB ARPC2 ATP5A1 ATP6V0B BLOC1S2 BTF3 C14orf119 CCDC167 CCDC97 CD3D CD48,TMSB4X B2M FTH1 PTMA CCL5 HLA-C EIF1 HLA-B HLA-A CYBA GAPDH H3F3B PABPC1 BTG1 SRGN HIGD2A RGS2 SERF2 ACTG1 ALOX5AP ARHGDIB ATP5L ATP6V0D1 BIRC3 CCNH CFL1 FAU GNB2L1 MED10 NACA OAZ1 PFDN5 PLP2 PTPRC TMEM66 TMSB10 TPT1 TRAF3IP3 UBA52 ACTB ARPC2 ATP5A1 ATP6V0B BLOC1S2 BTF3 C14orf119 CCDC167 CCDC97 MASKED_GENE CD48,TMSB4X B2M FTH1 PTMA CCL5 HLA-C EIF1 HLA-B HLA-A CYBA GAPDH H3F3B PABPC1 BTG1 SRGN HIGD2A RGS2 SERF2 ACTG1 ALOX5AP ARHGDIB ATP5L ATP6V0D1 BIRC3 CCNH CFL1 FAU GNB2L1 MED10 NACA OAZ1 PFDN5 PLP2 PTPRC TMEM66 TMSB10 TPT1 TRAF3IP3 UBA52 ACTB ARPC2 ATP5A1 ATP6V0B BLOC1S2 BTF3 C14orf119 CCDC167 CCDC97 CD3D MASKED_GENE
intervention,gse96583:ctrl:1244:TTCATTCTCACAAC-1,TTCATTCTCACAAC-1,1244,1244,ctrl,singlet,CD8 T cells,1,T_plus_cytotoxic,1244:T_plus_cytotoxic,002a557390712c0b199c88d398e30982961a897516a5b83c6f4c5c4c2247311d,1444,cytotoxic_effector,1,CCL5,1,CCL5,4.71674129283,PTMA,4.93809438666,1,0.221353093823,0.105658487732,0,1.8326243983,TMSB4X B2M FTH1 PTMA CCL5 HLA-C EIF1 HLA-B HLA-A CYBA GAPDH H3F3B PABPC1 BTG1 SRGN HIGD2A RGS2 SERF2 ACTG1 ALOX5AP ARHGDIB ATP5L ATP6V0D1 BIRC3 CCNH CFL1 FAU GNB2L1 MED10 NACA OAZ1 PFDN5 PLP2 PTPRC TMEM66 TMSB10 TPT1 TRAF3IP3 UBA52 ACTB ARPC2 ATP5A1 ATP6V0B BLOC1S2 BTF3 C14orf119 CCDC167 CCDC97 CD3D CD48,TMSB4X B2M FTH1 PTMA MASKED_GENE HLA-C EIF1 HLA-B HLA-A CYBA GAPDH H3F3B PABPC1 BTG1 SRGN HIGD2A RGS2 SERF2 ACTG1 ALOX5AP ARHGDIB ATP5L ATP6V0D1 BIRC3 CCNH CFL1 FAU GNB2L1 MED10 NACA OAZ1 PFDN5 PLP2 PTPRC TMEM66 TMSB10 TPT1 TRAF3IP3 UBA52 ACTB ARPC2 ATP5A1 ATP6V0B BLOC1S2 BTF3 C14orf119 CCDC167 CCDC97 CD3D CD48,TMSB4X B2M FTH1 MASKED_GENE CCL5 HLA-C EIF1 HLA-B HLA-A CYBA GAPDH H3F3B PABPC1 BTG1 SRGN HIGD2A RGS2 SERF2 ACTG1 ALOX5AP ARHGDIB ATP5L ATP6V0D1 BIRC3 CCNH CFL1 FAU GNB2L1 MED10 NACA OAZ1 PFDN5 PLP2 PTPRC TMEM66 TMSB10 TPT1 TRAF3IP3 UBA52 ACTB ARPC2 ATP5A1 ATP6V0B BLOC1S2 BTF3 C14orf119 CCDC167 CCDC97 CD3D CD48
base,gse96583:ctrl:1244:GCGTAATGGAGAGC-1,GCGTAATGGAGAGC-1,1244,1244,ctrl,singlet,CD8 T cells,1,T_plus_cytotoxic,1244:T_plus_cytotoxic,08db6ea68fc6d9183168bf3637bdcdf01c14c9821d94f1e86b3c2d517cb89e43,780,none,0,,0,,,,,,,,,,B2M TMSB4X CCL5 HLA-A HLA-C FTH1 PTPRC TMEM66 EIF1 LAPTM5 RGS1 UBXN4 FYN HINT1 MYL12B SERF2 ACTB AKAP8L ANXA1 ANXA2 ARPC2 ASF1A ATPIF1 C12orf75 CALM2 CAPZB CD8B CELF2 CYBA DNAJA1 EEF1D EIF3E EIF5B ERP29 FAU FYB GZMK H3F3B ID3 IL2RG ITM2A JUNB NACA NDUFA4 PFDN5 PIGX PRKX PTMA RGS10 RGS2,B2M TMSB4X CCL5 HLA-A HLA-C FTH1 PTPRC TMEM66 EIF1 LAPTM5 RGS1 UBXN4 FYN HINT1 MYL12B SERF2 ACTB AKAP8L ANXA1 ANXA2 ARPC2 ASF1A ATPIF1 C12orf75 CALM2 CAPZB CD8B CELF2 CYBA DNAJA1 EEF1D EIF3E EIF5B ERP29 FAU FYB GZMK H3F3B ID3 IL2RG ITM2A JUNB NACA NDUFA4 PFDN5 PIGX PRKX PTMA RGS10 RGS2,B2M TMSB4X CCL5 HLA-A HLA-C FTH1 PTPRC TMEM66 EIF1 LAPTM5 RGS1 UBXN4 FYN HINT1 MYL12B SERF2 ACTB AKAP8L ANXA1 ANXA2 ARPC2 ASF1A ATPIF1 C12orf75 CALM2 CAPZB CD8B CELF2 CYBA DNAJA1 EEF1D EIF3E EIF5B ERP29 FAU FYB GZMK H3F3B ID3 IL2RG ITM2A JUNB NACA NDUFA4 PFDN5 PIGX PRKX PTMA RGS10 RGS2
intervention,gse96583:ctrl:1244:GCGTAATGGAGAGC-1,GCGTAATGGAGAGC-1,1244,1244,ctrl,singlet,CD8 T cells,1,T_plus_cytotoxic,1244:T_plus_cytotoxic,08db6ea68fc6d9183168bf3637bdcdf01c14c9821d94f1e86b3c2d517cb89e43,780,T_TCR_CD8,1,CD8B,1,CD8B,3.28245234497,CAPZB,3.28245234497,1,0,0.0260390585879,1,0.927057252545,B2M TMSB4X CCL5 HLA-A HLA-C FTH1 PTPRC TMEM66 EIF1 LAPTM5 RGS1 UBXN4 FYN HINT1 MYL12B SERF2 ACTB AKAP8L ANXA1 ANXA2 ARPC2 ASF1A ATPIF1 C12orf75 CALM2 CAPZB CD8B CELF2 CYBA DNAJA1 EEF1D EIF3E EIF5B ERP29 FAU FYB GZMK H3F3B ID3 IL2RG ITM2A JUNB NACA NDUFA4 PFDN5 PIGX PRKX PTMA RGS10 RGS2,B2M TMSB4X CCL5 HLA-A HLA-C FTH1 PTPRC TMEM66 EIF1 LAPTM5 RGS1 UBXN4 FYN HINT1 MYL12B SERF2 ACTB AKAP8L ANXA1 ANXA2 ARPC2 ASF1A ATPIF1 C12orf75 CALM2 CAPZB MASKED_GENE CELF2 CYBA DNAJA1 EEF1D EIF3E EIF5B ERP29 FAU FYB GZMK H3F3B ID3 IL2RG ITM2A JUNB NACA NDUFA4 PFDN5 PIGX PRKX PTMA RGS10 RGS2,B2M TMSB4X CCL5 HLA-A HLA-C FTH1 PTPRC TMEM66 EIF1 LAPTM5 RGS1 UBXN4 FYN HINT1 MYL12B SERF2 ACTB AKAP8L ANXA1 ANXA2 ARPC2 ASF1A ATPIF1 C12orf75 CALM2 MASKED_GENE CD8B CELF2 CYBA DNAJA1 EEF1D EIF3E EIF5B ERP29 FAU FYB GZMK H3F3B ID3 IL2RG ITM2A JUNB NACA NDUFA4 PFDN5 PIGX PRKX PTMA RGS10 RGS2
intervention,gse96583:ctrl:1244:GCGTAATGGAGAGC-1,GCGTAATGGAGAGC-1,1244,1244,ctrl,singlet,CD8 T cells,1,T_plus_cytotoxic,1244:T_plus_cytotoxic,08db6ea68fc6d9183168bf3637bdcdf01c14c9821d94f1e86b3c2d517cb89e43,780,cytotoxic_effector,1,CCL5;GZMK,2,CCL5,4.75690035633,HLA-C,4.35572214679,2,0.40117820954,0.192789183776,1,3.73024825684,B2M TMSB4X CCL5 HLA-A HLA-C FTH1 PTPRC TMEM66 EIF1 LAPTM5 RGS1 UBXN4 FYN HINT1 MYL12B SERF2 ACTB AKAP8L ANXA1 ANXA2 ARPC2 ASF1A ATPIF1 C12orf75 CALM2 CAPZB CD8B CELF2 CYBA DNAJA1 EEF1D EIF3E EIF5B ERP29 FAU FYB GZMK H3F3B ID3 IL2RG ITM2A JUNB NACA NDUFA4 PFDN5 PIGX PRKX PTMA RGS10 RGS2,B2M TMSB4X MASKED_GENE HLA-A HLA-C FTH1 PTPRC TMEM66 EIF1 LAPTM5 RGS1 UBXN4 FYN HINT1 MYL12B SERF2 ACTB AKAP8L ANXA1 ANXA2 ARPC2 ASF1A ATPIF1 C12orf75 CALM2 CAPZB CD8B CELF2 CYBA DNAJA1 EEF1D EIF3E EIF5B ERP29 FAU FYB GZMK H3F3B ID3 IL2RG ITM2A JUNB NACA NDUFA4 PFDN5 PIGX PRKX PTMA RGS10 RGS2,B2M TMSB4X CCL5 HLA-A MASKED_GENE FTH1 PTPRC TMEM66 EIF1 LAPTM5 RGS1 UBXN4 FYN HINT1 MYL12B SERF2 ACTB AKAP8L ANXA1 ANXA2 ARPC2 ASF1A ATPIF1 C12orf75 CALM2 CAPZB CD8B CELF2 CYBA DNAJA1 EEF1D EIF3E EIF5B ERP29 FAU FYB GZMK H3F3B ID3 IL2RG ITM2A JUNB NACA NDUFA4 PFDN5 PIGX PRKX PTMA RGS10 RGS2
base,gse96583:ctrl:1244:ATTGCTACTCCGAA-1,ATTGCTACTCCGAA-1,1244,1244,ctrl,singlet,CD8 T cells,1,T_plus_cytotoxic,1244:T_plus_cytotoxic,0befdb1122794b8cdcb56ba226137e4254405620d51d608144e65437dcaf13a4,1337,none,0,,0,,,,,,,,,,FTH1 B2M TMSB4X SDHB GAPDH GNLY HLA-A HLA-B HSPA5 HLA-C ACTB PTMA CD3D PABPC1 CXCR4 EIF4A1 SRGN TRAT1 FTL LDHA SKP1 TPT1 ALOX5AP ARPC2 CCL5 CD7 CYBA EIF1 FAU GNB2L1 HINT1 HMGB1 MYL6 OAZ1 PPIB TMBIM6 ANKRD12 ATP5J BAX CALR CD44 CLIC1 COX4I1 COX6A1 DMKN DNAJC1 DRAP1 EHMT1 EIF2S2 EIF3H,FTH1 B2M TMSB4X SDHB GAPDH GNLY HLA-A HLA-B HSPA5 HLA-C ACTB PTMA CD3D PABPC1 CXCR4 EIF4A1 SRGN TRAT1 FTL LDHA SKP1 TPT1 ALOX5AP ARPC2 CCL5 CD7 CYBA EIF1 FAU GNB2L1 HINT1 HMGB1 MYL6 OAZ1 PPIB TMBIM6 ANKRD12 ATP5J BAX CALR CD44 CLIC1 COX4I1 COX6A1 DMKN DNAJC1 DRAP1 EHMT1 EIF2S2 EIF3H,FTH1 B2M TMSB4X SDHB GAPDH GNLY HLA-A HLA-B HSPA5 HLA-C ACTB PTMA CD3D PABPC1 CXCR4 EIF4A1 SRGN TRAT1 FTL LDHA SKP1 TPT1 ALOX5AP ARPC2 CCL5 CD7 CYBA EIF1 FAU GNB2L1 HINT1 HMGB1 MYL6 OAZ1 PPIB TMBIM6 ANKRD12 ATP5J BAX CALR CD44 CLIC1 COX4I1 COX6A1 DMKN DNAJC1 DRAP1 EHMT1 EIF2S2 EIF3H
intervention,gse96583:ctrl:1244:ATTGCTACTCCGAA-1,ATTGCTACTCCGAA-1,1244,1244,ctrl,singlet,CD8 T cells,1,T_plus_cytotoxic,1244:T_plus_cytotoxic,0befdb1122794b8cdcb56ba226137e4254405620d51d608144e65437dcaf13a4,1337,T_TCR_CD8,1,CD3D,1,CD3D,3.82595495164,EIF4A1,3.64798344165,3,0.177971509997,0.0961442163245,2,2.9840518499,FTH1 B2M TMSB4X SDHB GAPDH GNLY HLA-A HLA-B HSPA5 HLA-C ACTB PTMA CD3D PABPC1 CXCR4 EIF4A1 SRGN TRAT1 FTL LDHA SKP1 TPT1 ALOX5AP ARPC2 CCL5 CD7 CYBA EIF1 FAU GNB2L1 HINT1 HMGB1 MYL6 OAZ1 PPIB TMBIM6 ANKRD12 ATP5J BAX CALR CD44 CLIC1 COX4I1 COX6A1 DMKN DNAJC1 DRAP1 EHMT1 EIF2S2 EIF3H,FTH1 B2M TMSB4X SDHB GAPDH GNLY HLA-A HLA-B HSPA5 HLA-C ACTB PTMA MASKED_GENE PABPC1 CXCR4 EIF4A1 SRGN TRAT1 FTL LDHA SKP1 TPT1 ALOX5AP ARPC2 CCL5 CD7 CYBA EIF1 FAU GNB2L1 HINT1 HMGB1 MYL6 OAZ1 PPIB TMBIM6 ANKRD12 ATP5J BAX CALR CD44 CLIC1 COX4I1 COX6A1 DMKN DNAJC1 DRAP1 EHMT1 EIF2S2 EIF3H,FTH1 B2M TMSB4X SDHB GAPDH GNLY HLA-A HLA-B HSPA5 HLA-C ACTB PTMA CD3D PABPC1 CXCR4 MASKED_GENE SRGN TRAT1 FTL LDHA SKP1 TPT1 ALOX5AP ARPC2 CCL5 CD7 CYBA EIF1 FAU GNB2L1 HINT1 HMGB1 MYL6 OAZ1 PPIB TMBIM6 ANKRD12 ATP5J BAX CALR CD44 CLIC1 COX4I1 COX6A1 DMKN DNAJC1 DRAP1 EHMT1 EIF2S2 EIF3H
intervention,gse96583:ctrl:1244:ATTGCTACTCCGAA-1,ATTGCTACTCCGAA-1,1244,1244,ctrl,singlet,CD8 T cells,1,T_plus_cytotoxic,1244:T_plus_cytotoxic,0befdb1122794b8cdcb56ba226137e4254405620d51d608144e65437dcaf13a4,1337,cytotoxic_effector,1,GNLY;CCL5,2,GNLY,4.50814350017,GAPDH,4.50814350017,1,0,0.121181772659,1,1.87848439326,FTH1 B2M TMSB4X SDHB GAPDH GNLY HLA-A HLA-B HSPA5 HLA-C ACTB PTMA CD3D PABPC1 CXCR4 EIF4A1 SRGN TRAT1 FTL LDHA SKP1 TPT1 ALOX5AP ARPC2 CCL5 CD7 CYBA EIF1 FAU GNB2L1 HINT1 HMGB1 MYL6 OAZ1 PPIB TMBIM6 ANKRD12 ATP5J BAX CALR CD44 CLIC1 COX4I1 COX6A1 DMKN DNAJC1 DRAP1 EHMT1 EIF2S2 EIF3H,FTH1 B2M TMSB4X SDHB GAPDH MASKED_GENE HLA-A HLA-B HSPA5 HLA-C ACTB PTMA CD3D PABPC1 CXCR4 EIF4A1 SRGN TRAT1 FTL LDHA SKP1 TPT1 ALOX5AP ARPC2 CCL5 CD7 CYBA EIF1 FAU GNB2L1 HINT1 HMGB1 MYL6 OAZ1 PPIB TMBIM6 ANKRD12 ATP5J BAX CALR CD44 CLIC1 COX4I1 COX6A1 DMKN DNAJC1 DRAP1 EHMT1 EIF2S2 EIF3H,FTH1 B2M TMSB4X SDHB MASKED_GENE GNLY HLA-A HLA-B HSPA5 HLA-C ACTB PTMA CD3D PABPC1 CXCR4 EIF4A1 SRGN TRAT1 FTL LDHA SKP1 TPT1 ALOX5AP ARPC2 CCL5 CD7 CYBA EIF1 FAU GNB2L1 HINT1 HMGB1 MYL6 OAZ1 PPIB TMBIM6 ANKRD12 ATP5J BAX CALR CD44 CLIC1 COX4I1 COX6A1 DMKN DNAJC1 DRAP1 EHMT1 EIF2S2 EIF3H
base,gse96583:ctrl:1244:TTAGGTCTGCTGTA-1,TTAGGTCTGCTGTA-1,1244,1244,ctrl,singlet,CD8 T cells,1,T_plus_cytotoxic,1244:T_plus_cytotoxic,14755069afd7eece8355f3f7e739e72ffbeebf502df8b89232faadfb10f8a800,1005,none,0,,0,,,,,,,,,,TMSB4X B2M HLA-A FTH1 HLA-B CCL5 HLA-C CXCR4 MYL6 PTMA ARHGDIB EIF3K GNB2L1 H3F3B ARPC2 BIRC2 CD3D CST7 CYBA DUSP2 EIF4A2 EIF6 GNLY GZMB IL32 LYAR NKG7 OAZ1 PFDN5 SERF2 UBB UBC ACTB ANXA1 APMAP APOBEC3G ARHGDIA BRAT1 BTG1 C19orf43 C1QBP CHCHD2 CRELD2 DCAF13 EIF2S1 ELL GAPDH GIMAP7 GPBP1 GUK1,TMSB4X B2M HLA-A FTH1 HLA-B CCL5 HLA-C CXCR4 MYL6 PTMA ARHGDIB EIF3K GNB2L1 H3F3B ARPC2 BIRC2 CD3D CST7 CYBA DUSP2 EIF4A2 EIF6 GNLY GZMB IL32 LYAR NKG7 OAZ1 PFDN5 SERF2 UBB UBC ACTB ANXA1 APMAP APOBEC3G ARHGDIA BRAT1 BTG1 C19orf43 C1QBP CHCHD2 CRELD2 DCAF13 EIF2S1 ELL GAPDH GIMAP7 GPBP1 GUK1,TMSB4X B2M HLA-A FTH1 HLA-B CCL5 HLA-C CXCR4 MYL6 PTMA ARHGDIB EIF3K GNB2L1 H3F3B ARPC2 BIRC2 CD3D CST7 CYBA DUSP2 EIF4A2 EIF6 GNLY GZMB IL32 LYAR NKG7 OAZ1 PFDN5 SERF2 UBB UBC ACTB ANXA1 APMAP APOBEC3G ARHGDIA BRAT1 BTG1 C19orf43 C1QBP CHCHD2 CRELD2 DCAF13 EIF2S1 ELL GAPDH GIMAP7 GPBP1 GUK1
intervention,gse96583:ctrl:1244:TTAGGTCTGCTGTA-1,TTAGGTCTGCTGTA-1,1244,1244,ctrl,singlet,CD8 T cells,1,T_plus_cytotoxic,1244:T_plus_cytotoxic,14755069afd7eece8355f3f7e739e72ffbeebf502df8b89232faadfb10f8a800,1005,T_TCR_CD8,1,CD3D,1,CD3D,3.42916094029,DUSP2,3.42916094029,3,0,0.079118678017,1,2.1245201135,TMSB4X B2M HLA-A FTH1 HLA-B CCL5 HLA-C CXCR4 MYL6 PTMA ARHGDIB EIF3K GNB2L1 H3F3B ARPC2 BIRC2 CD3D CST7 CYBA DUSP2 EIF4A2 EIF6 GNLY GZMB IL32 LYAR NKG7 OAZ1 PFDN5 SERF2 UBB UBC ACTB ANXA1 APMAP APOBEC3G ARHGDIA BRAT1 BTG1 C19orf43 C1QBP CHCHD2 CRELD2 DCAF13 EIF2S1 ELL GAPDH GIMAP7 GPBP1 GUK1,TMSB4X B2M HLA-A FTH1 HLA-B CCL5 HLA-C CXCR4 MYL6 PTMA ARHGDIB EIF3K GNB2L1 H3F3B ARPC2 BIRC2 MASKED_GENE CST7 CYBA DUSP2 EIF4A2 EIF6 GNLY GZMB IL32 LYAR NKG7 OAZ1 PFDN5 SERF2 UBB UBC ACTB ANXA1 APMAP APOBEC3G ARHGDIA BRAT1 BTG1 C19orf43 C1QBP CHCHD2 CRELD2 DCAF13 EIF2S1 ELL GAPDH GIMAP7 GPBP1 GUK1,TMSB4X B2M HLA-A FTH1 HLA-B CCL5 HLA-C CXCR4 MYL6 PTMA ARHGDIB EIF3K GNB2L1 H3F3B ARPC2 BIRC2 CD3D CST7 CYBA MASKED_GENE EIF4A2 EIF6 GNLY GZMB IL32 LYAR NKG7 OAZ1 PFDN5 SERF2 UBB UBC ACTB ANXA1 APMAP APOBEC3G ARHGDIA BRAT1 BTG1 C19orf43 C1QBP CHCHD2 CRELD2 DCAF13 EIF2S1 ELL GAPDH GIMAP7 GPBP1 GUK1
intervention,gse96583:ctrl:1244:TTAGGTCTGCTGTA-1,TTAGGTCTGCTGTA-1,1244,1244,ctrl,singlet,CD8 T cells,1,T_plus_cytotoxic,1244:T_plus_cytotoxic,14755069afd7eece8355f3f7e739e72ffbeebf502df8b89232faadfb10f8a800,1005,cytotoxic_effector,1,CCL5;GNLY;GZMB;NKG7,4,CCL5,4.79084432555,HLA-C,4.38952333965,1,0.401320985895,0.192789183776,1,3.39720047621,TMSB4X B2M HLA-A FTH1 HLA-B CCL5 HLA-C CXCR4 MYL6 PTMA ARHGDIB EIF3K GNB2L1 H3F3B ARPC2 BIRC2 CD3D CST7 CYBA DUSP2 EIF4A2 EIF6 GNLY GZMB IL32 LYAR NKG7 OAZ1 PFDN5 SERF2 UBB UBC ACTB ANXA1 APMAP APOBEC3G ARHGDIA BRAT1 BTG1 C19orf43 C1QBP CHCHD2 CRELD2 DCAF13 EIF2S1 ELL GAPDH GIMAP7 GPBP1 GUK1,TMSB4X B2M HLA-A FTH1 HLA-B MASKED_GENE HLA-C CXCR4 MYL6 PTMA ARHGDIB EIF3K GNB2L1 H3F3B ARPC2 BIRC2 CD3D CST7 CYBA DUSP2 EIF4A2 EIF6 GNLY GZMB IL32 LYAR NKG7 OAZ1 PFDN5 SERF2 UBB UBC ACTB ANXA1 APMAP APOBEC3G ARHGDIA BRAT1 BTG1 C19orf43 C1QBP CHCHD2 CRELD2 DCAF13 EIF2S1 ELL GAPDH GIMAP7 GPBP1 GUK1,TMSB4X B2M HLA-A FTH1 HLA-B CCL5 MASKED_GENE CXCR4 MYL6 PTMA ARHGDIB EIF3K GNB2L1 H3F3B ARPC2 BIRC2 CD3D CST7 CYBA DUSP2 EIF4A2 EIF6 GNLY GZMB IL32 LYAR NKG7 OAZ1 PFDN5 SERF2 UBB UBC ACTB ANXA1 APMAP APOBEC3G ARHGDIA BRAT1 BTG1 C19orf43 C1QBP CHCHD2 CRELD2 DCAF13 EIF2S1 ELL GAPDH GIMAP7 GPBP1 GUK1
base,gse96583:ctrl:1244:ACTACTACACACCA-1,ACTACTACACACCA-1,1244,1244,ctrl,singlet,NK cells,0,NK_receptor_plus_cytotoxic,1244:NK_receptor_plus_cytotoxic,068c663be1a3a0738cd1e08b51f837a9dd6724649c1162fed99f70ec9631df21,622,none,0,,0,,,,,,,,,,TMSB4X B2M HLA-A FTH1 CCL5 PTMA SRGN BTG1 FTL HLA-B NKG7 GZMB HLA-C ACTB EIF4B H3F3B ITM2A TPT1 APOBEC3G ARHGDIB CALM1 CMPK1 CMTM6 CNOT6L CREM CST7 EEF1D FCGR3A FEZ1 GNLY HMGXB4 HSP90AA1 HSPD1 IL2RG IQGAP2 ITGB1 MYL12A OAZ1 PABPC1 PSENEN PSMB9 PSME2 PTPN2 RAC2 RARRES3 RWDD1 SCAMP2 SEP15 SEPT7 SERF2,TMSB4X B2M HLA-A FTH1 CCL5 PTMA SRGN BTG1 FTL HLA-B NKG7 GZMB HLA-C ACTB EIF4B H3F3B ITM2A TPT1 APOBEC3G ARHGDIB CALM1 CMPK1 CMTM6 CNOT6L CREM CST7 EEF1D FCGR3A FEZ1 GNLY HMGXB4 HSP90AA1 HSPD1 IL2RG IQGAP2 ITGB1 MYL12A OAZ1 PABPC1 PSENEN PSMB9 PSME2 PTPN2 RAC2 RARRES3 RWDD1 SCAMP2 SEP15 SEPT7 SERF2,TMSB4X B2M HLA-A FTH1 CCL5 PTMA SRGN BTG1 FTL HLA-B NKG7 GZMB HLA-C ACTB EIF4B H3F3B ITM2A TPT1 APOBEC3G ARHGDIB CALM1 CMPK1 CMTM6 CNOT6L CREM CST7 EEF1D FCGR3A FEZ1 GNLY HMGXB4 HSP90AA1 HSPD1 IL2RG IQGAP2 ITGB1 MYL12A OAZ1 PABPC1 PSENEN PSMB9 PSME2 PTPN2 RAC2 RARRES3 RWDD1 SCAMP2 SEP15 SEPT7 SERF2
intervention,gse96583:ctrl:1244:ACTACTACACACCA-1,ACTACTACACACCA-1,1244,1244,ctrl,singlet,NK cells,0,NK_receptor_plus_cytotoxic,1244:NK_receptor_plus_cytotoxic,068c663be1a3a0738cd1e08b51f837a9dd6724649c1162fed99f70ec9631df21,622,NK_receptor_identity,1,FCGR3A,1,FCGR3A,3.50117365334,FEZ1,3.50117365334,1,0,0.0215322984477,2,1.21532298448,TMSB4X B2M HLA-A FTH1 CCL5 PTMA SRGN BTG1 FTL HLA-B NKG7 GZMB HLA-C ACTB EIF4B H3F3B ITM2A TPT1 APOBEC3G ARHGDIB CALM1 CMPK1 CMTM6 CNOT6L CREM CST7 EEF1D FCGR3A FEZ1 GNLY HMGXB4 HSP90AA1 HSPD1 IL2RG IQGAP2 ITGB1 MYL12A OAZ1 PABPC1 PSENEN PSMB9 PSME2 PTPN2 RAC2 RARRES3 RWDD1 SCAMP2 SEP15 SEPT7 SERF2,TMSB4X B2M HLA-A FTH1 CCL5 PTMA SRGN BTG1 FTL HLA-B NKG7 GZMB HLA-C ACTB EIF4B H3F3B ITM2A TPT1 APOBEC3G ARHGDIB CALM1 CMPK1 CMTM6 CNOT6L CREM CST7 EEF1D MASKED_GENE FEZ1 GNLY HMGXB4 HSP90AA1 HSPD1 IL2RG IQGAP2 ITGB1 MYL12A OAZ1 PABPC1 PSENEN PSMB9 PSME2 PTPN2 RAC2 RARRES3 RWDD1 SCAMP2 SEP15 SEPT7 SERF2,TMSB4X B2M HLA-A FTH1 CCL5 PTMA SRGN BTG1 FTL HLA-B NKG7 GZMB HLA-C ACTB EIF4B H3F3B ITM2A TPT1 APOBEC3G ARHGDIB CALM1 CMPK1 CMTM6 CNOT6L CREM CST7 EEF1D FCGR3A MASKED_GENE GNLY HMGXB4 HSP90AA1 HSPD1 IL2RG IQGAP2 ITGB1 MYL12A OAZ1 PABPC1 PSENEN PSMB9 PSME2 PTPN2 RAC2 RARRES3 RWDD1 SCAMP2 SEP15 SEPT7 SERF2
intervention,gse96583:ctrl:1244:ACTACTACACACCA-1,ACTACTACACACCA-1,1244,1244,ctrl,singlet,NK cells,0,NK_receptor_plus_cytotoxic,1244:NK_receptor_plus_cytotoxic,068c663be1a3a0738cd1e08b51f837a9dd6724649c1162fed99f70ec9631df21,622,cytotoxic_effector,1,CCL5;NKG7;GZMB;GNLY,4,CCL5,4.86458675136,PTMA,4.73215689693,1,0.132429854433,0.105658487732,0,1.65477791952,TMSB4X B2M HLA-A FTH1 CCL5 PTMA SRGN BTG1 FTL HLA-B NKG7 GZMB HLA-C ACTB EIF4B H3F3B ITM2A TPT1 APOBEC3G ARHGDIB CALM1 CMPK1 CMTM6 CNOT6L CREM CST7 EEF1D FCGR3A FEZ1 GNLY HMGXB4 HSP90AA1 HSPD1 IL2RG IQGAP2 ITGB1 MYL12A OAZ1 PABPC1 PSENEN PSMB9 PSME2 PTPN2 RAC2 RARRES3 RWDD1 SCAMP2 SEP15 SEPT7 SERF2,TMSB4X B2M HLA-A FTH1 MASKED_GENE PTMA SRGN BTG1 FTL HLA-B NKG7 GZMB HLA-C ACTB EIF4B H3F3B ITM2A TPT1 APOBEC3G ARHGDIB CALM1 CMPK1 CMTM6 CNOT6L CREM CST7 EEF1D FCGR3A FEZ1 GNLY HMGXB4 HSP90AA1 HSPD1 IL2RG IQGAP2 ITGB1 MYL12A OAZ1 PABPC1 PSENEN PSMB9 PSME2 PTPN2 RAC2 RARRES3 RWDD1 SCAMP2 SEP15 SEPT7 SERF2,TMSB4X B2M HLA-A FTH1 CCL5 MASKED_GENE SRGN BTG1 FTL HLA-B NKG7 GZMB HLA-C ACTB EIF4B H3F3B ITM2A TPT1 APOBEC3G ARHGDIB CALM1 CMPK1 CMTM6 CNOT6L CREM CST7 EEF1D FCGR3A FEZ1 GNLY HMGXB4 HSP90AA1 HSPD1 IL2RG IQGAP2 ITGB1 MYL12A OAZ1 PABPC1 PSENEN PSMB9 PSME2 PTPN2 RAC2 RARRES3 RWDD1 SCAMP2 SEP15 SEPT7 SERF2
base,gse96583:ctrl:1244:TCACCGTGCTGAGT-1,TCACCGTGCTGAGT-1,1244,1244,ctrl,singlet,NK cells,0,NK_receptor_plus_cytotoxic,1244:NK_receptor_plus_cytotoxic,094ae706f6284b42422d3f81237039b0978549f0152161b471a00f8f1052e6b5,944,none,0,,0,,,,,,,,,,B2M TMSB4X CCL5 GNLY FTH1 NKG7 HLA-B HLA-C PTMA CD74 CYBA GZMB HLA-E CD52 HLA-A ACTB ACTG1 EVL ARHGEF1 BTG1 CLEC2B CLIC3 CXCR4 EEF1D EIF1 GCHFR GNB2L1 GZMA HNRNPA3 SPCS2 TPT1 UBA52 ACTR3 ADAM10 ANXA1 AOAH ATPIF1 BTF3 BUD31 CLIC1 CLTB COX4I1 DUSP4 EEF1A1 EEF1B2 F2R FAU FCGR3A FTL GIMAP7,B2M TMSB4X CCL5 GNLY FTH1 NKG7 HLA-B HLA-C PTMA CD74 CYBA GZMB HLA-E CD52 HLA-A ACTB ACTG1 EVL ARHGEF1 BTG1 CLEC2B CLIC3 CXCR4 EEF1D EIF1 GCHFR GNB2L1 GZMA HNRNPA3 SPCS2 TPT1 UBA52 ACTR3 ADAM10 ANXA1 AOAH ATPIF1 BTF3 BUD31 CLIC1 CLTB COX4I1 DUSP4 EEF1A1 EEF1B2 F2R FAU FCGR3A FTL GIMAP7,B2M TMSB4X CCL5 GNLY FTH1 NKG7 HLA-B HLA-C PTMA CD74 CYBA GZMB HLA-E CD52 HLA-A ACTB ACTG1 EVL ARHGEF1 BTG1 CLEC2B CLIC3 CXCR4 EEF1D EIF1 GCHFR GNB2L1 GZMA HNRNPA3 SPCS2 TPT1 UBA52 ACTR3 ADAM10 ANXA1 AOAH ATPIF1 BTF3 BUD31 CLIC1 CLTB COX4I1 DUSP4 EEF1A1 EEF1B2 F2R FAU FCGR3A FTL GIMAP7
intervention,gse96583:ctrl:1244:TCACCGTGCTGAGT-1,TCACCGTGCTGAGT-1,1244,1244,ctrl,singlet,NK cells,0,NK_receptor_plus_cytotoxic,1244:NK_receptor_plus_cytotoxic,094ae706f6284b42422d3f81237039b0978549f0152161b471a00f8f1052e6b5,944,NK_receptor_identity,1,FCGR3A,1,FCGR3A,3.099481322,F2R,3.099481322,2,0,0.0330495743615,3,1.99716241028,B2M TMSB4X CCL5 GNLY FTH1 NKG7 HLA-B HLA-C PTMA CD74 CYBA GZMB HLA-E CD52 HLA-A ACTB ACTG1 EVL ARHGEF1 BTG1 CLEC2B CLIC3 CXCR4 EEF1D EIF1 GCHFR GNB2L1 GZMA HNRNPA3 SPCS2 TPT1 UBA52 ACTR3 ADAM10 ANXA1 AOAH ATPIF1 BTF3 BUD31 CLIC1 CLTB COX4I1 DUSP4 EEF1A1 EEF1B2 F2R FAU FCGR3A FTL GIMAP7,B2M TMSB4X CCL5 GNLY FTH1 NKG7 HLA-B HLA-C PTMA CD74 CYBA GZMB HLA-E CD52 HLA-A ACTB ACTG1 EVL ARHGEF1 BTG1 CLEC2B CLIC3 CXCR4 EEF1D EIF1 GCHFR GNB2L1 GZMA HNRNPA3 SPCS2 TPT1 UBA52 ACTR3 ADAM10 ANXA1 AOAH ATPIF1 BTF3 BUD31 CLIC1 CLTB COX4I1 DUSP4 EEF1A1 EEF1B2 F2R FAU MASKED_GENE FTL GIMAP7,B2M TMSB4X CCL5 GNLY FTH1 NKG7 HLA-B HLA-C PTMA CD74 CYBA GZMB HLA-E CD52 HLA-A ACTB ACTG1 EVL ARHGEF1 BTG1 CLEC2B CLIC3 CXCR4 EEF1D EIF1 GCHFR GNB2L1 GZMA HNRNPA3 SPCS2 TPT1 UBA52 ACTR3 ADAM10 ANXA1 AOAH ATPIF1 BTF3 BUD31 CLIC1 CLTB COX4I1 DUSP4 EEF1A1 EEF1B2 MASKED_GENE FAU FCGR3A FTL GIMAP7
intervention,gse96583:ctrl:1244:TCACCGTGCTGAGT-1,TCACCGTGCTGAGT-1,1244,1244,ctrl,singlet,NK cells,0,NK_receptor_plus_cytotoxic,1244:NK_receptor_plus_cytotoxic,094ae706f6284b42422d3f81237039b0978549f0152161b471a00f8f1052e6b5,944,cytotoxic_effector,1,CCL5;GNLY;NKG7;GZMB;GZMA,5,CCL5,5.30960930418,PTMA,4.45138667039,6,0.85822263379,0.105658487732,0,4.7730301449,B2M TMSB4X CCL5 GNLY FTH1 NKG7 HLA-B HLA-C PTMA CD74 CYBA GZMB HLA-E CD52 HLA-A ACTB ACTG1 EVL ARHGEF1 BTG1 CLEC2B CLIC3 CXCR4 EEF1D EIF1 GCHFR GNB2L1 GZMA HNRNPA3 SPCS2 TPT1 UBA52 ACTR3 ADAM10 ANXA1 AOAH ATPIF1 BTF3 BUD31 CLIC1 CLTB COX4I1 DUSP4 EEF1A1 EEF1B2 F2R FAU FCGR3A FTL GIMAP7,B2M TMSB4X MASKED_GENE GNLY FTH1 NKG7 HLA-B HLA-C PTMA CD74 CYBA GZMB HLA-E CD52 HLA-A ACTB ACTG1 EVL ARHGEF1 BTG1 CLEC2B CLIC3 CXCR4 EEF1D EIF1 GCHFR GNB2L1 GZMA HNRNPA3 SPCS2 TPT1 UBA52 ACTR3 ADAM10 ANXA1 AOAH ATPIF1 BTF3 BUD31 CLIC1 CLTB COX4I1 DUSP4 EEF1A1 EEF1B2 F2R FAU FCGR3A FTL GIMAP7,B2M TMSB4X CCL5 GNLY FTH1 NKG7 HLA-B HLA-C MASKED_GENE CD74 CYBA GZMB HLA-E CD52 HLA-A ACTB ACTG1 EVL ARHGEF1 BTG1 CLEC2B CLIC3 CXCR4 EEF1D EIF1 GCHFR GNB2L1 GZMA HNRNPA3 SPCS2 TPT1 UBA52 ACTR3 ADAM10 ANXA1 AOAH ATPIF1 BTF3 BUD31 CLIC1 CLTB COX4I1 DUSP4 EEF1A1 EEF1B2 F2R FAU FCGR3A FTL GIMAP7
base,gse96583:ctrl:1244:TCCGAAGATCTTCA-1,TCCGAAGATCTTCA-1,1244,1244,ctrl,singlet,NK cells,0,NK_receptor_plus_cytotoxic,1244:NK_receptor_plus_cytotoxic,0eb967a34c70fe903817360a7e9cc3db1608388de9b40816d3c4093998fb5bd4,577,none,0,,0,,,,,,,,,,GNLY FTH1 B2M TMSB4X HLA-A HLA-C HLA-B PTMA BTG1 GAPDH H3F3B CYBA EZR ARPC1B CALM2 CCT4 CLIC3 CXCR4 ELF2 FIS1 GHITM HSD17B12 KLRC1 LAT LDHA MFSD8 MYL6 NEU1 NGLY1 NKG7 NOC4L NPM1 PABPC1 PLRG1 TMEM66 TOP3A UBE2K VPS36 ZBTB8OS AATF ABTB1 ACTB ADAM8 ADO ANAPC11 ANXA1 AP2M1 ARF1 ARHGDIB ARL14EP,GNLY FTH1 B2M TMSB4X HLA-A HLA-C HLA-B PTMA BTG1 GAPDH H3F3B CYBA EZR ARPC1B CALM2 CCT4 CLIC3 CXCR4 ELF2 FIS1 GHITM HSD17B12 KLRC1 LAT LDHA MFSD8 MYL6 NEU1 NGLY1 NKG7 NOC4L NPM1 PABPC1 PLRG1 TMEM66 TOP3A UBE2K VPS36 ZBTB8OS AATF ABTB1 ACTB ADAM8 ADO ANAPC11 ANXA1 AP2M1 ARF1 ARHGDIB ARL14EP,GNLY FTH1 B2M TMSB4X HLA-A HLA-C HLA-B PTMA BTG1 GAPDH H3F3B CYBA EZR ARPC1B CALM2 CCT4 CLIC3 CXCR4 ELF2 FIS1 GHITM HSD17B12 KLRC1 LAT LDHA MFSD8 MYL6 NEU1 NGLY1 NKG7 NOC4L NPM1 PABPC1 PLRG1 TMEM66 TOP3A UBE2K VPS36 ZBTB8OS AATF ABTB1 ACTB ADAM8 ADO ANAPC11 ANXA1 AP2M1 ARF1 ARHGDIB ARL14EP
intervention,gse96583:ctrl:1244:TCCGAAGATCTTCA-1,TCCGAAGATCTTCA-1,1244,1244,ctrl,singlet,NK cells,0,NK_receptor_plus_cytotoxic,1244:NK_receptor_plus_cytotoxic,0eb967a34c70fe903817360a7e9cc3db1608388de9b40816d3c4093998fb5bd4,577,NK_receptor_identity,1,KLRC1,1,KLRC1,3.57408695966,GHITM,3.57408695966,2,0,0.00300450676014,0,0.696711734268,GNLY FTH1 B2M TMSB4X HLA-A HLA-C HLA-B PTMA BTG1 GAPDH H3F3B CYBA EZR ARPC1B CALM2 CCT4 CLIC3 CXCR4 ELF2 FIS1 GHITM HSD17B12 KLRC1 LAT LDHA MFSD8 MYL6 NEU1 NGLY1 NKG7 NOC4L NPM1 PABPC1 PLRG1 TMEM66 TOP3A UBE2K VPS36 ZBTB8OS AATF ABTB1 ACTB ADAM8 ADO ANAPC11 ANXA1 AP2M1 ARF1 ARHGDIB ARL14EP,GNLY FTH1 B2M TMSB4X HLA-A HLA-C HLA-B PTMA BTG1 GAPDH H3F3B CYBA EZR ARPC1B CALM2 CCT4 CLIC3 CXCR4 ELF2 FIS1 GHITM HSD17B12 MASKED_GENE LAT LDHA MFSD8 MYL6 NEU1 NGLY1 NKG7 NOC4L NPM1 PABPC1 PLRG1 TMEM66 TOP3A UBE2K VPS36 ZBTB8OS AATF ABTB1 ACTB ADAM8 ADO ANAPC11 ANXA1 AP2M1 ARF1 ARHGDIB ARL14EP,GNLY FTH1 B2M TMSB4X HLA-A HLA-C HLA-B PTMA BTG1 GAPDH H3F3B CYBA EZR ARPC1B CALM2 CCT4 CLIC3 CXCR4 ELF2 FIS1 MASKED_GENE HSD17B12 KLRC1 LAT LDHA MFSD8 MYL6 NEU1 NGLY1 NKG7 NOC4L NPM1 PABPC1 PLRG1 TMEM66 TOP3A UBE2K VPS36 ZBTB8OS AATF ABTB1 ACTB ADAM8 ADO ANAPC11 ANXA1 AP2M1 ARF1 ARHGDIB ARL14EP
intervention,gse96583:ctrl:1244:TCCGAAGATCTTCA-1,TCCGAAGATCTTCA-1,1244,1244,ctrl,singlet,NK cells,0,NK_receptor_plus_cytotoxic,1244:NK_receptor_plus_cytotoxic,0eb967a34c70fe903817360a7e9cc3db1608388de9b40816d3c4093998fb5bd4,577,cytotoxic_effector,1,GNLY;NKG7,2,GNLY,6.18676120957,B2M,6.073679271,2,0.113081938574,0.398097145719,1,5.20713533433,GNLY FTH1 B2M TMSB4X HLA-A HLA-C HLA-B PTMA BTG1 GAPDH H3F3B CYBA EZR ARPC1B CALM2 CCT4 CLIC3 CXCR4 ELF2 FIS1 GHITM HSD17B12 KLRC1 LAT LDHA MFSD8 MYL6 NEU1 NGLY1 NKG7 NOC4L NPM1 PABPC1 PLRG1 TMEM66 TOP3A UBE2K VPS36 ZBTB8OS AATF ABTB1 ACTB ADAM8 ADO ANAPC11 ANXA1 AP2M1 ARF1 ARHGDIB ARL14EP,MASKED_GENE FTH1 B2M TMSB4X HLA-A HLA-C HLA-B PTMA BTG1 GAPDH H3F3B CYBA EZR ARPC1B CALM2 CCT4 CLIC3 CXCR4 ELF2 FIS1 GHITM HSD17B12 KLRC1 LAT LDHA MFSD8 MYL6 NEU1 NGLY1 NKG7 NOC4L NPM1 PABPC1 PLRG1 TMEM66 TOP3A UBE2K VPS36 ZBTB8OS AATF ABTB1 ACTB ADAM8 ADO ANAPC11 ANXA1 AP2M1 ARF1 ARHGDIB ARL14EP,GNLY FTH1 MASKED_GENE TMSB4X HLA-A HLA-C HLA-B PTMA BTG1 GAPDH H3F3B CYBA EZR ARPC1B CALM2 CCT4 CLIC3 CXCR4 ELF2 FIS1 GHITM HSD17B12 KLRC1 LAT LDHA MFSD8 MYL6 NEU1 NGLY1 NKG7 NOC4L NPM1 PABPC1 PLRG1 TMEM66 TOP3A UBE2K VPS36 ZBTB8OS AATF ABTB1 ACTB ADAM8 ADO ANAPC11 ANXA1 AP2M1 ARF1 ARHGDIB ARL14EP
base,gse96583:ctrl:1256:TTTAGCTGATGTGC-1,TTTAGCTGATGTGC-1,1256,1256,ctrl,singlet,CD8 T cells,1,T_plus_cytotoxic,1256:T_plus_cytotoxic,0390480a1a182a18192f73ec7b2a47705eeaf56b77085a42de4a35a7cc044038,654,none,0,,0,,,,,,,,,,TMSB4X B2M ZNF131 HLA-B OAZ1 ACTB FTH1 TMSB10 UBE2J2 CCL5 CXCR3 FGFBP2 GZMH HLA-A MYL6 REST GZMA ANXA1 ARF5 ARPC2 ASF1A ATP5G2 BST2 C1orf63 CD3D CORO1A COTL1 COX4I1 DDIT4 DDX54 EHMT1 GAPDH GIMAP4 HLA-E INPP5D KIF5B KLF6 LDHA LIMD2 LITAF NDUFA1 NDUFB2 NKG7 NTHL1 PDIA3 PFDN5 PFN1 PPP1R14B PSMB9 PTMA,TMSB4X B2M ZNF131 HLA-B OAZ1 ACTB FTH1 TMSB10 UBE2J2 CCL5 CXCR3 FGFBP2 GZMH HLA-A MYL6 REST GZMA ANXA1 ARF5 ARPC2 ASF1A ATP5G2 BST2 C1orf63 CD3D CORO1A COTL1 COX4I1 DDIT4 DDX54 EHMT1 GAPDH GIMAP4 HLA-E INPP5D KIF5B KLF6 LDHA LIMD2 LITAF NDUFA1 NDUFB2 NKG7 NTHL1 PDIA3 PFDN5 PFN1 PPP1R14B PSMB9 PTMA,TMSB4X B2M ZNF131 HLA-B OAZ1 ACTB FTH1 TMSB10 UBE2J2 CCL5 CXCR3 FGFBP2 GZMH HLA-A MYL6 REST GZMA ANXA1 ARF5 ARPC2 ASF1A ATP5G2 BST2 C1orf63 CD3D CORO1A COTL1 COX4I1 DDIT4 DDX54 EHMT1 GAPDH GIMAP4 HLA-E INPP5D KIF5B KLF6 LDHA LIMD2 LITAF NDUFA1 NDUFB2 NKG7 NTHL1 PDIA3 PFDN5 PFN1 PPP1R14B PSMB9 PTMA
intervention,gse96583:ctrl:1256:TTTAGCTGATGTGC-1,TTTAGCTGATGTGC-1,1256,1256,ctrl,singlet,CD8 T cells,1,T_plus_cytotoxic,1256:T_plus_cytotoxic,0390480a1a182a18192f73ec7b2a47705eeaf56b77085a42de4a35a7cc044038,654,T_TCR_CD8,1,CD3D,1,CD3D,3.45255693277,BST2,3.45255693277,2,0,0.190285428142,0,2.56952094809,TMSB4X B2M ZNF131 HLA-B OAZ1 ACTB FTH1 TMSB10 UBE2J2 CCL5 CXCR3 FGFBP2 GZMH HLA-A MYL6 REST GZMA ANXA1 ARF5 ARPC2 ASF1A ATP5G2 BST2 C1orf63 CD3D CORO1A COTL1 COX4I1 DDIT4 DDX54 EHMT1 GAPDH GIMAP4 HLA-E INPP5D KIF5B KLF6 LDHA LIMD2 LITAF NDUFA1 NDUFB2 NKG7 NTHL1 PDIA3 PFDN5 PFN1 PPP1R14B PSMB9 PTMA,TMSB4X B2M ZNF131 HLA-B OAZ1 ACTB FTH1 TMSB10 UBE2J2 CCL5 CXCR3 FGFBP2 GZMH HLA-A MYL6 REST GZMA ANXA1 ARF5 ARPC2 ASF1A ATP5G2 BST2 C1orf63 MASKED_GENE CORO1A COTL1 COX4I1 DDIT4 DDX54 EHMT1 GAPDH GIMAP4 HLA-E INPP5D KIF5B KLF6 LDHA LIMD2 LITAF NDUFA1 NDUFB2 NKG7 NTHL1 PDIA3 PFDN5 PFN1 PPP1R14B PSMB9 PTMA,TMSB4X B2M ZNF131 HLA-B OAZ1 ACTB FTH1 TMSB10 UBE2J2 CCL5 CXCR3 FGFBP2 GZMH HLA-A MYL6 REST GZMA ANXA1 ARF5 ARPC2 ASF1A ATP5G2 MASKED_GENE C1orf63 CD3D CORO1A COTL1 COX4I1 DDIT4 DDX54 EHMT1 GAPDH GIMAP4 HLA-E INPP5D KIF5B KLF6 LDHA LIMD2 LITAF NDUFA1 NDUFB2 NKG7 NTHL1 PDIA3 PFDN5 PFN1 PPP1R14B PSMB9 PTMA
intervention,gse96583:ctrl:1256:TTTAGCTGATGTGC-1,TTTAGCTGATGTGC-1,1256,1256,ctrl,singlet,CD8 T cells,1,T_plus_cytotoxic,1256:T_plus_cytotoxic,0390480a1a182a18192f73ec7b2a47705eeaf56b77085a42de4a35a7cc044038,654,cytotoxic_effector,1,CCL5;FGFBP2;GZMH;GZMA;NKG7,5,CCL5,4.12974515966,HLA-A,4.12974515966,4,0,0.243365047571,1,4.10031714238,TMSB4X B2M ZNF131 HLA-B OAZ1 ACTB FTH1 TMSB10 UBE2J2 CCL5 CXCR3 FGFBP2 GZMH HLA-A MYL6 REST GZMA ANXA1 ARF5 ARPC2 ASF1A ATP5G2 BST2 C1orf63 CD3D CORO1A COTL1 COX4I1 DDIT4 DDX54 EHMT1 GAPDH GIMAP4 HLA-E INPP5D KIF5B KLF6 LDHA LIMD2 LITAF NDUFA1 NDUFB2 NKG7 NTHL1 PDIA3 PFDN5 PFN1 PPP1R14B PSMB9 PTMA,TMSB4X B2M ZNF131 HLA-B OAZ1 ACTB FTH1 TMSB10 UBE2J2 MASKED_GENE CXCR3 FGFBP2 GZMH HLA-A MYL6 REST GZMA ANXA1 ARF5 ARPC2 ASF1A ATP5G2 BST2 C1orf63 CD3D CORO1A COTL1 COX4I1 DDIT4 DDX54 EHMT1 GAPDH GIMAP4 HLA-E INPP5D KIF5B KLF6 LDHA LIMD2 LITAF NDUFA1 NDUFB2 NKG7 NTHL1 PDIA3 PFDN5 PFN1 PPP1R14B PSMB9 PTMA,TMSB4X B2M ZNF131 HLA-B OAZ1 ACTB FTH1 TMSB10 UBE2J2 CCL5 CXCR3 FGFBP2 GZMH MASKED_GENE MYL6 REST GZMA ANXA1 ARF5 ARPC2 ASF1A ATP5G2 BST2 C1orf63 CD3D CORO1A COTL1 COX4I1 DDIT4 DDX54 EHMT1 GAPDH GIMAP4 HLA-E INPP5D KIF5B KLF6 LDHA LIMD2 LITAF NDUFA1 NDUFB2 NKG7 NTHL1 PDIA3 PFDN5 PFN1 PPP1R14B PSMB9 PTMA
base,gse96583:ctrl:1256:ACCGTGCTACTAGC-1,ACCGTGCTACTAGC-1,1256,1256,ctrl,singlet,CD8 T cells,1,T_plus_cytotoxic,1256:T_plus_cytotoxic,04009295d020e30a3765f31fa2fd322d088f95f6bc5d11eb669c67459820f3a5,903,none,0,,0,,,,,,,,,,B2M TMSB4X HLA-B CCL5 HLA-A H3F3B ANAPC16 BTG1 EEF1D GAPDH HLA-C SRP14 FTH1 GNLY HSP90AA1 SH3BGRL3 TPT1 UBC ANXA1 CXCR4 FTL GZMH IL2RG OASL PTPN7 RHOG UQCRQ APMAP ARPC3 ASNA1 ATP5L BIRC3 CD3D CLEC2B CTSC DNAJA1 EEF1A1 GADD45GIP1 GZMB ID2 IDH3B IER2 IL32 ISG20 LY6E MCL1 NDUFB2 NFKBIA NUDT22 PLEKHF1,B2M TMSB4X HLA-B CCL5 HLA-A H3F3B ANAPC16 BTG1 EEF1D GAPDH HLA-C SRP14 FTH1 GNLY HSP90AA1 SH3BGRL3 TPT1 UBC ANXA1 CXCR4 FTL GZMH IL2RG OASL PTPN7 RHOG UQCRQ APMAP ARPC3 ASNA1 ATP5L BIRC3 CD3D CLEC2B CTSC DNAJA1 EEF1A1 GADD45GIP1 GZMB ID2 IDH3B IER2 IL32 ISG20 LY6E MCL1 NDUFB2 NFKBIA NUDT22 PLEKHF1,B2M TMSB4X HLA-B CCL5 HLA-A H3F3B ANAPC16 BTG1 EEF1D GAPDH HLA-C SRP14 FTH1 GNLY HSP90AA1 SH3BGRL3 TPT1 UBC ANXA1 CXCR4 FTL GZMH IL2RG OASL PTPN7 RHOG UQCRQ APMAP ARPC3 ASNA1 ATP5L BIRC3 CD3D CLEC2B CTSC DNAJA1 EEF1A1 GADD45GIP1 GZMB ID2 IDH3B IER2 IL32 ISG20 LY6E MCL1 NDUFB2 NFKBIA NUDT22 PLEKHF1
intervention,gse96583:ctrl:1256:ACCGTGCTACTAGC-1,ACCGTGCTACTAGC-1,1256,1256,ctrl,singlet,CD8 T cells,1,T_plus_cytotoxic,1256:T_plus_cytotoxic,04009295d020e30a3765f31fa2fd322d088f95f6bc5d11eb669c67459820f3a5,903,T_TCR_CD8,1,CD3D,1,CD3D,3.1419254149,ATP5L,3.1419254149,2,0,0.116174261392,1,2.16174261392,B2M TMSB4X HLA-B CCL5 HLA-A H3F3B ANAPC16 BTG1 EEF1D GAPDH HLA-C SRP14 FTH1 GNLY HSP90AA1 SH3BGRL3 TPT1 UBC ANXA1 CXCR4 FTL GZMH IL2RG OASL PTPN7 RHOG UQCRQ APMAP ARPC3 ASNA1 ATP5L BIRC3 CD3D CLEC2B CTSC DNAJA1 EEF1A1 GADD45GIP1 GZMB ID2 IDH3B IER2 IL32 ISG20 LY6E MCL1 NDUFB2 NFKBIA NUDT22 PLEKHF1,B2M TMSB4X HLA-B CCL5 HLA-A H3F3B ANAPC16 BTG1 EEF1D GAPDH HLA-C SRP14 FTH1 GNLY HSP90AA1 SH3BGRL3 TPT1 UBC ANXA1 CXCR4 FTL GZMH IL2RG OASL PTPN7 RHOG UQCRQ APMAP ARPC3 ASNA1 ATP5L BIRC3 MASKED_GENE CLEC2B CTSC DNAJA1 EEF1A1 GADD45GIP1 GZMB ID2 IDH3B IER2 IL32 ISG20 LY6E MCL1 NDUFB2 NFKBIA NUDT22 PLEKHF1,B2M TMSB4X HLA-B CCL5 HLA-A H3F3B ANAPC16 BTG1 EEF1D GAPDH HLA-C SRP14 FTH1 GNLY HSP90AA1 SH3BGRL3 TPT1 UBC ANXA1 CXCR4 FTL GZMH IL2RG OASL PTPN7 RHOG UQCRQ APMAP ARPC3 ASNA1 MASKED_GENE BIRC3 CD3D CLEC2B CTSC DNAJA1 EEF1A1 GADD45GIP1 GZMB ID2 IDH3B IER2 IL32 ISG20 LY6E MCL1 NDUFB2 NFKBIA NUDT22 PLEKHF1
intervention,gse96583:ctrl:1256:ACCGTGCTACTAGC-1,ACCGTGCTACTAGC-1,1256,1256,ctrl,singlet,CD8 T cells,1,T_plus_cytotoxic,1256:T_plus_cytotoxic,04009295d020e30a3765f31fa2fd322d088f95f6bc5d11eb669c67459820f3a5,903,cytotoxic_effector,1,CCL5;GNLY;GZMH;GZMB,4,CCL5,4.89702129677,H3F3B,4.71619238489,2,0.180828911883,0.0665998998498,1,2.02765682226,B2M TMSB4X HLA-B CCL5 HLA-A H3F3B ANAPC16 BTG1 EEF1D GAPDH HLA-C SRP14 FTH1 GNLY HSP90AA1 SH3BGRL3 TPT1 UBC ANXA1 CXCR4 FTL GZMH IL2RG OASL PTPN7 RHOG UQCRQ APMAP ARPC3 ASNA1 ATP5L BIRC3 CD3D CLEC2B CTSC DNAJA1 EEF1A1 GADD45GIP1 GZMB ID2 IDH3B IER2 IL32 ISG20 LY6E MCL1 NDUFB2 NFKBIA NUDT22 PLEKHF1,B2M TMSB4X HLA-B MASKED_GENE HLA-A H3F3B ANAPC16 BTG1 EEF1D GAPDH HLA-C SRP14 FTH1 GNLY HSP90AA1 SH3BGRL3 TPT1 UBC ANXA1 CXCR4 FTL GZMH IL2RG OASL PTPN7 RHOG UQCRQ APMAP ARPC3 ASNA1 ATP5L BIRC3 CD3D CLEC2B CTSC DNAJA1 EEF1A1 GADD45GIP1 GZMB ID2 IDH3B IER2 IL32 ISG20 LY6E MCL1 NDUFB2 NFKBIA NUDT22 PLEKHF1,B2M TMSB4X HLA-B CCL5 HLA-A MASKED_GENE ANAPC16 BTG1 EEF1D GAPDH HLA-C SRP14 FTH1 GNLY HSP90AA1 SH3BGRL3 TPT1 UBC ANXA1 CXCR4 FTL GZMH IL2RG OASL PTPN7 RHOG UQCRQ APMAP ARPC3 ASNA1 ATP5L BIRC3 CD3D CLEC2B CTSC DNAJA1 EEF1A1 GADD45GIP1 GZMB ID2 IDH3B IER2 IL32 ISG20 LY6E MCL1 NDUFB2 NFKBIA NUDT22 PLEKHF1
base,gse96583:ctrl:1256:GACGATTGCCGTTC-1,GACGATTGCCGTTC-1,1256,1256,ctrl,singlet,CD8 T cells,1,T_plus_cytotoxic,1256:T_plus_cytotoxic,047ccbdd94fdb379af01a91a7add12f27689d17d974bf61f58852c5117a65553,978,none,0,,0,,,,,,,,,,TMSB4X B2M CCL5 HLA-A GZMB GNLY HLA-B PTMA GNB2L1 NKG7 APOBEC3G BTG1 CYBA FGFBP2 FTH1 FTL HLA-C IL2RG GZMH LIMD2 NEDD8 PSMB9 S100A6 SRSF7 TPI1 ANAPC16 APOBEC3H ATRAID BTF3 CARD16 CD3D CHCHD2 CLASP1 CSNK2B CST7 DDIT4 EIF4A2 EVL FAM177A1 FAM96B GZMA IRF1 LAPTM5 MORF4L1 NGDN OASL OST4 PCYOX1L POLD4 PPP1R2,TMSB4X B2M CCL5 HLA-A GZMB GNLY HLA-B PTMA GNB2L1 NKG7 APOBEC3G BTG1 CYBA FGFBP2 FTH1 FTL HLA-C IL2RG GZMH LIMD2 NEDD8 PSMB9 S100A6 SRSF7 TPI1 ANAPC16 APOBEC3H ATRAID BTF3 CARD16 CD3D CHCHD2 CLASP1 CSNK2B CST7 DDIT4 EIF4A2 EVL FAM177A1 FAM96B GZMA IRF1 LAPTM5 MORF4L1 NGDN OASL OST4 PCYOX1L POLD4 PPP1R2,TMSB4X B2M CCL5 HLA-A GZMB GNLY HLA-B PTMA GNB2L1 NKG7 APOBEC3G BTG1 CYBA FGFBP2 FTH1 FTL HLA-C IL2RG GZMH LIMD2 NEDD8 PSMB9 S100A6 SRSF7 TPI1 ANAPC16 APOBEC3H ATRAID BTF3 CARD16 CD3D CHCHD2 CLASP1 CSNK2B CST7 DDIT4 EIF4A2 EVL FAM177A1 FAM96B GZMA IRF1 LAPTM5 MORF4L1 NGDN OASL OST4 PCYOX1L POLD4 PPP1R2
intervention,gse96583:ctrl:1256:GACGATTGCCGTTC-1,GACGATTGCCGTTC-1,1256,1256,ctrl,singlet,CD8 T cells,1,T_plus_cytotoxic,1256:T_plus_cytotoxic,047ccbdd94fdb379af01a91a7add12f27689d17d974bf61f58852c5117a65553,978,T_TCR_CD8,1,CD3D,1,CD3D,3.06571987849,CHCHD2,3.06571987849,1,0,0.0826239359039,2,1.82623935904,TMSB4X B2M CCL5 HLA-A GZMB GNLY HLA-B PTMA GNB2L1 NKG7 APOBEC3G BTG1 CYBA FGFBP2 FTH1 FTL HLA-C IL2RG GZMH LIMD2 NEDD8 PSMB9 S100A6 SRSF7 TPI1 ANAPC16 APOBEC3H ATRAID BTF3 CARD16 CD3D CHCHD2 CLASP1 CSNK2B CST7 DDIT4 EIF4A2 EVL FAM177A1 FAM96B GZMA IRF1 LAPTM5 MORF4L1 NGDN OASL OST4 PCYOX1L POLD4 PPP1R2,TMSB4X B2M CCL5 HLA-A GZMB GNLY HLA-B PTMA GNB2L1 NKG7 APOBEC3G BTG1 CYBA FGFBP2 FTH1 FTL HLA-C IL2RG GZMH LIMD2 NEDD8 PSMB9 S100A6 SRSF7 TPI1 ANAPC16 APOBEC3H ATRAID BTF3 CARD16 MASKED_GENE CHCHD2 CLASP1 CSNK2B CST7 DDIT4 EIF4A2 EVL FAM177A1 FAM96B GZMA IRF1 LAPTM5 MORF4L1 NGDN OASL OST4 PCYOX1L POLD4 PPP1R2,TMSB4X B2M CCL5 HLA-A GZMB GNLY HLA-B PTMA GNB2L1 NKG7 APOBEC3G BTG1 CYBA FGFBP2 FTH1 FTL HLA-C IL2RG GZMH LIMD2 NEDD8 PSMB9 S100A6 SRSF7 TPI1 ANAPC16 APOBEC3H ATRAID BTF3 CARD16 CD3D MASKED_GENE CLASP1 CSNK2B CST7 DDIT4 EIF4A2 EVL FAM177A1 FAM96B GZMA IRF1 LAPTM5 MORF4L1 NGDN OASL OST4 PCYOX1L POLD4 PPP1R2
intervention,gse96583:ctrl:1256:GACGATTGCCGTTC-1,GACGATTGCCGTTC-1,1256,1256,ctrl,singlet,CD8 T cells,1,T_plus_cytotoxic,1256:T_plus_cytotoxic,047ccbdd94fdb379af01a91a7add12f27689d17d974bf61f58852c5117a65553,978,cytotoxic_effector,1,CCL5;GZMB;GNLY;NKG7;FGFBP2;GZMH;GZMA,7,CCL5,4.63714828028,HLA-A,4.41642312179,1,0.22072515849,0.243365047571,1,3.54176745936,TMSB4X B2M CCL5 HLA-A GZMB GNLY HLA-B PTMA GNB2L1 NKG7 APOBEC3G BTG1 CYBA FGFBP2 FTH1 FTL HLA-C IL2RG GZMH LIMD2 NEDD8 PSMB9 S100A6 SRSF7 TPI1 ANAPC16 APOBEC3H ATRAID BTF3 CARD16 CD3D CHCHD2 CLASP1 CSNK2B CST7 DDIT4 EIF4A2 EVL FAM177A1 FAM96B GZMA IRF1 LAPTM5 MORF4L1 NGDN OASL OST4 PCYOX1L POLD4 PPP1R2,TMSB4X B2M MASKED_GENE HLA-A GZMB GNLY HLA-B PTMA GNB2L1 NKG7 APOBEC3G BTG1 CYBA FGFBP2 FTH1 FTL HLA-C IL2RG GZMH LIMD2 NEDD8 PSMB9 S100A6 SRSF7 TPI1 ANAPC16 APOBEC3H ATRAID BTF3 CARD16 CD3D CHCHD2 CLASP1 CSNK2B CST7 DDIT4 EIF4A2 EVL FAM177A1 FAM96B GZMA IRF1 LAPTM5 MORF4L1 NGDN OASL OST4 PCYOX1L POLD4 PPP1R2,TMSB4X B2M CCL5 MASKED_GENE GZMB GNLY HLA-B PTMA GNB2L1 NKG7 APOBEC3G BTG1 CYBA FGFBP2 FTH1 FTL HLA-C IL2RG GZMH LIMD2 NEDD8 PSMB9 S100A6 SRSF7 TPI1 ANAPC16 APOBEC3H ATRAID BTF3 CARD16 CD3D CHCHD2 CLASP1 CSNK2B CST7 DDIT4 EIF4A2 EVL FAM177A1 FAM96B GZMA IRF1 LAPTM5 MORF4L1 NGDN OASL OST4 PCYOX1L POLD4 PPP1R2
base,gse96583:ctrl:1256:GATGCCCTGCGTTA-1,GATGCCCTGCGTTA-1,1256,1256,ctrl,singlet,NK cells,0,T_plus_cytotoxic,1256:T_plus_cytotoxic,0572f2113fd90960f117207c99985b424233756353546118294adc2534e26575,907,none,0,,0,,,,,,,,,,TMSB4X B2M CCL5 GZMB HLA-B HLA-A NKG7 SH3BGRL3 BTN3A2 GAPDH ATP5E HLA-C VIM CD3D COX6B1 CYTH1 FGFBP2 FTH1 GNB2L1 GNLY GZMH LDHA OAZ1 OPTN PSMA7 PTMA RARRES3 TMSB10 ACTB ANXA1 APOBEC3G ARL4C BOLA3 BTG1 C12orf75 C1orf63 CD52 CHST12 CLIC3 CST7 CTA-384D8.34 EEF1D EIF1 EIF3K FTL GIMAP7 GLRX GSK3B MRP63 MYL6,TMSB4X B2M CCL5 GZMB HLA-B HLA-A NKG7 SH3BGRL3 BTN3A2 GAPDH ATP5E HLA-C VIM CD3D COX6B1 CYTH1 FGFBP2 FTH1 GNB2L1 GNLY GZMH LDHA OAZ1 OPTN PSMA7 PTMA RARRES3 TMSB10 ACTB ANXA1 APOBEC3G ARL4C BOLA3 BTG1 C12orf75 C1orf63 CD52 CHST12 CLIC3 CST7 CTA-384D8.34 EEF1D EIF1 EIF3K FTL GIMAP7 GLRX GSK3B MRP63 MYL6,TMSB4X B2M CCL5 GZMB HLA-B HLA-A NKG7 SH3BGRL3 BTN3A2 GAPDH ATP5E HLA-C VIM CD3D COX6B1 CYTH1 FGFBP2 FTH1 GNB2L1 GNLY GZMH LDHA OAZ1 OPTN PSMA7 PTMA RARRES3 TMSB10 ACTB ANXA1 APOBEC3G ARL4C BOLA3 BTG1 C12orf75 C1orf63 CD52 CHST12 CLIC3 CST7 CTA-384D8.34 EEF1D EIF1 EIF3K FTL GIMAP7 GLRX GSK3B MRP63 MYL6
intervention,gse96583:ctrl:1256:GATGCCCTGCGTTA-1,GATGCCCTGCGTTA-1,1256,1256,ctrl,singlet,NK cells,0,T_plus_cytotoxic,1256:T_plus_cytotoxic,0572f2113fd90960f117207c99985b424233756353546118294adc2534e26575,907,T_TCR_CD8,1,CD3D,1,CD3D,3.52859552433,COX6B1,3.52859552433,1,0,0.187280921382,2,2.87280921382,TMSB4X B2M CCL5 GZMB HLA-B HLA-A NKG7 SH3BGRL3 BTN3A2 GAPDH ATP5E HLA-C VIM CD3D COX6B1 CYTH1 FGFBP2 FTH1 GNB2L1 GNLY GZMH LDHA OAZ1 OPTN PSMA7 PTMA RARRES3 TMSB10 ACTB ANXA1 APOBEC3G ARL4C BOLA3 BTG1 C12orf75 C1orf63 CD52 CHST12 CLIC3 CST7 CTA-384D8.34 EEF1D EIF1 EIF3K FTL GIMAP7 GLRX GSK3B MRP63 MYL6,TMSB4X B2M CCL5 GZMB HLA-B HLA-A NKG7 SH3BGRL3 BTN3A2 GAPDH ATP5E HLA-C VIM MASKED_GENE COX6B1 CYTH1 FGFBP2 FTH1 GNB2L1 GNLY GZMH LDHA OAZ1 OPTN PSMA7 PTMA RARRES3 TMSB10 ACTB ANXA1 APOBEC3G ARL4C BOLA3 BTG1 C12orf75 C1orf63 CD52 CHST12 CLIC3 CST7 CTA-384D8.34 EEF1D EIF1 EIF3K FTL GIMAP7 GLRX GSK3B MRP63 MYL6,TMSB4X B2M CCL5 GZMB HLA-B HLA-A NKG7 SH3BGRL3 BTN3A2 GAPDH ATP5E HLA-C VIM CD3D MASKED_GENE CYTH1 FGFBP2 FTH1 GNB2L1 GNLY GZMH LDHA OAZ1 OPTN PSMA7 PTMA RARRES3 TMSB10 ACTB ANXA1 APOBEC3G ARL4C BOLA3 BTG1 C12orf75 C1orf63 CD52 CHST12 CLIC3 CST7 CTA-384D8.34 EEF1D EIF1 EIF3K FTL GIMAP7 GLRX GSK3B MRP63 MYL6
intervention,gse96583:ctrl:1256:GATGCCCTGCGTTA-1,GATGCCCTGCGTTA-1,1256,1256,ctrl,singlet,NK cells,0,T_plus_cytotoxic,1256:T_plus_cytotoxic,0572f2113fd90960f117207c99985b424233756353546118294adc2534e26575,907,cytotoxic_effector,1,CCL5;GZMB;NKG7;FGFBP2;GNLY;GZMH,6,CCL5,5.1784393872,B2M,5.83710666096,1,0.658667273755,0.282423635453,1,4.80823756871,TMSB4X B2M CCL5 GZMB HLA-B HLA-A NKG7 SH3BGRL3 BTN3A2 GAPDH ATP5E HLA-C VIM CD3D COX6B1 CYTH1 FGFBP2 FTH1 GNB2L1 GNLY GZMH LDHA OAZ1 OPTN PSMA7 PTMA RARRES3 TMSB10 ACTB ANXA1 APOBEC3G ARL4C BOLA3 BTG1 C12orf75 C1orf63 CD52 CHST12 CLIC3 CST7 CTA-384D8.34 EEF1D EIF1 EIF3K FTL GIMAP7 GLRX GSK3B MRP63 MYL6,TMSB4X B2M MASKED_GENE GZMB HLA-B HLA-A NKG7 SH3BGRL3 BTN3A2 GAPDH ATP5E HLA-C VIM CD3D COX6B1 CYTH1 FGFBP2 FTH1 GNB2L1 GNLY GZMH LDHA OAZ1 OPTN PSMA7 PTMA RARRES3 TMSB10 ACTB ANXA1 APOBEC3G ARL4C BOLA3 BTG1 C12orf75 C1orf63 CD52 CHST12 CLIC3 CST7 CTA-384D8.34 EEF1D EIF1 EIF3K FTL GIMAP7 GLRX GSK3B MRP63 MYL6,TMSB4X MASKED_GENE CCL5 GZMB HLA-B HLA-A NKG7 SH3BGRL3 BTN3A2 GAPDH ATP5E HLA-C VIM CD3D COX6B1 CYTH1 FGFBP2 FTH1 GNB2L1 GNLY GZMH LDHA OAZ1 OPTN PSMA7 PTMA RARRES3 TMSB10 ACTB ANXA1 APOBEC3G ARL4C BOLA3 BTG1 C12orf75 C1orf63 CD52 CHST12 CLIC3 CST7 CTA-384D8.34 EEF1D EIF1 EIF3K FTL GIMAP7 GLRX GSK3B MRP63 MYL6
base,gse96583:ctrl:1256:CATTGTACCTGATG-1,CATTGTACCTGATG-1,1256,1256,ctrl,singlet,NK cells,0,NK_receptor_plus_cytotoxic,1256:NK_receptor_plus_cytotoxic,044d3887392005f83f32f3e032185fdd7628f99e85d22b3a5707433bf30e2103,913,none,0,,0,,,,,,,,,,B2M TMSB4X FTH1 HLA-A GNLY CCL5 HLA-B FTL PTMA H3F3B TMSB10 ZNF428 FGFBP2 NKG7 CD247 CYBA EEF2 FAU GZMB HLA-C S100A4 ALKBH2 ARPC2 ATP5B ATRX BTF3 BTG1 C19orf43 C19orf53 CAPZB CD244 CLIC3 COMMD6 COX4I1 COX6A1 COX6B1 CST7 CXCR4 EIF1 ERH FAM49B H2AFV HLA-E HOXB4 KLRC1 KRAS LIMD2 LMAN2 MYL12A MYL12B,B2M TMSB4X FTH1 HLA-A GNLY CCL5 HLA-B FTL PTMA H3F3B TMSB10 ZNF428 FGFBP2 NKG7 CD247 CYBA EEF2 FAU GZMB HLA-C S100A4 ALKBH2 ARPC2 ATP5B ATRX BTF3 BTG1 C19orf43 C19orf53 CAPZB CD244 CLIC3 COMMD6 COX4I1 COX6A1 COX6B1 CST7 CXCR4 EIF1 ERH FAM49B H2AFV HLA-E HOXB4 KLRC1 KRAS LIMD2 LMAN2 MYL12A MYL12B,B2M TMSB4X FTH1 HLA-A GNLY CCL5 HLA-B FTL PTMA H3F3B TMSB10 ZNF428 FGFBP2 NKG7 CD247 CYBA EEF2 FAU GZMB HLA-C S100A4 ALKBH2 ARPC2 ATP5B ATRX BTF3 BTG1 C19orf43 C19orf53 CAPZB CD244 CLIC3 COMMD6 COX4I1 COX6A1 COX6B1 CST7 CXCR4 EIF1 ERH FAM49B H2AFV HLA-E HOXB4 KLRC1 KRAS LIMD2 LMAN2 MYL12A MYL12B
intervention,gse96583:ctrl:1256:CATTGTACCTGATG-1,CATTGTACCTGATG-1,1256,1256,ctrl,singlet,NK cells,0,NK_receptor_plus_cytotoxic,1256:NK_receptor_plus_cytotoxic,044d3887392005f83f32f3e032185fdd7628f99e85d22b3a5707433bf30e2103,913,NK_receptor_identity,1,KLRC1,1,KLRC1,3.13139037356,HOXB4,3.13139037356,1,0,0.0270405608413,0,0.603738941746,B2M TMSB4X FTH1 HLA-A GNLY CCL5 HLA-B FTL PTMA H3F3B TMSB10 ZNF428 FGFBP2 NKG7 CD247 CYBA EEF2 FAU GZMB HLA-C S100A4 ALKBH2 ARPC2 ATP5B ATRX BTF3 BTG1 C19orf43 C19orf53 CAPZB CD244 CLIC3 COMMD6 COX4I1 COX6A1 COX6B1 CST7 CXCR4 EIF1 ERH FAM49B H2AFV HLA-E HOXB4 KLRC1 KRAS LIMD2 LMAN2 MYL12A MYL12B,B2M TMSB4X FTH1 HLA-A GNLY CCL5 HLA-B FTL PTMA H3F3B TMSB10 ZNF428 FGFBP2 NKG7 CD247 CYBA EEF2 FAU GZMB HLA-C S100A4 ALKBH2 ARPC2 ATP5B ATRX BTF3 BTG1 C19orf43 C19orf53 CAPZB CD244 CLIC3 COMMD6 COX4I1 COX6A1 COX6B1 CST7 CXCR4 EIF1 ERH FAM49B H2AFV HLA-E HOXB4 MASKED_GENE KRAS LIMD2 LMAN2 MYL12A MYL12B,B2M TMSB4X FTH1 HLA-A GNLY CCL5 HLA-B FTL PTMA H3F3B TMSB10 ZNF428 FGFBP2 NKG7 CD247 CYBA EEF2 FAU GZMB HLA-C S100A4 ALKBH2 ARPC2 ATP5B ATRX BTF3 BTG1 C19orf43 C19orf53 CAPZB CD244 CLIC3 COMMD6 COX4I1 COX6A1 COX6B1 CST7 CXCR4 EIF1 ERH FAM49B H2AFV HLA-E MASKED_GENE KLRC1 KRAS LIMD2 LMAN2 MYL12A MYL12B
intervention,gse96583:ctrl:1256:CATTGTACCTGATG-1,CATTGTACCTGATG-1,1256,1256,ctrl,singlet,NK cells,0,NK_receptor_plus_cytotoxic,1256:NK_receptor_plus_cytotoxic,044d3887392005f83f32f3e032185fdd7628f99e85d22b3a5707433bf30e2103,913,cytotoxic_effector,1,GNLY;CCL5;FGFBP2;NKG7;GZMB,5,GNLY,4.70527815788,FTL,4.35247317196,3,0.352804985926,0.00250375563345,1,2.06398086152,B2M TMSB4X FTH1 HLA-A GNLY CCL5 HLA-B FTL PTMA H3F3B TMSB10 ZNF428 FGFBP2 NKG7 CD247 CYBA EEF2 FAU GZMB HLA-C S100A4 ALKBH2 ARPC2 ATP5B ATRX BTF3 BTG1 C19orf43 C19orf53 CAPZB CD244 CLIC3 COMMD6 COX4I1 COX6A1 COX6B1 CST7 CXCR4 EIF1 ERH FAM49B H2AFV HLA-E HOXB4 KLRC1 KRAS LIMD2 LMAN2 MYL12A MYL12B,B2M TMSB4X FTH1 HLA-A MASKED_GENE CCL5 HLA-B FTL PTMA H3F3B TMSB10 ZNF428 FGFBP2 NKG7 CD247 CYBA EEF2 FAU GZMB HLA-C S100A4 ALKBH2 ARPC2 ATP5B ATRX BTF3 BTG1 C19orf43 C19orf53 CAPZB CD244 CLIC3 COMMD6 COX4I1 COX6A1 COX6B1 CST7 CXCR4 EIF1 ERH FAM49B H2AFV HLA-E HOXB4 KLRC1 KRAS LIMD2 LMAN2 MYL12A MYL12B,B2M TMSB4X FTH1 HLA-A GNLY CCL5 HLA-B MASKED_GENE PTMA H3F3B TMSB10 ZNF428 FGFBP2 NKG7 CD247 CYBA EEF2 FAU GZMB HLA-C S100A4 ALKBH2 ARPC2 ATP5B ATRX BTF3 BTG1 C19orf43 C19orf53 CAPZB CD244 CLIC3 COMMD6 COX4I1 COX6A1 COX6B1 CST7 CXCR4 EIF1 ERH FAM49B H2AFV HLA-E HOXB4 KLRC1 KRAS LIMD2 LMAN2 MYL12A MYL12B
base,gse96583:ctrl:1256:AGGGAGTGCAAAGA-1,AGGGAGTGCAAAGA-1,1256,1256,ctrl,singlet,NK cells,0,NK_receptor_plus_cytotoxic,1256:NK_receptor_plus_cytotoxic,047164c661afcf39c41ad0617b44b55851c69d778ff9813754fd5ecdc82936e5,703,none,0,,0,,,,,,,,,,B2M TMSB4X EIF3K GNLY HLA-B HLA-A FTH1 HLA-C CCL5 GZMB H3F3B CD7 MYL12A PTMA SH3BGRL3 UBB CLIC3 CYBA HLA-E IER2 IL12RB1 LAPTM5 NKG7 PRDX5 SRGN ACTB ARL6IP5 ARPC3 BCAP31 BSG C17orf62 CCT3 CYB5R4 DHX15 EIF1B GAPDH GIMAP4 GLIPR2 HINT1 HIST1H2AC IFI16 IL2RG ISCU JAK1 KDELR2 KLRF1 MYL12B MYL6 NEDD8 PFN1,B2M TMSB4X EIF3K GNLY HLA-B HLA-A FTH1 HLA-C CCL5 GZMB H3F3B CD7 MYL12A PTMA SH3BGRL3 UBB CLIC3 CYBA HLA-E IER2 IL12RB1 LAPTM5 NKG7 PRDX5 SRGN ACTB ARL6IP5 ARPC3 BCAP31 BSG C17orf62 CCT3 CYB5R4 DHX15 EIF1B GAPDH GIMAP4 GLIPR2 HINT1 HIST1H2AC IFI16 IL2RG ISCU JAK1 KDELR2 KLRF1 MYL12B MYL6 NEDD8 PFN1,B2M TMSB4X EIF3K GNLY HLA-B HLA-A FTH1 HLA-C CCL5 GZMB H3F3B CD7 MYL12A PTMA SH3BGRL3 UBB CLIC3 CYBA HLA-E IER2 IL12RB1 LAPTM5 NKG7 PRDX5 SRGN ACTB ARL6IP5 ARPC3 BCAP31 BSG C17orf62 CCT3 CYB5R4 DHX15 EIF1B GAPDH GIMAP4 GLIPR2 HINT1 HIST1H2AC IFI16 IL2RG ISCU JAK1 KDELR2 KLRF1 MYL12B MYL6 NEDD8 PFN1
intervention,gse96583:ctrl:1256:AGGGAGTGCAAAGA-1,AGGGAGTGCAAAGA-1,1256,1256,ctrl,singlet,NK cells,0,NK_receptor_plus_cytotoxic,1256:NK_receptor_plus_cytotoxic,047164c661afcf39c41ad0617b44b55851c69d778ff9813754fd5ecdc82936e5,703,NK_receptor_identity,1,KLRF1,1,KLRF1,3.38267700448,KDELR2,3.38267700448,1,0,0.0050075112669,1,0.716741779336,B2M TMSB4X EIF3K GNLY HLA-B HLA-A FTH1 HLA-C CCL5 GZMB H3F3B CD7 MYL12A PTMA SH3BGRL3 UBB CLIC3 CYBA HLA-E IER2 IL12RB1 LAPTM5 NKG7 PRDX5 SRGN ACTB ARL6IP5 ARPC3 BCAP31 BSG C17orf62 CCT3 CYB5R4 DHX15 EIF1B GAPDH GIMAP4 GLIPR2 HINT1 HIST1H2AC IFI16 IL2RG ISCU JAK1 KDELR2 KLRF1 MYL12B MYL6 NEDD8 PFN1,B2M TMSB4X EIF3K GNLY HLA-B HLA-A FTH1 HLA-C CCL5 GZMB H3F3B CD7 MYL12A PTMA SH3BGRL3 UBB CLIC3 CYBA HLA-E IER2 IL12RB1 LAPTM5 NKG7 PRDX5 SRGN ACTB ARL6IP5 ARPC3 BCAP31 BSG C17orf62 CCT3 CYB5R4 DHX15 EIF1B GAPDH GIMAP4 GLIPR2 HINT1 HIST1H2AC IFI16 IL2RG ISCU JAK1 KDELR2 MASKED_GENE MYL12B MYL6 NEDD8 PFN1,B2M TMSB4X EIF3K GNLY HLA-B HLA-A FTH1 HLA-C CCL5 GZMB H3F3B CD7 MYL12A PTMA SH3BGRL3 UBB CLIC3 CYBA HLA-E IER2 IL12RB1 LAPTM5 NKG7 PRDX5 SRGN ACTB ARL6IP5 ARPC3 BCAP31 BSG C17orf62 CCT3 CYB5R4 DHX15 EIF1B GAPDH GIMAP4 GLIPR2 HINT1 HIST1H2AC IFI16 IL2RG ISCU JAK1 MASKED_GENE KLRF1 MYL12B MYL6 NEDD8 PFN1
intervention,gse96583:ctrl:1256:AGGGAGTGCAAAGA-1,AGGGAGTGCAAAGA-1,1256,1256,ctrl,singlet,NK cells,0,NK_receptor_plus_cytotoxic,1256:NK_receptor_plus_cytotoxic,047164c661afcf39c41ad0617b44b55851c69d778ff9813754fd5ecdc82936e5,703,cytotoxic_effector,1,GNLY;CCL5;GZMB;NKG7,4,GNLY,4.96457397791,HLA-B,4.74317413648,1,0.221399841434,0.388582874311,1,4.99529509265,B2M TMSB4X EIF3K GNLY HLA-B HLA-A FTH1 HLA-C CCL5 GZMB H3F3B CD7 MYL12A PTMA SH3BGRL3 UBB CLIC3 CYBA HLA-E IER2 IL12RB1 LAPTM5 NKG7 PRDX5 SRGN ACTB ARL6IP5 ARPC3 BCAP31 BSG C17orf62 CCT3 CYB5R4 DHX15 EIF1B GAPDH GIMAP4 GLIPR2 HINT1 HIST1H2AC IFI16 IL2RG ISCU JAK1 KDELR2 KLRF1 MYL12B MYL6 NEDD8 PFN1,B2M TMSB4X EIF3K MASKED_GENE HLA-B HLA-A FTH1 HLA-C CCL5 GZMB H3F3B CD7 MYL12A PTMA SH3BGRL3 UBB CLIC3 CYBA HLA-E IER2 IL12RB1 LAPTM5 NKG7 PRDX5 SRGN ACTB ARL6IP5 ARPC3 BCAP31 BSG C17orf62 CCT3 CYB5R4 DHX15 EIF1B GAPDH GIMAP4 GLIPR2 HINT1 HIST1H2AC IFI16 IL2RG ISCU JAK1 KDELR2 KLRF1 MYL12B MYL6 NEDD8 PFN1,B2M TMSB4X EIF3K GNLY MASKED_GENE HLA-A FTH1 HLA-C CCL5 GZMB H3F3B CD7 MYL12A PTMA SH3BGRL3 UBB CLIC3 CYBA HLA-E IER2 IL12RB1 LAPTM5 NKG7 PRDX5 SRGN ACTB ARL6IP5 ARPC3 BCAP31 BSG C17orf62 CCT3 CYB5R4 DHX15 EIF1B GAPDH GIMAP4 GLIPR2 HINT1 HIST1H2AC IFI16 IL2RG ISCU JAK1 KDELR2 KLRF1 MYL12B MYL6 NEDD8 PFN1
base,gse96583:ctrl:1256:GATTGGTGTGCCTC-1,GATTGGTGTGCCTC-1,1256,1256,ctrl,singlet,NK cells,0,NK_receptor_plus_cytotoxic,1256:NK_receptor_plus_cytotoxic,16e3f3638d9cc0856c6cc5f1eb566ca5aabbdf087222c46466105bad5687fac6,749,none,0,,0,,,,,,,,,,B2M TMSB4X FTH1 GNLY HLA-B ETS1 FTL GZMB HLA-A BTG1 CREM PTMA CST7 H3F3B HLA-C SRGN CLIC3 FGFBP2 RABAC1 SUMO3 TMSB10 ACTB APMAP ARPC2 ATP6V1G1 COX4I1 CTSC DDX5 DYNLL1 DYNLT1 EIF4A1 ENO1 FAM43A FCER1G FCGR3A GZMA HLA-E ITGB1BP1 LAPTM5 MYL6 NKG7 PPP4C PRKX RWDD1 SEPW1 SRP9 TMBIM6 UBC WAC YBX1,B2M TMSB4X FTH1 GNLY HLA-B ETS1 FTL GZMB HLA-A BTG1 CREM PTMA CST7 H3F3B HLA-C SRGN CLIC3 FGFBP2 RABAC1 SUMO3 TMSB10 ACTB APMAP ARPC2 ATP6V1G1 COX4I1 CTSC DDX5 DYNLL1 DYNLT1 EIF4A1 ENO1 FAM43A FCER1G FCGR3A GZMA HLA-E ITGB1BP1 LAPTM5 MYL6 NKG7 PPP4C PRKX RWDD1 SEPW1 SRP9 TMBIM6 UBC WAC YBX1,B2M TMSB4X FTH1 GNLY HLA-B ETS1 FTL GZMB HLA-A BTG1 CREM PTMA CST7 H3F3B HLA-C SRGN CLIC3 FGFBP2 RABAC1 SUMO3 TMSB10 ACTB APMAP ARPC2 ATP6V1G1 COX4I1 CTSC DDX5 DYNLL1 DYNLT1 EIF4A1 ENO1 FAM43A FCER1G FCGR3A GZMA HLA-E ITGB1BP1 LAPTM5 MYL6 NKG7 PPP4C PRKX RWDD1 SEPW1 SRP9 TMBIM6 UBC WAC YBX1
intervention,gse96583:ctrl:1256:GATTGGTGTGCCTC-1,GATTGGTGTGCCTC-1,1256,1256,ctrl,singlet,NK cells,0,NK_receptor_plus_cytotoxic,1256:NK_receptor_plus_cytotoxic,16e3f3638d9cc0856c6cc5f1eb566ca5aabbdf087222c46466105bad5687fac6,749,NK_receptor_identity,1,FCGR3A,1,FCGR3A,3.32151434821,FAM43A,3.32151434821,2,0,0.0315473209815,0,0.982139876481,B2M TMSB4X FTH1 GNLY HLA-B ETS1 FTL GZMB HLA-A BTG1 CREM PTMA CST7 H3F3B HLA-C SRGN CLIC3 FGFBP2 RABAC1 SUMO3 TMSB10 ACTB APMAP ARPC2 ATP6V1G1 COX4I1 CTSC DDX5 DYNLL1 DYNLT1 EIF4A1 ENO1 FAM43A FCER1G FCGR3A GZMA HLA-E ITGB1BP1 LAPTM5 MYL6 NKG7 PPP4C PRKX RWDD1 SEPW1 SRP9 TMBIM6 UBC WAC YBX1,B2M TMSB4X FTH1 GNLY HLA-B ETS1 FTL GZMB HLA-A BTG1 CREM PTMA CST7 H3F3B HLA-C SRGN CLIC3 FGFBP2 RABAC1 SUMO3 TMSB10 ACTB APMAP ARPC2 ATP6V1G1 COX4I1 CTSC DDX5 DYNLL1 DYNLT1 EIF4A1 ENO1 FAM43A FCER1G MASKED_GENE GZMA HLA-E ITGB1BP1 LAPTM5 MYL6 NKG7 PPP4C PRKX RWDD1 SEPW1 SRP9 TMBIM6 UBC WAC YBX1,B2M TMSB4X FTH1 GNLY HLA-B ETS1 FTL GZMB HLA-A BTG1 CREM PTMA CST7 H3F3B HLA-C SRGN CLIC3 FGFBP2 RABAC1 SUMO3 TMSB10 ACTB APMAP ARPC2 ATP6V1G1 COX4I1 CTSC DDX5 DYNLL1 DYNLT1 EIF4A1 ENO1 MASKED_GENE FCER1G FCGR3A GZMA HLA-E ITGB1BP1 LAPTM5 MYL6 NKG7 PPP4C PRKX RWDD1 SEPW1 SRP9 TMBIM6 UBC WAC YBX1
intervention,gse96583:ctrl:1256:GATTGGTGTGCCTC-1,GATTGGTGTGCCTC-1,1256,1256,ctrl,singlet,NK cells,0,NK_receptor_plus_cytotoxic,1256:NK_receptor_plus_cytotoxic,16e3f3638d9cc0856c6cc5f1eb566ca5aabbdf087222c46466105bad5687fac6,749,cytotoxic_effector,1,GNLY;GZMB;FGFBP2;GZMA;NKG7,5,GNLY,5.36886043772,FTL,4.90164857068,3,0.467211867039,0.00250375563345,1,2.29279462375,B2M TMSB4X FTH1 GNLY HLA-B ETS1 FTL GZMB HLA-A BTG1 CREM PTMA CST7 H3F3B HLA-C SRGN CLIC3 FGFBP2 RABAC1 SUMO3 TMSB10 ACTB APMAP ARPC2 ATP6V1G1 COX4I1 CTSC DDX5 DYNLL1 DYNLT1 EIF4A1 ENO1 FAM43A FCER1G FCGR3A GZMA HLA-E ITGB1BP1 LAPTM5 MYL6 NKG7 PPP4C PRKX RWDD1 SEPW1 SRP9 TMBIM6 UBC WAC YBX1,B2M TMSB4X FTH1 MASKED_GENE HLA-B ETS1 FTL GZMB HLA-A BTG1 CREM PTMA CST7 H3F3B HLA-C SRGN CLIC3 FGFBP2 RABAC1 SUMO3 TMSB10 ACTB APMAP ARPC2 ATP6V1G1 COX4I1 CTSC DDX5 DYNLL1 DYNLT1 EIF4A1 ENO1 FAM43A FCER1G FCGR3A GZMA HLA-E ITGB1BP1 LAPTM5 MYL6 NKG7 PPP4C PRKX RWDD1 SEPW1 SRP9 TMBIM6 UBC WAC YBX1,B2M TMSB4X FTH1 GNLY HLA-B ETS1 MASKED_GENE GZMB HLA-A BTG1 CREM PTMA CST7 H3F3B HLA-C SRGN CLIC3 FGFBP2 RABAC1 SUMO3 TMSB10 ACTB APMAP ARPC2 ATP6V1G1 COX4I1 CTSC DDX5 DYNLL1 DYNLT1 EIF4A1 ENO1 FAM43A FCER1G FCGR3A GZMA HLA-E ITGB1BP1 LAPTM5 MYL6 NKG7 PPP4C PRKX RWDD1 SEPW1 SRP9 TMBIM6 UBC WAC YBX1
base,gse96583:ctrl:1488:GCAGGGCTTCGATG-1,GCAGGGCTTCGATG-1,1488,1488,ctrl,singlet,CD8 T cells,1,T_plus_cytotoxic,1488:T_plus_cytotoxic,000cf2837c1e9e78e1192ae18885b566d6fa43d2ef55e05969c4878f8b7f5418,1006,none,0,,0,,,,,,,,,,TMSB4X B2M FTH1 HLA-B HLA-A BTG1 HLA-C PTMA GZMB CST7 EIF1 NDUFB9 NKG7 CXCR4 FTL GAPDH LGALS1 SERP1 APRT BTF3 CCL5 CD3D CYBA EEF1A1 H3F3B OST4 YBX1 YWHAQ ACADVL ANXA1 APOBEC3G ARHGDIB ARPC2 ATP5G2 BLVRA CCT8 CYB561D2 DUSP2 FAM105A FGFBP2 GNB2L1 HLA-E HNRNPA3 HSD17B11 IL2RG ITM2B LDHA NACA OAZ1 PEBP1,TMSB4X B2M FTH1 HLA-B HLA-A BTG1 HLA-C PTMA GZMB CST7 EIF1 NDUFB9 NKG7 CXCR4 FTL GAPDH LGALS1 SERP1 APRT BTF3 CCL5 CD3D CYBA EEF1A1 H3F3B OST4 YBX1 YWHAQ ACADVL ANXA1 APOBEC3G ARHGDIB ARPC2 ATP5G2 BLVRA CCT8 CYB561D2 DUSP2 FAM105A FGFBP2 GNB2L1 HLA-E HNRNPA3 HSD17B11 IL2RG ITM2B LDHA NACA OAZ1 PEBP1,TMSB4X B2M FTH1 HLA-B HLA-A BTG1 HLA-C PTMA GZMB CST7 EIF1 NDUFB9 NKG7 CXCR4 FTL GAPDH LGALS1 SERP1 APRT BTF3 CCL5 CD3D CYBA EEF1A1 H3F3B OST4 YBX1 YWHAQ ACADVL ANXA1 APOBEC3G ARHGDIB ARPC2 ATP5G2 BLVRA CCT8 CYB561D2 DUSP2 FAM105A FGFBP2 GNB2L1 HLA-E HNRNPA3 HSD17B11 IL2RG ITM2B LDHA NACA OAZ1 PEBP1
intervention,gse96583:ctrl:1488:GCAGGGCTTCGATG-1,GCAGGGCTTCGATG-1,1488,1488,ctrl,singlet,CD8 T cells,1,T_plus_cytotoxic,1488:T_plus_cytotoxic,000cf2837c1e9e78e1192ae18885b566d6fa43d2ef55e05969c4878f8b7f5418,1006,T_TCR_CD8,1,CD3D,1,CD3D,3.42819866247,APRT,3.42819866247,3,0,0.186780170255,0,2.86780170255,TMSB4X B2M FTH1 HLA-B HLA-A BTG1 HLA-C PTMA GZMB CST7 EIF1 NDUFB9 NKG7 CXCR4 FTL GAPDH LGALS1 SERP1 APRT BTF3 CCL5 CD3D CYBA EEF1A1 H3F3B OST4 YBX1 YWHAQ ACADVL ANXA1 APOBEC3G ARHGDIB ARPC2 ATP5G2 BLVRA CCT8 CYB561D2 DUSP2 FAM105A FGFBP2 GNB2L1 HLA-E HNRNPA3 HSD17B11 IL2RG ITM2B LDHA NACA OAZ1 PEBP1,TMSB4X B2M FTH1 HLA-B HLA-A BTG1 HLA-C PTMA GZMB CST7 EIF1 NDUFB9 NKG7 CXCR4 FTL GAPDH LGALS1 SERP1 APRT BTF3 CCL5 MASKED_GENE CYBA EEF1A1 H3F3B OST4 YBX1 YWHAQ ACADVL ANXA1 APOBEC3G ARHGDIB ARPC2 ATP5G2 BLVRA CCT8 CYB561D2 DUSP2 FAM105A FGFBP2 GNB2L1 HLA-E HNRNPA3 HSD17B11 IL2RG ITM2B LDHA NACA OAZ1 PEBP1,TMSB4X B2M FTH1 HLA-B HLA-A BTG1 HLA-C PTMA GZMB CST7 EIF1 NDUFB9 NKG7 CXCR4 FTL GAPDH LGALS1 SERP1 MASKED_GENE BTF3 CCL5 CD3D CYBA EEF1A1 H3F3B OST4 YBX1 YWHAQ ACADVL ANXA1 APOBEC3G ARHGDIB ARPC2 ATP5G2 BLVRA CCT8 CYB561D2 DUSP2 FAM105A FGFBP2 GNB2L1 HLA-E HNRNPA3 HSD17B11 IL2RG ITM2B LDHA NACA OAZ1 PEBP1
intervention,gse96583:ctrl:1488:GCAGGGCTTCGATG-1,GCAGGGCTTCGATG-1,1488,1488,ctrl,singlet,CD8 T cells,1,T_plus_cytotoxic,1488:T_plus_cytotoxic,000cf2837c1e9e78e1192ae18885b566d6fa43d2ef55e05969c4878f8b7f5418,1006,cytotoxic_effector,1,GZMB;NKG7;CCL5;FGFBP2,4,GZMB,4.10499014831,EIF1,3.92596120119,2,0.179028947129,0.0640961442163,0,1.66568600309,TMSB4X B2M FTH1 HLA-B HLA-A BTG1 HLA-C PTMA GZMB CST7 EIF1 NDUFB9 NKG7 CXCR4 FTL GAPDH LGALS1 SERP1 APRT BTF3 CCL5 CD3D CYBA EEF1A1 H3F3B OST4 YBX1 YWHAQ ACADVL ANXA1 APOBEC3G ARHGDIB ARPC2 ATP5G2 BLVRA CCT8 CYB561D2 DUSP2 FAM105A FGFBP2 GNB2L1 HLA-E HNRNPA3 HSD17B11 IL2RG ITM2B LDHA NACA OAZ1 PEBP1,TMSB4X B2M FTH1 HLA-B HLA-A BTG1 HLA-C PTMA MASKED_GENE CST7 EIF1 NDUFB9 NKG7 CXCR4 FTL GAPDH LGALS1 SERP1 APRT BTF3 CCL5 CD3D CYBA EEF1A1 H3F3B OST4 YBX1 YWHAQ ACADVL ANXA1 APOBEC3G ARHGDIB ARPC2 ATP5G2 BLVRA CCT8 CYB561D2 DUSP2 FAM105A FGFBP2 GNB2L1 HLA-E HNRNPA3 HSD17B11 IL2RG ITM2B LDHA NACA OAZ1 PEBP1,TMSB4X B2M FTH1 HLA-B HLA-A BTG1 HLA-C PTMA GZMB CST7 MASKED_GENE NDUFB9 NKG7 CXCR4 FTL GAPDH LGALS1 SERP1 APRT BTF3 CCL5 CD3D CYBA EEF1A1 H3F3B OST4 YBX1 YWHAQ ACADVL ANXA1 APOBEC3G ARHGDIB ARPC2 ATP5G2 BLVRA CCT8 CYB561D2 DUSP2 FAM105A FGFBP2 GNB2L1 HLA-E HNRNPA3 HSD17B11 IL2RG ITM2B LDHA NACA OAZ1 PEBP1
base,gse96583:ctrl:1488:ATTAAGACTTCAGG-1,ATTAAGACTTCAGG-1,1488,1488,ctrl,singlet,CD8 T cells,1,T_plus_cytotoxic,1488:T_plus_cytotoxic,012856a10c89c5963b62a2870a1409a84357182fc299b782234586fb89ac73e8,1152,none,0,,0,,,,,,,,,,B2M HLA-B CCL5 TMSB4X FTH1 HLA-A OASL ISG20 PTMA GNLY ISG15 HLA-C EIF1 PMAIP1 CXCR4 RARRES3 TMSB10 ATP5G3 BSG CD3D CHCHD2 CREM CXCR3 FAU H3F3B HLA-E HMGB1 IFIT2 NACA OAZ1 PFDN5 PGK1 SAT1 SERF2 SRPK2 SRSF3 TMEM66 UBC UBXN4 ACSL5 ANXA1 ATP5J2 B3GNT2 C19orf55 C1QBP C9orf156 CIR1 CLEC2D CLIC3 COMMD6,B2M HLA-B CCL5 TMSB4X FTH1 HLA-A OASL ISG20 PTMA GNLY ISG15 HLA-C EIF1 PMAIP1 CXCR4 RARRES3 TMSB10 ATP5G3 BSG CD3D CHCHD2 CREM CXCR3 FAU H3F3B HLA-E HMGB1 IFIT2 NACA OAZ1 PFDN5 PGK1 SAT1 SERF2 SRPK2 SRSF3 TMEM66 UBC UBXN4 ACSL5 ANXA1 ATP5J2 B3GNT2 C19orf55 C1QBP C9orf156 CIR1 CLEC2D CLIC3 COMMD6,B2M HLA-B CCL5 TMSB4X FTH1 HLA-A OASL ISG20 PTMA GNLY ISG15 HLA-C EIF1 PMAIP1 CXCR4 RARRES3 TMSB10 ATP5G3 BSG CD3D CHCHD2 CREM CXCR3 FAU H3F3B HLA-E HMGB1 IFIT2 NACA OAZ1 PFDN5 PGK1 SAT1 SERF2 SRPK2 SRSF3 TMEM66 UBC UBXN4 ACSL5 ANXA1 ATP5J2 B3GNT2 C19orf55 C1QBP C9orf156 CIR1 CLEC2D CLIC3 COMMD6
intervention,gse96583:ctrl:1488:ATTAAGACTTCAGG-1,ATTAAGACTTCAGG-1,1488,1488,ctrl,singlet,CD8 T cells,1,T_plus_cytotoxic,1488:T_plus_cytotoxic,012856a10c89c5963b62a2870a1409a84357182fc299b782234586fb89ac73e8,1152,T_TCR_CD8,1,CD3D,1,CD3D,3.29737888636,CHCHD2,3.29737888636,1,0,0.0826239359039,2,1.82623935904,B2M HLA-B CCL5 TMSB4X FTH1 HLA-A OASL ISG20 PTMA GNLY ISG15 HLA-C EIF1 PMAIP1 CXCR4 RARRES3 TMSB10 ATP5G3 BSG CD3D CHCHD2 CREM CXCR3 FAU H3F3B HLA-E HMGB1 IFIT2 NACA OAZ1 PFDN5 PGK1 SAT1 SERF2 SRPK2 SRSF3 TMEM66 UBC UBXN4 ACSL5 ANXA1 ATP5J2 B3GNT2 C19orf55 C1QBP C9orf156 CIR1 CLEC2D CLIC3 COMMD6,B2M HLA-B CCL5 TMSB4X FTH1 HLA-A OASL ISG20 PTMA GNLY ISG15 HLA-C EIF1 PMAIP1 CXCR4 RARRES3 TMSB10 ATP5G3 BSG MASKED_GENE CHCHD2 CREM CXCR3 FAU H3F3B HLA-E HMGB1 IFIT2 NACA OAZ1 PFDN5 PGK1 SAT1 SERF2 SRPK2 SRSF3 TMEM66 UBC UBXN4 ACSL5 ANXA1 ATP5J2 B3GNT2 C19orf55 C1QBP C9orf156 CIR1 CLEC2D CLIC3 COMMD6,B2M HLA-B CCL5 TMSB4X FTH1 HLA-A OASL ISG20 PTMA GNLY ISG15 HLA-C EIF1 PMAIP1 CXCR4 RARRES3 TMSB10 ATP5G3 BSG CD3D MASKED_GENE CREM CXCR3 FAU H3F3B HLA-E HMGB1 IFIT2 NACA OAZ1 PFDN5 PGK1 SAT1 SERF2 SRPK2 SRSF3 TMEM66 UBC UBXN4 ACSL5 ANXA1 ATP5J2 B3GNT2 C19orf55 C1QBP C9orf156 CIR1 CLEC2D CLIC3 COMMD6
intervention,gse96583:ctrl:1488:ATTAAGACTTCAGG-1,ATTAAGACTTCAGG-1,1488,1488,ctrl,singlet,CD8 T cells,1,T_plus_cytotoxic,1488:T_plus_cytotoxic,012856a10c89c5963b62a2870a1409a84357182fc299b782234586fb89ac73e8,1152,cytotoxic_effector,1,CCL5;GNLY,2,CCL5,4.94084845671,HLA-B,5.211078691,1,0.270230234293,0.272909364046,1,3.93622077571,B2M HLA-B CCL5 TMSB4X FTH1 HLA-A OASL ISG20 PTMA GNLY ISG15 HLA-C EIF1 PMAIP1 CXCR4 RARRES3 TMSB10 ATP5G3 BSG CD3D CHCHD2 CREM CXCR3 FAU H3F3B HLA-E HMGB1 IFIT2 NACA OAZ1 PFDN5 PGK1 SAT1 SERF2 SRPK2 SRSF3 TMEM66 UBC UBXN4 ACSL5 ANXA1 ATP5J2 B3GNT2 C19orf55 C1QBP C9orf156 CIR1 CLEC2D CLIC3 COMMD6,B2M HLA-B MASKED_GENE TMSB4X FTH1 HLA-A OASL ISG20 PTMA GNLY ISG15 HLA-C EIF1 PMAIP1 CXCR4 RARRES3 TMSB10 ATP5G3 BSG CD3D CHCHD2 CREM CXCR3 FAU H3F3B HLA-E HMGB1 IFIT2 NACA OAZ1 PFDN5 PGK1 SAT1 SERF2 SRPK2 SRSF3 TMEM66 UBC UBXN4 ACSL5 ANXA1 ATP5J2 B3GNT2 C19orf55 C1QBP C9orf156 CIR1 CLEC2D CLIC3 COMMD6,B2M MASKED_GENE CCL5 TMSB4X FTH1 HLA-A OASL ISG20 PTMA GNLY ISG15 HLA-C EIF1 PMAIP1 CXCR4 RARRES3 TMSB10 ATP5G3 BSG CD3D CHCHD2 CREM CXCR3 FAU H3F3B HLA-E HMGB1 IFIT2 NACA OAZ1 PFDN5 PGK1 SAT1 SERF2 SRPK2 SRSF3 TMEM66 UBC UBXN4 ACSL5 ANXA1 ATP5J2 B3GNT2 C19orf55 C1QBP C9orf156 CIR1 CLEC2D CLIC3 COMMD6
base,gse96583:ctrl:1488:ATCGCAGAAGAGGC-1,ATCGCAGAAGAGGC-1,1488,1488,ctrl,singlet,CD8 T cells,1,T_plus_cytotoxic,1488:T_plus_cytotoxic,0eca988fbf48088619d494f20569073f89347c103a12ac653574ef528c3e29ce,957,none,0,,0,,,,,,,,,,FTH1 B2M TMSB4X HLA-B CTSC EEF1D HLA-C PTMA PTPRC SSBP1 CCL4 CYBA EIF1 ARHGDIB CCL5 FTL HLA-A HNRNPR LDHA MSMO1 NACA PARK7 SH3BGRL3 TMEM59 UBA52 UBB UBC ACTB ARID5B CCDC85B CD3D CMTM7 CXCR3 CYLD DUSP2 EIF4E EIF5B EIF6 FYN GLTSCR2 GNB2L1 GPR183 ITM2B MOAP1 PABPC1 PSMA7 PSMB1 PSMB9 SBDS SERF2,FTH1 B2M TMSB4X HLA-B CTSC EEF1D HLA-C PTMA PTPRC SSBP1 CCL4 CYBA EIF1 ARHGDIB CCL5 FTL HLA-A HNRNPR LDHA MSMO1 NACA PARK7 SH3BGRL3 TMEM59 UBA52 UBB UBC ACTB ARID5B CCDC85B CD3D CMTM7 CXCR3 CYLD DUSP2 EIF4E EIF5B EIF6 FYN GLTSCR2 GNB2L1 GPR183 ITM2B MOAP1 PABPC1 PSMA7 PSMB1 PSMB9 SBDS SERF2,FTH1 B2M TMSB4X HLA-B CTSC EEF1D HLA-C PTMA PTPRC SSBP1 CCL4 CYBA EIF1 ARHGDIB CCL5 FTL HLA-A HNRNPR LDHA MSMO1 NACA PARK7 SH3BGRL3 TMEM59 UBA52 UBB UBC ACTB ARID5B CCDC85B CD3D CMTM7 CXCR3 CYLD DUSP2 EIF4E EIF5B EIF6 FYN GLTSCR2 GNB2L1 GPR183 ITM2B MOAP1 PABPC1 PSMA7 PSMB1 PSMB9 SBDS SERF2
intervention,gse96583:ctrl:1488:ATCGCAGAAGAGGC-1,ATCGCAGAAGAGGC-1,1488,1488,ctrl,singlet,CD8 T cells,1,T_plus_cytotoxic,1488:T_plus_cytotoxic,0eca988fbf48088619d494f20569073f89347c103a12ac653574ef528c3e29ce,957,T_TCR_CD8,1,CD3D,1,CD3D,3.08642460697,DUSP2,3.08642460697,4,0,0.079118678017,1,2.45785344684,FTH1 B2M TMSB4X HLA-B CTSC EEF1D HLA-C PTMA PTPRC SSBP1 CCL4 CYBA EIF1 ARHGDIB CCL5 FTL HLA-A HNRNPR LDHA MSMO1 NACA PARK7 SH3BGRL3 TMEM59 UBA52 UBB UBC ACTB ARID5B CCDC85B CD3D CMTM7 CXCR3 CYLD DUSP2 EIF4E EIF5B EIF6 FYN GLTSCR2 GNB2L1 GPR183 ITM2B MOAP1 PABPC1 PSMA7 PSMB1 PSMB9 SBDS SERF2,FTH1 B2M TMSB4X HLA-B CTSC EEF1D HLA-C PTMA PTPRC SSBP1 CCL4 CYBA EIF1 ARHGDIB CCL5 FTL HLA-A HNRNPR LDHA MSMO1 NACA PARK7 SH3BGRL3 TMEM59 UBA52 UBB UBC ACTB ARID5B CCDC85B MASKED_GENE CMTM7 CXCR3 CYLD DUSP2 EIF4E EIF5B EIF6 FYN GLTSCR2 GNB2L1 GPR183 ITM2B MOAP1 PABPC1 PSMA7 PSMB1 PSMB9 SBDS SERF2,FTH1 B2M TMSB4X HLA-B CTSC EEF1D HLA-C PTMA PTPRC SSBP1 CCL4 CYBA EIF1 ARHGDIB CCL5 FTL HLA-A HNRNPR LDHA MSMO1 NACA PARK7 SH3BGRL3 TMEM59 UBA52 UBB UBC ACTB ARID5B CCDC85B CD3D CMTM7 CXCR3 CYLD MASKED_GENE EIF4E EIF5B EIF6 FYN GLTSCR2 GNB2L1 GPR183 ITM2B MOAP1 PABPC1 PSMA7 PSMB1 PSMB9 SBDS SERF2
intervention,gse96583:ctrl:1488:ATCGCAGAAGAGGC-1,ATCGCAGAAGAGGC-1,1488,1488,ctrl,singlet,CD8 T cells,1,T_plus_cytotoxic,1488:T_plus_cytotoxic,0eca988fbf48088619d494f20569073f89347c103a12ac653574ef528c3e29ce,957,cytotoxic_effector,1,CCL5,1,CCL5,3.47655103233,FTL,3.47655103233,1,0,0.113169754632,1,1.79836421299,FTH1 B2M TMSB4X HLA-B CTSC EEF1D HLA-C PTMA PTPRC SSBP1 CCL4 CYBA EIF1 ARHGDIB CCL5 FTL HLA-A HNRNPR LDHA MSMO1 NACA PARK7 SH3BGRL3 TMEM59 UBA52 UBB UBC ACTB ARID5B CCDC85B CD3D CMTM7 CXCR3 CYLD DUSP2 EIF4E EIF5B EIF6 FYN GLTSCR2 GNB2L1 GPR183 ITM2B MOAP1 PABPC1 PSMA7 PSMB1 PSMB9 SBDS SERF2,FTH1 B2M TMSB4X HLA-B CTSC EEF1D HLA-C PTMA PTPRC SSBP1 CCL4 CYBA EIF1 ARHGDIB MASKED_GENE FTL HLA-A HNRNPR LDHA MSMO1 NACA PARK7 SH3BGRL3 TMEM59 UBA52 UBB UBC ACTB ARID5B CCDC85B CD3D CMTM7 CXCR3 CYLD DUSP2 EIF4E EIF5B EIF6 FYN GLTSCR2 GNB2L1 GPR183 ITM2B MOAP1 PABPC1 PSMA7 PSMB1 PSMB9 SBDS SERF2,FTH1 B2M TMSB4X HLA-B CTSC EEF1D HLA-C PTMA PTPRC SSBP1 CCL4 CYBA EIF1 ARHGDIB CCL5 MASKED_GENE HLA-A HNRNPR LDHA MSMO1 NACA PARK7 SH3BGRL3 TMEM59 UBA52 UBB UBC ACTB ARID5B CCDC85B CD3D CMTM7 CXCR3 CYLD DUSP2 EIF4E EIF5B EIF6 FYN GLTSCR2 GNB2L1 GPR183 ITM2B MOAP1 PABPC1 PSMA7 PSMB1 PSMB9 SBDS SERF2
base,gse96583:ctrl:1488:ACGGCGTGGCTTAG-1,ACGGCGTGGCTTAG-1,1488,1488,ctrl,singlet,CD8 T cells,1,T_plus_cytotoxic,1488:T_plus_cytotoxic,0ff30b11a179a09a3c4f9943cf166bcf4aef943d3e1cee74808dd225108a2280,902,none,0,,0,,,,,,,,,,B2M HLA-B FTH1 HLA-A ANXA1 TMSB4X GAPDH PTMA SH3BGRL3 FAU GZMB HLA-C CCL5 CD52 H3F3B PPIA ARHGDIB BRK1 BTG1 CD8B EEF1A1 GNB2L1 HINT2 NACA RARRES3 TPM3 ACTN4 ADIPOR1 AKAP9 ARPC5L ASF1A ATP5L C19orf10 CAPZB CD44 CIB1 CLIC1 CNBP COPZ1 CSNK1A1 DAZAP2 DPP7 FDX1 GIMAP7 GNL2 GZMH HLA-F HMGB1 IL2RG ITGB1,B2M HLA-B FTH1 HLA-A ANXA1 TMSB4X GAPDH PTMA SH3BGRL3 FAU GZMB HLA-C CCL5 CD52 H3F3B PPIA ARHGDIB BRK1 BTG1 CD8B EEF1A1 GNB2L1 HINT2 NACA RARRES3 TPM3 ACTN4 ADIPOR1 AKAP9 ARPC5L ASF1A ATP5L C19orf10 CAPZB CD44 CIB1 CLIC1 CNBP COPZ1 CSNK1A1 DAZAP2 DPP7 FDX1 GIMAP7 GNL2 GZMH HLA-F HMGB1 IL2RG ITGB1,B2M HLA-B FTH1 HLA-A ANXA1 TMSB4X GAPDH PTMA SH3BGRL3 FAU GZMB HLA-C CCL5 CD52 H3F3B PPIA ARHGDIB BRK1 BTG1 CD8B EEF1A1 GNB2L1 HINT2 NACA RARRES3 TPM3 ACTN4 ADIPOR1 AKAP9 ARPC5L ASF1A ATP5L C19orf10 CAPZB CD44 CIB1 CLIC1 CNBP COPZ1 CSNK1A1 DAZAP2 DPP7 FDX1 GIMAP7 GNL2 GZMH HLA-F HMGB1 IL2RG ITGB1
intervention,gse96583:ctrl:1488:ACGGCGTGGCTTAG-1,ACGGCGTGGCTTAG-1,1488,1488,ctrl,singlet,CD8 T cells,1,T_plus_cytotoxic,1488:T_plus_cytotoxic,0ff30b11a179a09a3c4f9943cf166bcf4aef943d3e1cee74808dd225108a2280,902,T_TCR_CD8,1,CD8B,1,CD8B,3.53396166565,BRK1,3.53396166565,2,0,0.0165247871808,0,0.831914538474,B2M HLA-B FTH1 HLA-A ANXA1 TMSB4X GAPDH PTMA SH3BGRL3 FAU GZMB HLA-C CCL5 CD52 H3F3B PPIA ARHGDIB BRK1 BTG1 CD8B EEF1A1 GNB2L1 HINT2 NACA RARRES3 TPM3 ACTN4 ADIPOR1 AKAP9 ARPC5L ASF1A ATP5L C19orf10 CAPZB CD44 CIB1 CLIC1 CNBP COPZ1 CSNK1A1 DAZAP2 DPP7 FDX1 GIMAP7 GNL2 GZMH HLA-F HMGB1 IL2RG ITGB1,B2M HLA-B FTH1 HLA-A ANXA1 TMSB4X GAPDH PTMA SH3BGRL3 FAU GZMB HLA-C CCL5 CD52 H3F3B PPIA ARHGDIB BRK1 BTG1 MASKED_GENE EEF1A1 GNB2L1 HINT2 NACA RARRES3 TPM3 ACTN4 ADIPOR1 AKAP9 ARPC5L ASF1A ATP5L C19orf10 CAPZB CD44 CIB1 CLIC1 CNBP COPZ1 CSNK1A1 DAZAP2 DPP7 FDX1 GIMAP7 GNL2 GZMH HLA-F HMGB1 IL2RG ITGB1,B2M HLA-B FTH1 HLA-A ANXA1 TMSB4X GAPDH PTMA SH3BGRL3 FAU GZMB HLA-C CCL5 CD52 H3F3B PPIA ARHGDIB MASKED_GENE BTG1 CD8B EEF1A1 GNB2L1 HINT2 NACA RARRES3 TPM3 ACTN4 ADIPOR1 AKAP9 ARPC5L ASF1A ATP5L C19orf10 CAPZB CD44 CIB1 CLIC1 CNBP COPZ1 CSNK1A1 DAZAP2 DPP7 FDX1 GIMAP7 GNL2 GZMH HLA-F HMGB1 IL2RG ITGB1
intervention,gse96583:ctrl:1488:ACGGCGTGGCTTAG-1,ACGGCGTGGCTTAG-1,1488,1488,ctrl,singlet,CD8 T cells,1,T_plus_cytotoxic,1488:T_plus_cytotoxic,0ff30b11a179a09a3c4f9943cf166bcf4aef943d3e1cee74808dd225108a2280,902,cytotoxic_effector,1,GZMB;CCL5;GZMH,3,GZMB,4.03304297443,GAPDH,4.21240677382,4,0.179363799384,0.0560841261893,1,2.58623552733,B2M HLA-B FTH1 HLA-A ANXA1 TMSB4X GAPDH PTMA SH3BGRL3 FAU GZMB HLA-C CCL5 CD52 H3F3B PPIA ARHGDIB BRK1 BTG1 CD8B EEF1A1 GNB2L1 HINT2 NACA RARRES3 TPM3 ACTN4 ADIPOR1 AKAP9 ARPC5L ASF1A ATP5L C19orf10 CAPZB CD44 CIB1 CLIC1 CNBP COPZ1 CSNK1A1 DAZAP2 DPP7 FDX1 GIMAP7 GNL2 GZMH HLA-F HMGB1 IL2RG ITGB1,B2M HLA-B FTH1 HLA-A ANXA1 TMSB4X GAPDH PTMA SH3BGRL3 FAU MASKED_GENE HLA-C CCL5 CD52 H3F3B PPIA ARHGDIB BRK1 BTG1 CD8B EEF1A1 GNB2L1 HINT2 NACA RARRES3 TPM3 ACTN4 ADIPOR1 AKAP9 ARPC5L ASF1A ATP5L C19orf10 CAPZB CD44 CIB1 CLIC1 CNBP COPZ1 CSNK1A1 DAZAP2 DPP7 FDX1 GIMAP7 GNL2 GZMH HLA-F HMGB1 IL2RG ITGB1,B2M HLA-B FTH1 HLA-A ANXA1 TMSB4X MASKED_GENE PTMA SH3BGRL3 FAU GZMB HLA-C CCL5 CD52 H3F3B PPIA ARHGDIB BRK1 BTG1 CD8B EEF1A1 GNB2L1 HINT2 NACA RARRES3 TPM3 ACTN4 ADIPOR1 AKAP9 ARPC5L ASF1A ATP5L C19orf10 CAPZB CD44 CIB1 CLIC1 CNBP COPZ1 CSNK1A1 DAZAP2 DPP7 FDX1 GIMAP7 GNL2 GZMH HLA-F HMGB1 IL2RG ITGB1
base,gse96583:ctrl:1488:GCATCAGAGAATCC-1,GCATCAGAGAATCC-1,1488,1488,ctrl,singlet,NK cells,0,NK_receptor_plus_cytotoxic,1488:NK_receptor_plus_cytotoxic,04f59eac2071f3fa5c9ea00a6ee60c064ad288a3ab74bd7c5fde6359d356f546,662,none,0,,0,,,,,,,,,,B2M TMSB4X GNLY HLA-B CCL5 NKG7 H3F3B CYBA PSMB1 GZMB PFDN5 S100A6 TMBIM6 BTG1 GIMAP7 GNB2L1 HLA-A HNRNPF HSPA5 IER2 IL2RG PABPC1 PFN1 PTMA RGCC SEC61B TIGIT ARHGDIA ARPC3 ATP5G2 CCL3 CCL4 CD37 COX4I1 COX6A1 EIF5B FAU H1FX HERPUD1 HLA-F HMGN1 HNRNPA3 HNRNPDL KLRC2 KLRD1 LITAF MYL12B OAZ1 PDIA3 RAN,B2M TMSB4X GNLY HLA-B CCL5 NKG7 H3F3B CYBA PSMB1 GZMB PFDN5 S100A6 TMBIM6 BTG1 GIMAP7 GNB2L1 HLA-A HNRNPF HSPA5 IER2 IL2RG PABPC1 PFN1 PTMA RGCC SEC61B TIGIT ARHGDIA ARPC3 ATP5G2 CCL3 CCL4 CD37 COX4I1 COX6A1 EIF5B FAU H1FX HERPUD1 HLA-F HMGN1 HNRNPA3 HNRNPDL KLRC2 KLRD1 LITAF MYL12B OAZ1 PDIA3 RAN,B2M TMSB4X GNLY HLA-B CCL5 NKG7 H3F3B CYBA PSMB1 GZMB PFDN5 S100A6 TMBIM6 BTG1 GIMAP7 GNB2L1 HLA-A HNRNPF HSPA5 IER2 IL2RG PABPC1 PFN1 PTMA RGCC SEC61B TIGIT ARHGDIA ARPC3 ATP5G2 CCL3 CCL4 CD37 COX4I1 COX6A1 EIF5B FAU H1FX HERPUD1 HLA-F HMGN1 HNRNPA3 HNRNPDL KLRC2 KLRD1 LITAF MYL12B OAZ1 PDIA3 RAN
intervention,gse96583:ctrl:1488:GCATCAGAGAATCC-1,GCATCAGAGAATCC-1,1488,1488,ctrl,singlet,NK cells,0,NK_receptor_plus_cytotoxic,1488:NK_receptor_plus_cytotoxic,04f59eac2071f3fa5c9ea00a6ee60c064ad288a3ab74bd7c5fde6359d356f546,662,NK_receptor_identity,1,KLRC2;KLRD1,2,KLRC2,3.44078598747,LITAF,3.44078598747,2,0,0.0335503254882,0,1.00216992155,B2M TMSB4X GNLY HLA-B CCL5 NKG7 H3F3B CYBA PSMB1 GZMB PFDN5 S100A6 TMBIM6 BTG1 GIMAP7 GNB2L1 HLA-A HNRNPF HSPA5 IER2 IL2RG PABPC1 PFN1 PTMA RGCC SEC61B TIGIT ARHGDIA ARPC3 ATP5G2 CCL3 CCL4 CD37 COX4I1 COX6A1 EIF5B FAU H1FX HERPUD1 HLA-F HMGN1 HNRNPA3 HNRNPDL KLRC2 KLRD1 LITAF MYL12B OAZ1 PDIA3 RAN,B2M TMSB4X GNLY HLA-B CCL5 NKG7 H3F3B CYBA PSMB1 GZMB PFDN5 S100A6 TMBIM6 BTG1 GIMAP7 GNB2L1 HLA-A HNRNPF HSPA5 IER2 IL2RG PABPC1 PFN1 PTMA RGCC SEC61B TIGIT ARHGDIA ARPC3 ATP5G2 CCL3 CCL4 CD37 COX4I1 COX6A1 EIF5B FAU H1FX HERPUD1 HLA-F HMGN1 HNRNPA3 HNRNPDL MASKED_GENE KLRD1 LITAF MYL12B OAZ1 PDIA3 RAN,B2M TMSB4X GNLY HLA-B CCL5 NKG7 H3F3B CYBA PSMB1 GZMB PFDN5 S100A6 TMBIM6 BTG1 GIMAP7 GNB2L1 HLA-A HNRNPF HSPA5 IER2 IL2RG PABPC1 PFN1 PTMA RGCC SEC61B TIGIT ARHGDIA ARPC3 ATP5G2 CCL3 CCL4 CD37 COX4I1 COX6A1 EIF5B FAU H1FX HERPUD1 HLA-F HMGN1 HNRNPA3 HNRNPDL KLRC2 KLRD1 MASKED_GENE MYL12B OAZ1 PDIA3 RAN
intervention,gse96583:ctrl:1488:GCATCAGAGAATCC-1,GCATCAGAGAATCC-1,1488,1488,ctrl,singlet,NK cells,0,NK_receptor_plus_cytotoxic,1488:NK_receptor_plus_cytotoxic,04f59eac2071f3fa5c9ea00a6ee60c064ad288a3ab74bd7c5fde6359d356f546,662,cytotoxic_effector,1,GNLY;CCL5;NKG7;GZMB,4,GNLY,5.11897023373,HLA-B,5.11897023373,1,0,0.388582874311,1,4.55249540978,B2M TMSB4X GNLY HLA-B CCL5 NKG7 H3F3B CYBA PSMB1 GZMB PFDN5 S100A6 TMBIM6 BTG1 GIMAP7 GNB2L1 HLA-A HNRNPF HSPA5 IER2 IL2RG PABPC1 PFN1 PTMA RGCC SEC61B TIGIT ARHGDIA ARPC3 ATP5G2 CCL3 CCL4 CD37 COX4I1 COX6A1 EIF5B FAU H1FX HERPUD1 HLA-F HMGN1 HNRNPA3 HNRNPDL KLRC2 KLRD1 LITAF MYL12B OAZ1 PDIA3 RAN,B2M TMSB4X MASKED_GENE HLA-B CCL5 NKG7 H3F3B CYBA PSMB1 GZMB PFDN5 S100A6 TMBIM6 BTG1 GIMAP7 GNB2L1 HLA-A HNRNPF HSPA5 IER2 IL2RG PABPC1 PFN1 PTMA RGCC SEC61B TIGIT ARHGDIA ARPC3 ATP5G2 CCL3 CCL4 CD37 COX4I1 COX6A1 EIF5B FAU H1FX HERPUD1 HLA-F HMGN1 HNRNPA3 HNRNPDL KLRC2 KLRD1 LITAF MYL12B OAZ1 PDIA3 RAN,B2M TMSB4X GNLY MASKED_GENE CCL5 NKG7 H3F3B CYBA PSMB1 GZMB PFDN5 S100A6 TMBIM6 BTG1 GIMAP7 GNB2L1 HLA-A HNRNPF HSPA5 IER2 IL2RG PABPC1 PFN1 PTMA RGCC SEC61B TIGIT ARHGDIA ARPC3 ATP5G2 CCL3 CCL4 CD37 COX4I1 COX6A1 EIF5B FAU H1FX HERPUD1 HLA-F HMGN1 HNRNPA3 HNRNPDL KLRC2 KLRD1 LITAF MYL12B OAZ1 PDIA3 RAN
base,gse96583:ctrl:1488:TAATGCCTGTTGTG-1,TAATGCCTGTTGTG-1,1488,1488,ctrl,singlet,NK cells,0,NK_receptor_plus_cytotoxic,1488:NK_receptor_plus_cytotoxic,0ba7fc069d3535a4e6754fc59290844eaf9446b21b16525cfeef6d613eab979e,771,none,0,,0,,,,,,,,,,B2M TMSB4X HLA-B GZMB GNLY RBM39 CCL5 PTMA SEC11A UBC FTH1 HLA-A PFN1 RBM8A HLA-C TMED9 BTG1 KLRD1 LDHA MYL12B VIM ATG12 ATP1B3 C10orf32 CALM1 CCDC88B CD247 CFL1 COA5 DBNL DUSP2 EMP3 FAU GNG11 GTF3C6 H2AFV H3F3B HCST HIGD2A HNRNPA0 ICAM2 IFNGR1 IKBIP LRRFIP1 MYL6 NKG7 PDIA3 PRR13 RER1 SEP15,B2M TMSB4X HLA-B GZMB GNLY RBM39 CCL5 PTMA SEC11A UBC FTH1 HLA-A PFN1 RBM8A HLA-C TMED9 BTG1 KLRD1 LDHA MYL12B VIM ATG12 ATP1B3 C10orf32 CALM1 CCDC88B CD247 CFL1 COA5 DBNL DUSP2 EMP3 FAU GNG11 GTF3C6 H2AFV H3F3B HCST HIGD2A HNRNPA0 ICAM2 IFNGR1 IKBIP LRRFIP1 MYL6 NKG7 PDIA3 PRR13 RER1 SEP15,B2M TMSB4X HLA-B GZMB GNLY RBM39 CCL5 PTMA SEC11A UBC FTH1 HLA-A PFN1 RBM8A HLA-C TMED9 BTG1 KLRD1 LDHA MYL12B VIM ATG12 ATP1B3 C10orf32 CALM1 CCDC88B CD247 CFL1 COA5 DBNL DUSP2 EMP3 FAU GNG11 GTF3C6 H2AFV H3F3B HCST HIGD2A HNRNPA0 ICAM2 IFNGR1 IKBIP LRRFIP1 MYL6 NKG7 PDIA3 PRR13 RER1 SEP15
intervention,gse96583:ctrl:1488:TAATGCCTGTTGTG-1,TAATGCCTGTTGTG-1,1488,1488,ctrl,singlet,NK cells,0,NK_receptor_plus_cytotoxic,1488:NK_receptor_plus_cytotoxic,0ba7fc069d3535a4e6754fc59290844eaf9446b21b16525cfeef6d613eab979e,771,NK_receptor_identity,1,KLRD1,1,KLRD1,3.68663959341,TMED9,3.96803794979,2,0.281398356376,0.0620931397096,0,1.85039477651,B2M TMSB4X HLA-B GZMB GNLY RBM39 CCL5 PTMA SEC11A UBC FTH1 HLA-A PFN1 RBM8A HLA-C TMED9 BTG1 KLRD1 LDHA MYL12B VIM ATG12 ATP1B3 C10orf32 CALM1 CCDC88B CD247 CFL1 COA5 DBNL DUSP2 EMP3 FAU GNG11 GTF3C6 H2AFV H3F3B HCST HIGD2A HNRNPA0 ICAM2 IFNGR1 IKBIP LRRFIP1 MYL6 NKG7 PDIA3 PRR13 RER1 SEP15,B2M TMSB4X HLA-B GZMB GNLY RBM39 CCL5 PTMA SEC11A UBC FTH1 HLA-A PFN1 RBM8A HLA-C TMED9 BTG1 MASKED_GENE LDHA MYL12B VIM ATG12 ATP1B3 C10orf32 CALM1 CCDC88B CD247 CFL1 COA5 DBNL DUSP2 EMP3 FAU GNG11 GTF3C6 H2AFV H3F3B HCST HIGD2A HNRNPA0 ICAM2 IFNGR1 IKBIP LRRFIP1 MYL6 NKG7 PDIA3 PRR13 RER1 SEP15,B2M TMSB4X HLA-B GZMB GNLY RBM39 CCL5 PTMA SEC11A UBC FTH1 HLA-A PFN1 RBM8A HLA-C MASKED_GENE BTG1 KLRD1 LDHA MYL12B VIM ATG12 ATP1B3 C10orf32 CALM1 CCDC88B CD247 CFL1 COA5 DBNL DUSP2 EMP3 FAU GNG11 GTF3C6 H2AFV H3F3B HCST HIGD2A HNRNPA0 ICAM2 IFNGR1 IKBIP LRRFIP1 MYL6 NKG7 PDIA3 PRR13 RER1 SEP15
intervention,gse96583:ctrl:1488:TAATGCCTGTTGTG-1,TAATGCCTGTTGTG-1,1488,1488,ctrl,singlet,NK cells,0,NK_receptor_plus_cytotoxic,1488:NK_receptor_plus_cytotoxic,0ba7fc069d3535a4e6754fc59290844eaf9446b21b16525cfeef6d613eab979e,771,cytotoxic_effector,1,GZMB;GNLY;CCL5;NKG7,4,GZMB,5.13351460732,PTMA,4.51951621769,4,0.613998389634,0.286429644467,0,5.42562655727,B2M TMSB4X HLA-B GZMB GNLY RBM39 CCL5 PTMA SEC11A UBC FTH1 HLA-A PFN1 RBM8A HLA-C TMED9 BTG1 KLRD1 LDHA MYL12B VIM ATG12 ATP1B3 C10orf32 CALM1 CCDC88B CD247 CFL1 COA5 DBNL DUSP2 EMP3 FAU GNG11 GTF3C6 H2AFV H3F3B HCST HIGD2A HNRNPA0 ICAM2 IFNGR1 IKBIP LRRFIP1 MYL6 NKG7 PDIA3 PRR13 RER1 SEP15,B2M TMSB4X HLA-B MASKED_GENE GNLY RBM39 CCL5 PTMA SEC11A UBC FTH1 HLA-A PFN1 RBM8A HLA-C TMED9 BTG1 KLRD1 LDHA MYL12B VIM ATG12 ATP1B3 C10orf32 CALM1 CCDC88B CD247 CFL1 COA5 DBNL DUSP2 EMP3 FAU GNG11 GTF3C6 H2AFV H3F3B HCST HIGD2A HNRNPA0 ICAM2 IFNGR1 IKBIP LRRFIP1 MYL6 NKG7 PDIA3 PRR13 RER1 SEP15,B2M TMSB4X HLA-B GZMB GNLY RBM39 CCL5 MASKED_GENE SEC11A UBC FTH1 HLA-A PFN1 RBM8A HLA-C TMED9 BTG1 KLRD1 LDHA MYL12B VIM ATG12 ATP1B3 C10orf32 CALM1 CCDC88B CD247 CFL1 COA5 DBNL DUSP2 EMP3 FAU GNG11 GTF3C6 H2AFV H3F3B HCST HIGD2A HNRNPA0 ICAM2 IFNGR1 IKBIP LRRFIP1 MYL6 NKG7 PDIA3 PRR13 RER1 SEP15
base,gse96583:ctrl:1488:CCGTAAGATGCCAA-1,CCGTAAGATGCCAA-1,1488,1488,ctrl,singlet,NK cells,0,NK_receptor_plus_cytotoxic,1488:NK_receptor_plus_cytotoxic,1b5f5d41dac403be1cd7791686af8e89eb49e798e53e39f594a468301dcb46e8,700,none,0,,0,,,,,,,,,,TMSB4X B2M GNLY HLA-B CCL5 ZBTB1 ANXA1 BTG1 GZMB PPP2R5A APOBEC3G CD63 H3F3B RGCC CAP1 HLA-A HLA-C MYL6 TNFRSF18 C14orf119 CD2 CFL1 DAPP1 EMP3 EZR FAU FTL GADD45B HMGA1 HMGB1 HNRNPA1 IRF2BP2 KLRC1 LDHA LGALS1 MYL12B NKG7 PARK7 PGK1 POLE4 PPIB PPP2R5C PTMA RABAC1 REEP5 RHOA S100A11 SETD2 SH2D2A SRGN,TMSB4X B2M GNLY HLA-B CCL5 ZBTB1 ANXA1 BTG1 GZMB PPP2R5A APOBEC3G CD63 H3F3B RGCC CAP1 HLA-A HLA-C MYL6 TNFRSF18 C14orf119 CD2 CFL1 DAPP1 EMP3 EZR FAU FTL GADD45B HMGA1 HMGB1 HNRNPA1 IRF2BP2 KLRC1 LDHA LGALS1 MYL12B NKG7 PARK7 PGK1 POLE4 PPIB PPP2R5C PTMA RABAC1 REEP5 RHOA S100A11 SETD2 SH2D2A SRGN,TMSB4X B2M GNLY HLA-B CCL5 ZBTB1 ANXA1 BTG1 GZMB PPP2R5A APOBEC3G CD63 H3F3B RGCC CAP1 HLA-A HLA-C MYL6 TNFRSF18 C14orf119 CD2 CFL1 DAPP1 EMP3 EZR FAU FTL GADD45B HMGA1 HMGB1 HNRNPA1 IRF2BP2 KLRC1 LDHA LGALS1 MYL12B NKG7 PARK7 PGK1 POLE4 PPIB PPP2R5C PTMA RABAC1 REEP5 RHOA S100A11 SETD2 SH2D2A SRGN
intervention,gse96583:ctrl:1488:CCGTAAGATGCCAA-1,CCGTAAGATGCCAA-1,1488,1488,ctrl,singlet,NK cells,0,NK_receptor_plus_cytotoxic,1488:NK_receptor_plus_cytotoxic,1b5f5d41dac403be1cd7791686af8e89eb49e798e53e39f594a468301dcb46e8,700,NK_receptor_identity,1,KLRC1,1,KLRC1,3.38680864421,LGALS1,3.38680864421,2,0,0.0180270405608,1,1.18027040561,TMSB4X B2M GNLY HLA-B CCL5 ZBTB1 ANXA1 BTG1 GZMB PPP2R5A APOBEC3G CD63 H3F3B RGCC CAP1 HLA-A HLA-C MYL6 TNFRSF18 C14orf119 CD2 CFL1 DAPP1 EMP3 EZR FAU FTL GADD45B HMGA1 HMGB1 HNRNPA1 IRF2BP2 KLRC1 LDHA LGALS1 MYL12B NKG7 PARK7 PGK1 POLE4 PPIB PPP2R5C PTMA RABAC1 REEP5 RHOA S100A11 SETD2 SH2D2A SRGN,TMSB4X B2M GNLY HLA-B CCL5 ZBTB1 ANXA1 BTG1 GZMB PPP2R5A APOBEC3G CD63 H3F3B RGCC CAP1 HLA-A HLA-C MYL6 TNFRSF18 C14orf119 CD2 CFL1 DAPP1 EMP3 EZR FAU FTL GADD45B HMGA1 HMGB1 HNRNPA1 IRF2BP2 MASKED_GENE LDHA LGALS1 MYL12B NKG7 PARK7 PGK1 POLE4 PPIB PPP2R5C PTMA RABAC1 REEP5 RHOA S100A11 SETD2 SH2D2A SRGN,TMSB4X B2M GNLY HLA-B CCL5 ZBTB1 ANXA1 BTG1 GZMB PPP2R5A APOBEC3G CD63 H3F3B RGCC CAP1 HLA-A HLA-C MYL6 TNFRSF18 C14orf119 CD2 CFL1 DAPP1 EMP3 EZR FAU FTL GADD45B HMGA1 HMGB1 HNRNPA1 IRF2BP2 KLRC1 LDHA MASKED_GENE MYL12B NKG7 PARK7 PGK1 POLE4 PPIB PPP2R5C PTMA RABAC1 REEP5 RHOA S100A11 SETD2 SH2D2A SRGN
intervention,gse96583:ctrl:1488:CCGTAAGATGCCAA-1,CCGTAAGATGCCAA-1,1488,1488,ctrl,singlet,NK cells,0,NK_receptor_plus_cytotoxic,1488:NK_receptor_plus_cytotoxic,1b5f5d41dac403be1cd7791686af8e89eb49e798e53e39f594a468301dcb46e8,700,cytotoxic_effector,1,GNLY;CCL5;GZMB;NKG7,4,GNLY,5.43621421668,ANXA1,4.28260085454,4,1.15361336215,0.143214822233,1,5.40604161329,TMSB4X B2M GNLY HLA-B CCL5 ZBTB1 ANXA1 BTG1 GZMB PPP2R5A APOBEC3G CD63 H3F3B RGCC CAP1 HLA-A HLA-C MYL6 TNFRSF18 C14orf119 CD2 CFL1 DAPP1 EMP3 EZR FAU FTL GADD45B HMGA1 HMGB1 HNRNPA1 IRF2BP2 KLRC1 LDHA LGALS1 MYL12B NKG7 PARK7 PGK1 POLE4 PPIB PPP2R5C PTMA RABAC1 REEP5 RHOA S100A11 SETD2 SH2D2A SRGN,TMSB4X B2M MASKED_GENE HLA-B CCL5 ZBTB1 ANXA1 BTG1 GZMB PPP2R5A APOBEC3G CD63 H3F3B RGCC CAP1 HLA-A HLA-C MYL6 TNFRSF18 C14orf119 CD2 CFL1 DAPP1 EMP3 EZR FAU FTL GADD45B HMGA1 HMGB1 HNRNPA1 IRF2BP2 KLRC1 LDHA LGALS1 MYL12B NKG7 PARK7 PGK1 POLE4 PPIB PPP2R5C PTMA RABAC1 REEP5 RHOA S100A11 SETD2 SH2D2A SRGN,TMSB4X B2M GNLY HLA-B CCL5 ZBTB1 MASKED_GENE BTG1 GZMB PPP2R5A APOBEC3G CD63 H3F3B RGCC CAP1 HLA-A HLA-C MYL6 TNFRSF18 C14orf119 CD2 CFL1 DAPP1 EMP3 EZR FAU FTL GADD45B HMGA1 HMGB1 HNRNPA1 IRF2BP2 KLRC1 LDHA LGALS1 MYL12B NKG7 PARK7 PGK1 POLE4 PPIB PPP2R5C PTMA RABAC1 REEP5 RHOA S100A11 SETD2 SH2D2A SRGN
