entity_id,cell_barcode,technical_group,reference_annotation,label_a,program,program_hits,program_hit_count,mask_k,target_genes,target_values,control_genes,control_values,original_sentence,program_mask_sentence,control_mask_sentence
pbmc68k:AACACGTGGTCTTT-1,AACACGTGGTCTTT-1,1,CD56+ NK,0,NK_identity,NKG7;GNLY;SPON2;GZMB;TYROBP,5,3,NKG7;GNLY;SPON2,4.353;4.188;2.929,FTL;HNRNPA1;IDH2,3.51;3.203;2.55,NKG7 GNLY CLIC3 IL32 FTL CCL5 CD7 GSTP1 HNRNPA1 CALM1 EIF4A1 SRGN TXNIP CD247 CTSW NPM1 S100A4 SPON2 GZMM PLAC8 PTPRCAP VIM C19orf43 IDH2 IFITM2 PHB RHOC TCEB2 C1orf162 CCL4 CD52 CD63 CLIC1 CST7 GABARAPL2 GSTK1 GZMB IFITM1 IGFBP7 IL2RG ITGB2 LDHB LY6E NDUFA11 PNN PPDPF PSMD13 SUMO2 TYROBP ZNHIT1,MASKED_GENE MASKED_GENE CLIC3 IL32 FTL CCL5 CD7 GSTP1 HNRNPA1 CALM1 EIF4A1 SRGN TXNIP CD247 CTSW NPM1 S100A4 MASKED_GENE GZMM PLAC8 PTPRCAP VIM C19orf43 IDH2 IFITM2 PHB RHOC TCEB2 C1orf162 CCL4 CD52 CD63 CLIC1 CST7 GABARAPL2 GSTK1 GZMB IFITM1 IGFBP7 IL2RG ITGB2 LDHB LY6E NDUFA11 PNN PPDPF PSMD13 SUMO2 TYROBP ZNHIT1,NKG7 GNLY CLIC3 IL32 MASKED_GENE CCL5 CD7 GSTP1 MASKED_GENE CALM1 EIF4A1 SRGN TXNIP CD247 CTSW NPM1 S100A4 SPON2 GZMM PLAC8 PTPRCAP VIM C19orf43 MASKED_GENE IFITM2 PHB RHOC TCEB2 C1orf162 CCL4 CD52 CD63 CLIC1 CST7 GABARAPL2 GSTK1 GZMB IFITM1 IGFBP7 IL2RG ITGB2 LDHB LY6E NDUFA11 PNN PPDPF PSMD13 SUMO2 TYROBP ZNHIT1
pbmc68k:ACTGGCCTTTTCGT-1,ACTGGCCTTTTCGT-1,1,CD8+ Cytotoxic T,1,CD8_identity,CD3D;CD3E;GZMK,3,3,CD3D;CD3E;GZMK,2.646;2.646;2.275,AES;HCST;EIF3L,2.478;2.646;2.275,FTL GNLY CCL5 PTPRCAP JUNB CD52 HNRNPA1 NKG7 ID2 CD3D CD3E CTSW DEK HCST LTB AES ATP5O BTG1 CALM1 HLA-DPB1 HNRNPDL IL32 NBEAL1 NDUFA4 NPM1 PARK7 S100A4 TAGLN2 TCEB2 C6orf48 CD74 CST7 EIF3L GZMK GZMM HIGD2A HNRNPR IFITM2 NOSIP S100A10 S100A6 S100B SRP14 ZFP36L2 ANXA1 ATP6V0E1 ATP6V1G1 COX6A1 DCXR DUSP2,FTL GNLY CCL5 PTPRCAP JUNB CD52 HNRNPA1 NKG7 ID2 MASKED_GENE MASKED_GENE CTSW DEK HCST LTB AES ATP5O BTG1 CALM1 HLA-DPB1 HNRNPDL IL32 NBEAL1 NDUFA4 NPM1 PARK7 S100A4 TAGLN2 TCEB2 C6orf48 CD74 CST7 EIF3L MASKED_GENE GZMM HIGD2A HNRNPR IFITM2 NOSIP S100A10 S100A6 S100B SRP14 ZFP36L2 ANXA1 ATP6V0E1 ATP6V1G1 COX6A1 DCXR DUSP2,FTL GNLY CCL5 PTPRCAP JUNB CD52 HNRNPA1 NKG7 ID2 CD3D CD3E CTSW DEK MASKED_GENE LTB MASKED_GENE ATP5O BTG1 CALM1 HLA-DPB1 HNRNPDL IL32 NBEAL1 NDUFA4 NPM1 PARK7 S100A4 TAGLN2 TCEB2 C6orf48 CD74 CST7 MASKED_GENE GZMK GZMM HIGD2A HNRNPR IFITM2 NOSIP S100A10 S100A6 S100B SRP14 ZFP36L2 ANXA1 ATP6V0E1 ATP6V1G1 COX6A1 DCXR DUSP2
pbmc68k:AGAAAGTGTGAACC-1,AGAAAGTGTGAACC-1,1,CD8+ Cytotoxic T,1,CD8_identity,CD3D;CD3E,2,2,CD3D;CD3E,2.733;2.265,GYPC;CD74,2.733;2.265,GNLY NKG7 IL32 CCL5 LTB SRP14 HCST S100A4 S100A6 CD52 FTL NPM1 BTG1 CD3D CTSW FGFBP2 GYPC HNRNPA1 HOPX IFITM2 PTPRCAP AES C9orf142 CD27 CST7 DDX5 EIF4A1 ERP29 GIMAP7 GOLGA7 GSTK1 GZMB JUNB LY6E PPDPF TXNIP VIM ANAPC16 ANXA1 CALM1 CCDC107 CD3E CD63 CD74 CLIC1 COX7C DYNLRB1 ICAM3 IL2RG LAT,GNLY NKG7 IL32 CCL5 LTB SRP14 HCST S100A4 S100A6 CD52 FTL NPM1 BTG1 MASKED_GENE CTSW FGFBP2 GYPC HNRNPA1 HOPX IFITM2 PTPRCAP AES C9orf142 CD27 CST7 DDX5 EIF4A1 ERP29 GIMAP7 GOLGA7 GSTK1 GZMB JUNB LY6E PPDPF TXNIP VIM ANAPC16 ANXA1 CALM1 CCDC107 MASKED_GENE CD63 CD74 CLIC1 COX7C DYNLRB1 ICAM3 IL2RG LAT,GNLY NKG7 IL32 CCL5 LTB SRP14 HCST S100A4 S100A6 CD52 FTL NPM1 BTG1 CD3D CTSW FGFBP2 MASKED_GENE HNRNPA1 HOPX IFITM2 PTPRCAP AES C9orf142 CD27 CST7 DDX5 EIF4A1 ERP29 GIMAP7 GOLGA7 GSTK1 GZMB JUNB LY6E PPDPF TXNIP VIM ANAPC16 ANXA1 CALM1 CCDC107 CD3E CD63 MASKED_GENE CLIC1 COX7C DYNLRB1 ICAM3 IL2RG LAT
pbmc68k:ATGGGTACCTGGTA-1,ATGGGTACCTGGTA-1,1,CD8+/CD45RA+ Naive Cytotoxic,1,CD8_identity,CD3D;CD3E;IL7R,3,3,CD3D;CD3E;IL7R,2.363;2.107;2.107,GIMAP7;C19orf43;ISCU,2.363;2.107;2.107,JUNB FTL BTG1 IL32 LTB S100A4 VIM CALM1 CD7 LDHB DDX5 PPDPF AES GPX4 PPIA TRAF3IP3 TXNIP ZFAS1 ANAPC16 CD3D COX7C EIF3D EIF4A1 GIMAP7 GYPC HCST HNRNPA1 ISG20 NOSIP NPM1 OST4 S100A6 TMBIM6 TOMM7 C19orf43 C19orf53 C6orf48 CD3E CD52 CUTA CXCR4 FOS IL2RG IL7R ISCU NBEAL1 NDUFB11 NHP2 PLP2 PRDX2,JUNB FTL BTG1 IL32 LTB S100A4 VIM CALM1 CD7 LDHB DDX5 PPDPF AES GPX4 PPIA TRAF3IP3 TXNIP ZFAS1 ANAPC16 MASKED_GENE COX7C EIF3D EIF4A1 GIMAP7 GYPC HCST HNRNPA1 ISG20 NOSIP NPM1 OST4 S100A6 TMBIM6 TOMM7 C19orf43 C19orf53 C6orf48 MASKED_GENE CD52 CUTA CXCR4 FOS IL2RG MASKED_GENE ISCU NBEAL1 NDUFB11 NHP2 PLP2 PRDX2,JUNB FTL BTG1 IL32 LTB S100A4 VIM CALM1 CD7 LDHB DDX5 PPDPF AES GPX4 PPIA TRAF3IP3 TXNIP ZFAS1 ANAPC16 CD3D COX7C EIF3D EIF4A1 MASKED_GENE GYPC HCST HNRNPA1 ISG20 NOSIP NPM1 OST4 S100A6 TMBIM6 TOMM7 MASKED_GENE C19orf53 C6orf48 CD3E CD52 CUTA CXCR4 FOS IL2RG IL7R MASKED_GENE NBEAL1 NDUFB11 NHP2 PLP2 PRDX2
pbmc68k:CACTATACGCGATT-1,CACTATACGCGATT-1,1,CD8+/CD45RA+ Naive Cytotoxic,1,CD8_identity,CD3D;CD3E,2,2,CD3D;CD3E,3.051;2.405,NOSIP;PPIA,3.265;2.609,LTB LDHB CD52 NPM1 NOSIP CLIC1 PTPRCAP CD3D ANAPC16 JUNB RGS10 DDX5 IFITM2 PLAC8 S100A6 C1orf162 FTL GZMM HNRNPA1 LAT PPIA ATP6V1G1 C19orf43 CD3E EIF4A2 ERP29 FOS IL16 IL2RG IL32 LCK SRP14 UQCRFS1 ZNRD1 BTG1 CCDC109B CD2 CD47 CD53 CD7 CFP COX7C EIF3L GBP2 GPX4 GYPC HIGD2A HNRNPDL HNRNPF HSD17B11,LTB LDHB CD52 NPM1 NOSIP CLIC1 PTPRCAP MASKED_GENE ANAPC16 JUNB RGS10 DDX5 IFITM2 PLAC8 S100A6 C1orf162 FTL GZMM HNRNPA1 LAT PPIA ATP6V1G1 C19orf43 MASKED_GENE EIF4A2 ERP29 FOS IL16 IL2RG IL32 LCK SRP14 UQCRFS1 ZNRD1 BTG1 CCDC109B CD2 CD47 CD53 CD7 CFP COX7C EIF3L GBP2 GPX4 GYPC HIGD2A HNRNPDL HNRNPF HSD17B11,LTB LDHB CD52 NPM1 MASKED_GENE CLIC1 PTPRCAP CD3D ANAPC16 JUNB RGS10 DDX5 IFITM2 PLAC8 S100A6 C1orf162 FTL GZMM HNRNPA1 LAT MASKED_GENE ATP6V1G1 C19orf43 CD3E EIF4A2 ERP29 FOS IL16 IL2RG IL32 LCK SRP14 UQCRFS1 ZNRD1 BTG1 CCDC109B CD2 CD47 CD53 CD7 CFP COX7C EIF3L GBP2 GPX4 GYPC HIGD2A HNRNPDL HNRNPF HSD17B11
pbmc68k:CCCTACGACCAACA-1,CCCTACGACCAACA-1,1,CD8+ Cytotoxic T,1,CD8_identity,IL7R;GZMK,2,2,IL7R;GZMK,2.566;2.303,TPM3;COPE,2.566;2.303,JUNB FTL BTG1 CD52 EIF3E IL32 S100A6 VIM CD37 CORO1B COX7C GPX4 NPM1 AES CCL5 HIGD2A IL7R LTB NOSIP S100A10 S100A4 TPM3 ATP6V1G1 CALM3 CAP1 CD53 CLIC1 COPE EIF4A2 GABARAPL2 GIMAP7 GZMK GZMM LAMTOR4 LDHB LY6E PPDPF PPIA PRDX2 SRP14 STUB1 TOMM7 TXNIP XCL2 ANXA5 ATP6V0E1 BRD7 C6orf48 CALM1 CCDC115,JUNB FTL BTG1 CD52 EIF3E IL32 S100A6 VIM CD37 CORO1B COX7C GPX4 NPM1 AES CCL5 HIGD2A MASKED_GENE LTB NOSIP S100A10 S100A4 TPM3 ATP6V1G1 CALM3 CAP1 CD53 CLIC1 COPE EIF4A2 GABARAPL2 GIMAP7 MASKED_GENE GZMM LAMTOR4 LDHB LY6E PPDPF PPIA PRDX2 SRP14 STUB1 TOMM7 TXNIP XCL2 ANXA5 ATP6V0E1 BRD7 C6orf48 CALM1 CCDC115,JUNB FTL BTG1 CD52 EIF3E IL32 S100A6 VIM CD37 CORO1B COX7C GPX4 NPM1 AES CCL5 HIGD2A IL7R LTB NOSIP S100A10 S100A4 MASKED_GENE ATP6V1G1 CALM3 CAP1 CD53 CLIC1 MASKED_GENE EIF4A2 GABARAPL2 GIMAP7 GZMK GZMM LAMTOR4 LDHB LY6E PPDPF PPIA PRDX2 SRP14 STUB1 TOMM7 TXNIP XCL2 ANXA5 ATP6V0E1 BRD7 C6orf48 CALM1 CCDC115
pbmc68k:CGGACCGATTTCGT-1,CGGACCGATTTCGT-1,1,CD8+/CD45RA+ Naive Cytotoxic,1,CD8_identity,CD3D;CD3E;GZMK,3,3,CD3D;CD3E;GZMK,3;3;2.356,CD74;EIF3L;HCST,3;3;2.356,LTB FTL CCL5 LDHB NPM1 BTG1 DDX5 CALM1 CD3D CD3E CD74 EIF3L GZMA NKG7 CD7 CUTA EIF3G EVL GZMM HNRNPA1 JUNB S100A6 TALDO1 ZFAS1 ALKBH7 CD27 CD52 CLIC1 CST7 LAT ARL6IP5 C19orf43 C9orf142 CD53 EID1 EIF4A1 ERH GZMK HCST MTDH NAP1L1 NOSIP PPIA PTPRCAP S100B TMIGD2 TOMM7 ADRM1 ANAPC16 ATP5O,LTB FTL CCL5 LDHB NPM1 BTG1 DDX5 CALM1 MASKED_GENE MASKED_GENE CD74 EIF3L GZMA NKG7 CD7 CUTA EIF3G EVL GZMM HNRNPA1 JUNB S100A6 TALDO1 ZFAS1 ALKBH7 CD27 CD52 CLIC1 CST7 LAT ARL6IP5 C19orf43 C9orf142 CD53 EID1 EIF4A1 ERH MASKED_GENE HCST MTDH NAP1L1 NOSIP PPIA PTPRCAP S100B TMIGD2 TOMM7 ADRM1 ANAPC16 ATP5O,LTB FTL CCL5 LDHB NPM1 BTG1 DDX5 CALM1 CD3D CD3E MASKED_GENE MASKED_GENE GZMA NKG7 CD7 CUTA EIF3G EVL GZMM HNRNPA1 JUNB S100A6 TALDO1 ZFAS1 ALKBH7 CD27 CD52 CLIC1 CST7 LAT ARL6IP5 C19orf43 C9orf142 CD53 EID1 EIF4A1 ERH GZMK MASKED_GENE MTDH NAP1L1 NOSIP PPIA PTPRCAP S100B TMIGD2 TOMM7 ADRM1 ANAPC16 ATP5O
pbmc68k:CTAGGTGATACGAC-1,CTAGGTGATACGAC-1,1,CD8+/CD45RA+ Naive Cytotoxic,1,CD8_identity,CD3D;CD3G;GZMK;CD3E,4,3,CD3D;CD3G;GZMK,2.675;2.209;2.209,GYPC;EIF3E;EIF3L,2.845;2.209;2.209,LTB BTG1 JUNB GIMAP7 NPM1 FTL LDHB S100A6 GYPC SEPT7 CD27 CD3D CD7 DDX5 HNRNPA1 SOD1 C9orf78 CALM1 CD52 ERP29 IFITM2 AES CD37 CD3G CORO1B DENND2D EIF3E EIF3L GZMK HIGD2A IL2RG IL32 OSBPL8 OST4 PKM PPDPF SRP14 TOMM7 TXNIP ZFP36L2 ALOX5AP ARL4C ATP5O ATP6V1G1 CCR7 CD3E CD74 EIF3D EIF3G FOS,LTB BTG1 JUNB GIMAP7 NPM1 FTL LDHB S100A6 GYPC SEPT7 CD27 MASKED_GENE CD7 DDX5 HNRNPA1 SOD1 C9orf78 CALM1 CD52 ERP29 IFITM2 AES CD37 MASKED_GENE CORO1B DENND2D EIF3E EIF3L MASKED_GENE HIGD2A IL2RG IL32 OSBPL8 OST4 PKM PPDPF SRP14 TOMM7 TXNIP ZFP36L2 ALOX5AP ARL4C ATP5O ATP6V1G1 CCR7 CD3E CD74 EIF3D EIF3G FOS,LTB BTG1 JUNB GIMAP7 NPM1 FTL LDHB S100A6 MASKED_GENE SEPT7 CD27 CD3D CD7 DDX5 HNRNPA1 SOD1 C9orf78 CALM1 CD52 ERP29 IFITM2 AES CD37 CD3G CORO1B DENND2D MASKED_GENE MASKED_GENE GZMK HIGD2A IL2RG IL32 OSBPL8 OST4 PKM PPDPF SRP14 TOMM7 TXNIP ZFP36L2 ALOX5AP ARL4C ATP5O ATP6V1G1 CCR7 CD3E CD74 EIF3D EIF3G FOS
pbmc68k:GAAGAATGATTCGG-1,GAAGAATGATTCGG-1,1,CD8+/CD45RA+ Naive Cytotoxic,1,CD8_identity,CD3D,1,1,CD3D,1.993,EIF4A1,1.993,LTB LDHB CD52 BTG1 GSTK1 PTPRCAP SRP14 ID2 JUNB CCR7 CD53 PPIA S100A4 FTL GIMAP7 NAP1L1 NOSIP NPM1 ZFAS1 ATP5O ATP6V0E1 C6orf48 CD7 COPE DDX5 FYB HIGD2A HNRNPA1 IFITM2 IGBP1 NGFRAP1 PTPRC TRAPPC1 ANP32B ATP5B ATP5J2 BAD BCAS4 C19orf43 C1orf162 C9orf142 CALM1 CALM3 CD27 CD3D EID1 EIF3D EIF3E EIF3G EIF4A1,LTB LDHB CD52 BTG1 GSTK1 PTPRCAP SRP14 ID2 JUNB CCR7 CD53 PPIA S100A4 FTL GIMAP7 NAP1L1 NOSIP NPM1 ZFAS1 ATP5O ATP6V0E1 C6orf48 CD7 COPE DDX5 FYB HIGD2A HNRNPA1 IFITM2 IGBP1 NGFRAP1 PTPRC TRAPPC1 ANP32B ATP5B ATP5J2 BAD BCAS4 C19orf43 C1orf162 C9orf142 CALM1 CALM3 CD27 MASKED_GENE EID1 EIF3D EIF3E EIF3G EIF4A1,LTB LDHB CD52 BTG1 GSTK1 PTPRCAP SRP14 ID2 JUNB CCR7 CD53 PPIA S100A4 FTL GIMAP7 NAP1L1 NOSIP NPM1 ZFAS1 ATP5O ATP6V0E1 C6orf48 CD7 COPE DDX5 FYB HIGD2A HNRNPA1 IFITM2 IGBP1 NGFRAP1 PTPRC TRAPPC1 ANP32B ATP5B ATP5J2 BAD BCAS4 C19orf43 C1orf162 C9orf142 CALM1 CALM3 CD27 CD3D EID1 EIF3D EIF3E EIF3G MASKED_GENE
pbmc68k:GACGTCCTAAGGCG-1,GACGTCCTAAGGCG-1,1,CD56+ NK,0,NK_identity,GNLY;NKG7;GZMB;GZMH;SPON2,5,3,GNLY;NKG7;GZMB,3.869;3.801;3.651,HCST;EIF4A1;ANXA1,2.983;3.13;2.983,GNLY NKG7 GZMB CD7 EIF4A1 LDHB ANXA1 GZMM HCST IFITM2 ITGB2 NOSIP CD52 FTL BTG1 CLIC3 CTSW GZMH NPM1 NUCB2 S100A6 SRGN CORO1B EIF3E EIF3G EIF3L GSTP1 HNRNPA1 ICAM3 ISG20 ITM2A JUNB LCK MIEN1 PPDPF RGS19 S100A10 SPON2 TRAF3IP3 TRAM1 UQCRFS1 ABI3 AES ATP6V1G1 BBX C19orf24 C19orf43 CALM1 CD247 CD3E,MASKED_GENE MASKED_GENE MASKED_GENE CD7 EIF4A1 LDHB ANXA1 GZMM HCST IFITM2 ITGB2 NOSIP CD52 FTL BTG1 CLIC3 CTSW GZMH NPM1 NUCB2 S100A6 SRGN CORO1B EIF3E EIF3G EIF3L GSTP1 HNRNPA1 ICAM3 ISG20 ITM2A JUNB LCK MIEN1 PPDPF RGS19 S100A10 SPON2 TRAF3IP3 TRAM1 UQCRFS1 ABI3 AES ATP6V1G1 BBX C19orf24 C19orf43 CALM1 CD247 CD3E,GNLY NKG7 GZMB CD7 MASKED_GENE LDHB MASKED_GENE GZMM MASKED_GENE IFITM2 ITGB2 NOSIP CD52 FTL BTG1 CLIC3 CTSW GZMH NPM1 NUCB2 S100A6 SRGN CORO1B EIF3E EIF3G EIF3L GSTP1 HNRNPA1 ICAM3 ISG20 ITM2A JUNB LCK MIEN1 PPDPF RGS19 S100A10 SPON2 TRAF3IP3 TRAM1 UQCRFS1 ABI3 AES ATP6V1G1 BBX C19orf24 C19orf43 CALM1 CD247 CD3E
pbmc68k:GAGCGCACAGAGGC-1,GAGCGCACAGAGGC-1,1,CD8+ Cytotoxic T,1,CD8_identity,GZMK;CD8B;CD3D,3,3,GZMK;CD8B;CD3D,3.112;2.668;2.462,NOSIP;EIF3G;PPIA,3.112;2.668;2.668,CCL5 CD74 HNRNPA1 CD52 GZMK LDHB NOSIP FTL S100A6 NKG7 NPM1 PTPRCAP S100A4 VIM ATP5O CD8B EIF3G GZMM HIGD2A HLA-DRA MZT2B PPIA SNHG8 TPR ANP32B CD3D COX6A1 DDX5 DUSP2 JAK1 NAP1L1 NDUFA1 NDUFA4 NDUFB7 NECAP2 PARK7 PSMA7 PSMC5 S100A10 SKP1 SRP14 TBC1D10C ANAPC16 ANXA1 ANXA5 AP2S1 BTG1 C9orf78 CD27 CD53,CCL5 CD74 HNRNPA1 CD52 MASKED_GENE LDHB NOSIP FTL S100A6 NKG7 NPM1 PTPRCAP S100A4 VIM ATP5O MASKED_GENE EIF3G GZMM HIGD2A HLA-DRA MZT2B PPIA SNHG8 TPR ANP32B MASKED_GENE COX6A1 DDX5 DUSP2 JAK1 NAP1L1 NDUFA1 NDUFA4 NDUFB7 NECAP2 PARK7 PSMA7 PSMC5 S100A10 SKP1 SRP14 TBC1D10C ANAPC16 ANXA1 ANXA5 AP2S1 BTG1 C9orf78 CD27 CD53,CCL5 CD74 HNRNPA1 CD52 GZMK LDHB MASKED_GENE FTL S100A6 NKG7 NPM1 PTPRCAP S100A4 VIM ATP5O CD8B MASKED_GENE GZMM HIGD2A HLA-DRA MZT2B MASKED_GENE SNHG8 TPR ANP32B CD3D COX6A1 DDX5 DUSP2 JAK1 NAP1L1 NDUFA1 NDUFA4 NDUFB7 NECAP2 PARK7 PSMA7 PSMC5 S100A10 SKP1 SRP14 TBC1D10C ANAPC16 ANXA1 ANXA5 AP2S1 BTG1 C9orf78 CD27 CD53
pbmc68k:GCCGACGACCTTCG-1,GCCGACGACCTTCG-1,1,CD8+/CD45RA+ Naive Cytotoxic,1,CD8_identity,CD3D;CD3E;CD8B;IL7R;CD247,5,3,CD3D;CD3E;CD8B,2.738;2.27;2.27,CD37;AES;DCXR,2.531;2.27;2.27,LTB FTL LDHB EIF3L HNRNPA1 BTG1 DDX5 VIM CD3D COX7C ERP29 ANAPC16 C19orf43 C6orf48 CCR7 CD37 GYPC IL32 NOSIP NPM1 PSMA7 S100A4 TBC1D10C TOMM7 AES BST2 CCNI CD3E CD52 CD8B DCXR ETFA EVL GPX1 GSTK1 IL7R ISG20 JUNB NDUFS5 OST4 PARK7 S1PR4 SRP14 SUMO2 ANXA11 AP2S1 ARL6IP5 ATP5B C19orf53 CD247,LTB FTL LDHB EIF3L HNRNPA1 BTG1 DDX5 VIM MASKED_GENE COX7C ERP29 ANAPC16 C19orf43 C6orf48 CCR7 CD37 GYPC IL32 NOSIP NPM1 PSMA7 S100A4 TBC1D10C TOMM7 AES BST2 CCNI MASKED_GENE CD52 MASKED_GENE DCXR ETFA EVL GPX1 GSTK1 IL7R ISG20 JUNB NDUFS5 OST4 PARK7 S1PR4 SRP14 SUMO2 ANXA11 AP2S1 ARL6IP5 ATP5B C19orf53 CD247,LTB FTL LDHB EIF3L HNRNPA1 BTG1 DDX5 VIM CD3D COX7C ERP29 ANAPC16 C19orf43 C6orf48 CCR7 MASKED_GENE GYPC IL32 NOSIP NPM1 PSMA7 S100A4 TBC1D10C TOMM7 MASKED_GENE BST2 CCNI CD3E CD52 CD8B MASKED_GENE ETFA EVL GPX1 GSTK1 IL7R ISG20 JUNB NDUFS5 OST4 PARK7 S1PR4 SRP14 SUMO2 ANXA11 AP2S1 ARL6IP5 ATP5B C19orf53 CD247
pbmc68k:GTTCATACGAACTC-1,GTTCATACGAACTC-1,1,CD8+/CD45RA+ Naive Cytotoxic,1,CD8_identity,CD3D;CD3E;CD8B,3,3,CD3D;CD3E;CD8B,2.569;2.108;2.108,AES;CD37;COX6A1,2.569;2.108;2.108,CD52 IL32 LDHB PTPRCAP FTL HNRNPA1 C6orf48 CD27 NPM1 EIF4A1 JUNB CCR7 GYPC SRP14 AES ATPIF1 CD3D CD7 CLIC1 EIF3L LTB NOSIP PLAC8 RGS10 ATP5O BTG1 CALM1 CNN2 FYB GIMAP7 IFITM2 MZT2B NDUFS8 PPIA PSME2 S100A4 SRGN APEX1 CALM3 CD2 CD37 CD3E CD8B COX6A1 COX7C DDX5 EIF3G HMGA1 LBH NDUFA4,CD52 IL32 LDHB PTPRCAP FTL HNRNPA1 C6orf48 CD27 NPM1 EIF4A1 JUNB CCR7 GYPC SRP14 AES ATPIF1 MASKED_GENE CD7 CLIC1 EIF3L LTB NOSIP PLAC8 RGS10 ATP5O BTG1 CALM1 CNN2 FYB GIMAP7 IFITM2 MZT2B NDUFS8 PPIA PSME2 S100A4 SRGN APEX1 CALM3 CD2 CD37 MASKED_GENE MASKED_GENE COX6A1 COX7C DDX5 EIF3G HMGA1 LBH NDUFA4,CD52 IL32 LDHB PTPRCAP FTL HNRNPA1 C6orf48 CD27 NPM1 EIF4A1 JUNB CCR7 GYPC SRP14 MASKED_GENE ATPIF1 CD3D CD7 CLIC1 EIF3L LTB NOSIP PLAC8 RGS10 ATP5O BTG1 CALM1 CNN2 FYB GIMAP7 IFITM2 MZT2B NDUFS8 PPIA PSME2 S100A4 SRGN APEX1 CALM3 CD2 MASKED_GENE CD3E CD8B MASKED_GENE COX7C DDX5 EIF3G HMGA1 LBH NDUFA4
pbmc68k:TAAACAACTACTTC-1,TAAACAACTACTTC-1,1,CD56+ NK,0,NK_identity,NKG7;GNLY;PRF1;TYROBP,4,3,NKG7;GNLY;PRF1,4.07;3.838;2.782,PTPRCAP;FTL;ZFAS1,3.228;3.536;2.782,NKG7 GNLY CD7 FTL PTPRCAP C19orf43 HNRNPDL HOPX IFITM2 ITGB2 PPIA S100A4 CST7 GZMM LTB PRF1 SRGN SRP14 TYROBP ZFAS1 ATP5O CALM1 CD47 CRIP1 FCER1G GSTP1 GZMA HNRNPA1 HNRNPK IL32 LCK MZT2B TXNIP YWHAB ABI3 ANXA1 AOAH ARPC5L BST2 CD3E CD63 CNN2 CTSD DDX5 ERP29 GIMAP7 JUNB LY6E PARK7 RHOC,MASKED_GENE MASKED_GENE CD7 FTL PTPRCAP C19orf43 HNRNPDL HOPX IFITM2 ITGB2 PPIA S100A4 CST7 GZMM LTB MASKED_GENE SRGN SRP14 TYROBP ZFAS1 ATP5O CALM1 CD47 CRIP1 FCER1G GSTP1 GZMA HNRNPA1 HNRNPK IL32 LCK MZT2B TXNIP YWHAB ABI3 ANXA1 AOAH ARPC5L BST2 CD3E CD63 CNN2 CTSD DDX5 ERP29 GIMAP7 JUNB LY6E PARK7 RHOC,NKG7 GNLY CD7 MASKED_GENE MASKED_GENE C19orf43 HNRNPDL HOPX IFITM2 ITGB2 PPIA S100A4 CST7 GZMM LTB PRF1 SRGN SRP14 TYROBP MASKED_GENE ATP5O CALM1 CD47 CRIP1 FCER1G GSTP1 GZMA HNRNPA1 HNRNPK IL32 LCK MZT2B TXNIP YWHAB ABI3 ANXA1 AOAH ARPC5L BST2 CD3E CD63 CNN2 CTSD DDX5 ERP29 GIMAP7 JUNB LY6E PARK7 RHOC
pbmc68k:TACAATGATTAGGC-1,TACAATGATTAGGC-1,1,CD8+ Cytotoxic T,1,CD8_identity,CD3D;CD3E,2,2,CD3D;CD3E,3.117;2.733,CD53;ANP32B,3.117;2.733,S100A4 IL32 CD52 CALM3 NKG7 CALM1 PTPRCAP VIM CCL5 CD3D CD53 FTL GNLY MRFAP1 S100A6 TCEB2 HMGB2 IFITM2 ANP32B ATP6V1G1 CD3E CLIC1 COX6A1 CTSW EIF1B GZMB ISG20 ITM2A NOSIP PKM S100A10 SAP18 TPM3 YWHAB AP2S1 BST2 C19orf43 C6orf48 COX7C EIF3G GABARAPL2 HNRNPA1 IL2RG LY6E NAP1L1 NOP10 NPM1 OST4 OSTF1 PPIB,S100A4 IL32 CD52 CALM3 NKG7 CALM1 PTPRCAP VIM CCL5 MASKED_GENE CD53 FTL GNLY MRFAP1 S100A6 TCEB2 HMGB2 IFITM2 ANP32B ATP6V1G1 MASKED_GENE CLIC1 COX6A1 CTSW EIF1B GZMB ISG20 ITM2A NOSIP PKM S100A10 SAP18 TPM3 YWHAB AP2S1 BST2 C19orf43 C6orf48 COX7C EIF3G GABARAPL2 HNRNPA1 IL2RG LY6E NAP1L1 NOP10 NPM1 OST4 OSTF1 PPIB,S100A4 IL32 CD52 CALM3 NKG7 CALM1 PTPRCAP VIM CCL5 CD3D MASKED_GENE FTL GNLY MRFAP1 S100A6 TCEB2 HMGB2 IFITM2 MASKED_GENE ATP6V1G1 CD3E CLIC1 COX6A1 CTSW EIF1B GZMB ISG20 ITM2A NOSIP PKM S100A10 SAP18 TPM3 YWHAB AP2S1 BST2 C19orf43 C6orf48 COX7C EIF3G GABARAPL2 HNRNPA1 IL2RG LY6E NAP1L1 NOP10 NPM1 OST4 OSTF1 PPIB
pbmc68k:TCTAAGCTGGGTGA-1,TCTAAGCTGGGTGA-1,1,CD56+ NK,0,NK_identity,NKG7;GNLY;GZMB;FGFBP2;TYROBP,5,3,NKG7;GNLY;GZMB,4.238;3.908;3.41,HNRNPA1;GIMAP7;EIF3G,3.168;3.021;3.021,NKG7 GNLY NPM1 GZMB HNRNPA1 JUNB EIF3G GIMAP7 IL32 LTB BTG1 C6orf48 CCL5 CST7 CTSD CTSW DDX5 FGFBP2 IFITM2 TYROBP CALM1 CD7 FTL GSTK1 GZMA JAK1 LY6E NEDD8 PPIA SSR4 C9orf142 CD247 EIF4A2 FOS GZMM HCST HOPX IFITM1 ITGB2 NOSIP SRRM2 ALKBH7 ANP32B ARL4C ATP6V0E1 CD3D CD53 CLIC3 CNPY3 DGCR6L,MASKED_GENE MASKED_GENE NPM1 MASKED_GENE HNRNPA1 JUNB EIF3G GIMAP7 IL32 LTB BTG1 C6orf48 CCL5 CST7 CTSD CTSW DDX5 FGFBP2 IFITM2 TYROBP CALM1 CD7 FTL GSTK1 GZMA JAK1 LY6E NEDD8 PPIA SSR4 C9orf142 CD247 EIF4A2 FOS GZMM HCST HOPX IFITM1 ITGB2 NOSIP SRRM2 ALKBH7 ANP32B ARL4C ATP6V0E1 CD3D CD53 CLIC3 CNPY3 DGCR6L,NKG7 GNLY NPM1 GZMB MASKED_GENE JUNB MASKED_GENE MASKED_GENE IL32 LTB BTG1 C6orf48 CCL5 CST7 CTSD CTSW DDX5 FGFBP2 IFITM2 TYROBP CALM1 CD7 FTL GSTK1 GZMA JAK1 LY6E NEDD8 PPIA SSR4 C9orf142 CD247 EIF4A2 FOS GZMM HCST HOPX IFITM1 ITGB2 NOSIP SRRM2 ALKBH7 ANP32B ARL4C ATP6V0E1 CD3D CD53 CLIC3 CNPY3 DGCR6L
pbmc68k:TCTCCACTGGGAGT-1,TCTCCACTGGGAGT-1,1,CD8+/CD45RA+ Naive Cytotoxic,1,CD8_identity,GZMK;CD3E;CD3D,3,3,GZMK;CD3E;CD3D,2.871;2.7;2.233,EIF3L;SRP14;CD37,2.871;2.871;2.233,JUNB FTL LDHB HCST CD52 NPM1 EIF3L GZMK LTB SRP14 BTG1 CD3E COX7C HIGD2A HNRNPA1 IL32 NOSIP ANAPC16 EIF4A2 GIMAP7 PPDPF PTPRCAP VIM ATP6V0E1 ATP6V1G1 C9orf78 CAP1 CCL5 CCNI CCR7 CD37 CD3D CD7 CD74 CHCHD10 CLIC1 DUSP2 GYPC GZMM HSP90AB1 HSPB1 LDHA PSMA7 S100A6 TRAPPC1 YWHAB ZFAS1 ZNF706 AES ANP32B,JUNB FTL LDHB HCST CD52 NPM1 EIF3L MASKED_GENE LTB SRP14 BTG1 MASKED_GENE COX7C HIGD2A HNRNPA1 IL32 NOSIP ANAPC16 EIF4A2 GIMAP7 PPDPF PTPRCAP VIM ATP6V0E1 ATP6V1G1 C9orf78 CAP1 CCL5 CCNI CCR7 CD37 MASKED_GENE CD7 CD74 CHCHD10 CLIC1 DUSP2 GYPC GZMM HSP90AB1 HSPB1 LDHA PSMA7 S100A6 TRAPPC1 YWHAB ZFAS1 ZNF706 AES ANP32B,JUNB FTL LDHB HCST CD52 NPM1 MASKED_GENE GZMK LTB MASKED_GENE BTG1 CD3E COX7C HIGD2A HNRNPA1 IL32 NOSIP ANAPC16 EIF4A2 GIMAP7 PPDPF PTPRCAP VIM ATP6V0E1 ATP6V1G1 C9orf78 CAP1 CCL5 CCNI CCR7 MASKED_GENE CD3D CD7 CD74 CHCHD10 CLIC1 DUSP2 GYPC GZMM HSP90AB1 HSPB1 LDHA PSMA7 S100A6 TRAPPC1 YWHAB ZFAS1 ZNF706 AES ANP32B
pbmc68k:TGAGCTGAGTAGGG-1,TGAGCTGAGTAGGG-1,1,CD8+ Cytotoxic T,1,CD8_identity,CD3D;GZMK,2,2,CD3D;GZMK,2.573;2.369,PPIA;PARK7,2.573;2.369,CCL5 FTL CD52 IL32 VIM PTPRCAP HLA-DRB1 CD74 HCST NKG7 CALM1 GZMH NPM1 COX6A1 HLA-DRB5 HMOX2 HNRNPA1 ANXA1 ANXA5 ATP5O ATP6V1G1 CD3D CTSW HLA-DPB1 ISG20 LTB PPDPF PPIA PPIB PRDX1 S100A4 SAP18 SRGN TCEB2 CNN2 CSTB EIF3L EIF4A2 GZMK HLA-DQB1 NAP1L1 PARK7 PSMA7 ANAPC16 BID C19orf43 C6orf48 CAP1 CCDC167 CCT8,CCL5 FTL CD52 IL32 VIM PTPRCAP HLA-DRB1 CD74 HCST NKG7 CALM1 GZMH NPM1 COX6A1 HLA-DRB5 HMOX2 HNRNPA1 ANXA1 ANXA5 ATP5O ATP6V1G1 MASKED_GENE CTSW HLA-DPB1 ISG20 LTB PPDPF PPIA PPIB PRDX1 S100A4 SAP18 SRGN TCEB2 CNN2 CSTB EIF3L EIF4A2 MASKED_GENE HLA-DQB1 NAP1L1 PARK7 PSMA7 ANAPC16 BID C19orf43 C6orf48 CAP1 CCDC167 CCT8,CCL5 FTL CD52 IL32 VIM PTPRCAP HLA-DRB1 CD74 HCST NKG7 CALM1 GZMH NPM1 COX6A1 HLA-DRB5 HMOX2 HNRNPA1 ANXA1 ANXA5 ATP5O ATP6V1G1 CD3D CTSW HLA-DPB1 ISG20 LTB PPDPF MASKED_GENE PPIB PRDX1 S100A4 SAP18 SRGN TCEB2 CNN2 CSTB EIF3L EIF4A2 GZMK HLA-DQB1 NAP1L1 MASKED_GENE PSMA7 ANAPC16 BID C19orf43 C6orf48 CAP1 CCDC167 CCT8
pbmc68k:AATCTCACTGATGC-2,AATCTCACTGATGC-2,2,CD8+ Cytotoxic T,1,CD8_identity,CD3G;CD3D;CD8B,3,3,CD3G;CD3D;CD8B,2.667;2.402;2.402,LAMTOR4;C19orf43;EVL,2.667;2.402;2.402,CD74 HLA-DRA GNLY PTPRCAP HLA-DPA1 LTB HLA-DPB1 NKG7 CD79A S100A6 FTL GZMH HIGD2A HLA-DRB1 VIM CD53 PPDPF S100A4 SMARCB1 BTG1 CD37 CD52 CD79B CTSW HNRNPA1 HOPX AES CD3G EIF4A2 IL32 LAMTOR4 TRAPPC1 TYROBP AGTRAP AL928768.3 ANAPC16 ANP32B ANXA1 ATP5O BLK C19orf43 CD3D CD8B CLIC1 DDX5 EIF3L EVL GSTK1 GYPC GZMB,CD74 HLA-DRA GNLY PTPRCAP HLA-DPA1 LTB HLA-DPB1 NKG7 CD79A S100A6 FTL GZMH HIGD2A HLA-DRB1 VIM CD53 PPDPF S100A4 SMARCB1 BTG1 CD37 CD52 CD79B CTSW HNRNPA1 HOPX AES MASKED_GENE EIF4A2 IL32 LAMTOR4 TRAPPC1 TYROBP AGTRAP AL928768.3 ANAPC16 ANP32B ANXA1 ATP5O BLK C19orf43 MASKED_GENE MASKED_GENE CLIC1 DDX5 EIF3L EVL GSTK1 GYPC GZMB,CD74 HLA-DRA GNLY PTPRCAP HLA-DPA1 LTB HLA-DPB1 NKG7 CD79A S100A6 FTL GZMH HIGD2A HLA-DRB1 VIM CD53 PPDPF S100A4 SMARCB1 BTG1 CD37 CD52 CD79B CTSW HNRNPA1 HOPX AES CD3G EIF4A2 IL32 MASKED_GENE TRAPPC1 TYROBP AGTRAP AL928768.3 ANAPC16 ANP32B ANXA1 ATP5O BLK MASKED_GENE CD3D CD8B CLIC1 DDX5 EIF3L MASKED_GENE GSTK1 GYPC GZMB
pbmc68k:AATGGAGATGCTCC-2,AATGGAGATGCTCC-2,2,CD8+/CD45RA+ Naive Cytotoxic,1,CD8_identity,CD3D;CD8B;CD3E,3,3,CD3D;CD8B;CD3E,3.041;2.723;2.255,GIMAP7;RSL1D1;AES,2.895;2.723;2.255,FTL LDHB LTB BTG1 CD52 HNRNPA1 CD3D TOMM7 GIMAP7 NOSIP NPM1 ANAPC16 CD8B JUNB RSL1D1 VIM ALKBH7 DDX5 EIF4A2 FOS LCK OSTF1 PRDX6 PSMA7 SSU72 AES ATP6V0E1 C10orf54 CALM1 CAP1 CD3E CD7 CNPY2 ERP29 GPX1 IL32 NAP1L1 NCL NDUFA11 NDUFA4 PTPRCAP SCP2 TEX264 ANP32B APEX1 ATP6V1G1 C16orf13 C19orf43 C6orf48 C9orf78,FTL LDHB LTB BTG1 CD52 HNRNPA1 MASKED_GENE TOMM7 GIMAP7 NOSIP NPM1 ANAPC16 MASKED_GENE JUNB RSL1D1 VIM ALKBH7 DDX5 EIF4A2 FOS LCK OSTF1 PRDX6 PSMA7 SSU72 AES ATP6V0E1 C10orf54 CALM1 CAP1 MASKED_GENE CD7 CNPY2 ERP29 GPX1 IL32 NAP1L1 NCL NDUFA11 NDUFA4 PTPRCAP SCP2 TEX264 ANP32B APEX1 ATP6V1G1 C16orf13 C19orf43 C6orf48 C9orf78,FTL LDHB LTB BTG1 CD52 HNRNPA1 CD3D TOMM7 MASKED_GENE NOSIP NPM1 ANAPC16 CD8B JUNB MASKED_GENE VIM ALKBH7 DDX5 EIF4A2 FOS LCK OSTF1 PRDX6 PSMA7 SSU72 MASKED_GENE ATP6V0E1 C10orf54 CALM1 CAP1 CD3E CD7 CNPY2 ERP29 GPX1 IL32 NAP1L1 NCL NDUFA11 NDUFA4 PTPRCAP SCP2 TEX264 ANP32B APEX1 ATP6V1G1 C16orf13 C19orf43 C6orf48 C9orf78
pbmc68k:ACTCGAGAAGCATC-2,ACTCGAGAAGCATC-2,2,CD56+ NK,0,NK_identity,GNLY;NKG7;GZMH,3,3,GNLY;NKG7;GZMH,4.756;4.583;2.967,STMN1;HNRNPA1;HCST,3.852;3.852;2.967,GNLY NKG7 HNRNPA1 STMN1 CD247 GSTP1 CLIC1 CLIC3 CTSW FCER1G HMGB2 TAGLN2 CCL4 CST7 EBP EIF4A1 FTL GZMH HCST IFITM2 MZT2B NPM1 PPDPF SEPT7 U2AF1 BTG1 CD74 GZMA HMOX2 IGFBP7 ITGB2 NDUFS8 NOP56 PCNA PLAC8 PSME2 PTPRCAP TIMM13 AKR1C3 ANAPC16 ANP32B ATP5O BFAR BST2 C19orf43 CALM3 CD63 CD7 CRIP1 CUTA,MASKED_GENE MASKED_GENE HNRNPA1 STMN1 CD247 GSTP1 CLIC1 CLIC3 CTSW FCER1G HMGB2 TAGLN2 CCL4 CST7 EBP EIF4A1 FTL MASKED_GENE HCST IFITM2 MZT2B NPM1 PPDPF SEPT7 U2AF1 BTG1 CD74 GZMA HMOX2 IGFBP7 ITGB2 NDUFS8 NOP56 PCNA PLAC8 PSME2 PTPRCAP TIMM13 AKR1C3 ANAPC16 ANP32B ATP5O BFAR BST2 C19orf43 CALM3 CD63 CD7 CRIP1 CUTA,GNLY NKG7 MASKED_GENE MASKED_GENE CD247 GSTP1 CLIC1 CLIC3 CTSW FCER1G HMGB2 TAGLN2 CCL4 CST7 EBP EIF4A1 FTL GZMH MASKED_GENE IFITM2 MZT2B NPM1 PPDPF SEPT7 U2AF1 BTG1 CD74 GZMA HMOX2 IGFBP7 ITGB2 NDUFS8 NOP56 PCNA PLAC8 PSME2 PTPRCAP TIMM13 AKR1C3 ANAPC16 ANP32B ATP5O BFAR BST2 C19orf43 CALM3 CD63 CD7 CRIP1 CUTA
pbmc68k:AGACACACATTCGG-2,AGACACACATTCGG-2,2,CD56+ NK,0,NK_identity,GNLY;NKG7;GZMB;FGFBP2;SPON2;GZMH,6,3,GNLY;NKG7;GZMB,4.804;4.373;3.693,STMN1;HNRNPA1;ANP32B,3.777;3.383;2.934,GNLY NKG7 CCL5 STMN1 GZMB CD300A FGFBP2 GSTP1 HNRNPA1 CD7 NAP1L1 PPDPF IGFBP7 NHP2 ANP32B CD52 CD63 GZMA HMGB2 LY6E NPM1 PPIA PRDX2 PSME2 S100A4 SPON2 TAGLN2 APMAP BTG1 CALR EIF3G GPX4 IFITM2 JAK1 PCNA AES CALM1 CAP1 CLIC1 CLPP CRIP1 CTSW DDAH2 EIF4A1 FCER1G GZMH GZMM HNRNPF IL2RG ITGB2,MASKED_GENE MASKED_GENE CCL5 STMN1 MASKED_GENE CD300A FGFBP2 GSTP1 HNRNPA1 CD7 NAP1L1 PPDPF IGFBP7 NHP2 ANP32B CD52 CD63 GZMA HMGB2 LY6E NPM1 PPIA PRDX2 PSME2 S100A4 SPON2 TAGLN2 APMAP BTG1 CALR EIF3G GPX4 IFITM2 JAK1 PCNA AES CALM1 CAP1 CLIC1 CLPP CRIP1 CTSW DDAH2 EIF4A1 FCER1G GZMH GZMM HNRNPF IL2RG ITGB2,GNLY NKG7 CCL5 MASKED_GENE GZMB CD300A FGFBP2 GSTP1 MASKED_GENE CD7 NAP1L1 PPDPF IGFBP7 NHP2 MASKED_GENE CD52 CD63 GZMA HMGB2 LY6E NPM1 PPIA PRDX2 PSME2 S100A4 SPON2 TAGLN2 APMAP BTG1 CALR EIF3G GPX4 IFITM2 JAK1 PCNA AES CALM1 CAP1 CLIC1 CLPP CRIP1 CTSW DDAH2 EIF4A1 FCER1G GZMH GZMM HNRNPF IL2RG ITGB2
pbmc68k:ATTGCACTTCAGTG-2,ATTGCACTTCAGTG-2,2,CD8+/CD45RA+ Naive Cytotoxic,1,CD8_identity,CD3D,1,1,CD3D,2.504,PPIA,2.504,CD52 VIM HMGB2 NOSIP HNRNPA1 CD27 STMN1 COX7C SRP14 IFITM2 LTB SKP1 SOD1 ANP32B LDHB TAGLN2 CALM1 CD3D GSTP1 LCK PPIA SIT1 SRGN TRAPPC1 AP2S1 BST2 C19orf43 CD2 CLIC1 CRIP1 EIF4A1 GYPC HMGA1 HNRNPK IFITM1 ISCU MAD2L2 MRFAP1 MZT2B NAP1L1 NDUFA4 NPM1 PRDX2 PTPRCAP S100A4 S100A6 ATP5O ATP6V0E1 ATP6V1G1 COX6A1,CD52 VIM HMGB2 NOSIP HNRNPA1 CD27 STMN1 COX7C SRP14 IFITM2 LTB SKP1 SOD1 ANP32B LDHB TAGLN2 CALM1 MASKED_GENE GSTP1 LCK PPIA SIT1 SRGN TRAPPC1 AP2S1 BST2 C19orf43 CD2 CLIC1 CRIP1 EIF4A1 GYPC HMGA1 HNRNPK IFITM1 ISCU MAD2L2 MRFAP1 MZT2B NAP1L1 NDUFA4 NPM1 PRDX2 PTPRCAP S100A4 S100A6 ATP5O ATP6V0E1 ATP6V1G1 COX6A1,CD52 VIM HMGB2 NOSIP HNRNPA1 CD27 STMN1 COX7C SRP14 IFITM2 LTB SKP1 SOD1 ANP32B LDHB TAGLN2 CALM1 CD3D GSTP1 LCK MASKED_GENE SIT1 SRGN TRAPPC1 AP2S1 BST2 C19orf43 CD2 CLIC1 CRIP1 EIF4A1 GYPC HMGA1 HNRNPK IFITM1 ISCU MAD2L2 MRFAP1 MZT2B NAP1L1 NDUFA4 NPM1 PRDX2 PTPRCAP S100A4 S100A6 ATP5O ATP6V0E1 ATP6V1G1 COX6A1
pbmc68k:ATTTCGTGGACTAC-2,ATTTCGTGGACTAC-2,2,CD8+ Cytotoxic T,1,CD8_identity,CD3D;CD8B,2,2,CD3D;CD8B,2.887;2.887,CD37;CD74,2.887;2.678,GNLY S100A4 CCL5 LTB CD52 FTL IL32 NKG7 NAP1L1 S100A10 TOMM7 VIM CD37 CD3D CD8B HNRNPA1 CALM1 CD74 GIMAP7 GZMA HCST JUNB LDHB PSMA7 S100A6 SRGN SSU72 TAGLN2 TXNIP ATP5O C9orf142 FGFBP2 HIGD2A HNRNPDL HOPX HSPB1 NDUFB11 NEDD8 PRDX2 PSME2 PTPRCAP SP100 SRP14 ANAPC16 ANKRD12 APEX1 ARL6IP5 BTG1 C6orf48 CCDC109B,GNLY S100A4 CCL5 LTB CD52 FTL IL32 NKG7 NAP1L1 S100A10 TOMM7 VIM CD37 MASKED_GENE MASKED_GENE HNRNPA1 CALM1 CD74 GIMAP7 GZMA HCST JUNB LDHB PSMA7 S100A6 SRGN SSU72 TAGLN2 TXNIP ATP5O C9orf142 FGFBP2 HIGD2A HNRNPDL HOPX HSPB1 NDUFB11 NEDD8 PRDX2 PSME2 PTPRCAP SP100 SRP14 ANAPC16 ANKRD12 APEX1 ARL6IP5 BTG1 C6orf48 CCDC109B,GNLY S100A4 CCL5 LTB CD52 FTL IL32 NKG7 NAP1L1 S100A10 TOMM7 VIM MASKED_GENE CD3D CD8B HNRNPA1 CALM1 MASKED_GENE GIMAP7 GZMA HCST JUNB LDHB PSMA7 S100A6 SRGN SSU72 TAGLN2 TXNIP ATP5O C9orf142 FGFBP2 HIGD2A HNRNPDL HOPX HSPB1 NDUFB11 NEDD8 PRDX2 PSME2 PTPRCAP SP100 SRP14 ANAPC16 ANKRD12 APEX1 ARL6IP5 BTG1 C6orf48 CCDC109B
pbmc68k:CAAGCCCTCGAATC-2,CAAGCCCTCGAATC-2,2,CD56+ NK,0,NK_identity,GNLY;NKG7;SPON2;PRF1;TYROBP,5,3,GNLY;NKG7;SPON2,3.977;3.977;2.981,GYPC;FTL;KLF3,3.432;3.977;2.77,FTL GNLY NKG7 GYPC FCER1G GSTP1 PLAC8 DDX5 LDHB NPM1 SPON2 SRGN AES CALM1 KLF3 LY6E PSMA7 PTPRCAP RNASET2 TBC1D10C ALOX5AP ATP5B BTG1 C1orf162 CCDC109B CD247 CD37 CNN2 COX6A1 CST7 EIF3G EIF4A1 GSTK1 GZMA HNRNPK IFITM2 NEDD8 NOSIP PRF1 S100A4 SF3B2 SNHG7 TCEB2 TYROBP VIM WBSCR22 ZFP36L2 ABHD17A ABI3 ADD3,FTL MASKED_GENE MASKED_GENE GYPC FCER1G GSTP1 PLAC8 DDX5 LDHB NPM1 MASKED_GENE SRGN AES CALM1 KLF3 LY6E PSMA7 PTPRCAP RNASET2 TBC1D10C ALOX5AP ATP5B BTG1 C1orf162 CCDC109B CD247 CD37 CNN2 COX6A1 CST7 EIF3G EIF4A1 GSTK1 GZMA HNRNPK IFITM2 NEDD8 NOSIP PRF1 S100A4 SF3B2 SNHG7 TCEB2 TYROBP VIM WBSCR22 ZFP36L2 ABHD17A ABI3 ADD3,MASKED_GENE GNLY NKG7 MASKED_GENE FCER1G GSTP1 PLAC8 DDX5 LDHB NPM1 SPON2 SRGN AES CALM1 MASKED_GENE LY6E PSMA7 PTPRCAP RNASET2 TBC1D10C ALOX5AP ATP5B BTG1 C1orf162 CCDC109B CD247 CD37 CNN2 COX6A1 CST7 EIF3G EIF4A1 GSTK1 GZMA HNRNPK IFITM2 NEDD8 NOSIP PRF1 S100A4 SF3B2 SNHG7 TCEB2 TYROBP VIM WBSCR22 ZFP36L2 ABHD17A ABI3 ADD3
pbmc68k:CCAGTCACCGGAGA-2,CCAGTCACCGGAGA-2,2,CD8+ Cytotoxic T,1,CD8_identity,IL7R,1,1,IL7R,2.612,ISCU,2.612,LTB CCL5 HNRNPA1 NPM1 PTPRCAP IL32 S100A4 FTL GSTP1 LDHB NKG7 SOD1 TRAF3IP3 ATP5O CD160 HNRNPDL JUNB PPDPF PPIA SUMO2 TAGLN2 ANXA1 CALM1 EIF4A2 GNLY GYPC IL7R ISCU LDHA PARK7 PLAC8 ZFP36L2 AES BTG1 C19orf53 CAP1 CLIC1 COX6A1 EIF3L EIF4A1 GPX4 GSTK1 GZMA HIGD2A NCOR1 NDUFA4 PPIB PRKCQ-AS1 RABAC1 S100A10,LTB CCL5 HNRNPA1 NPM1 PTPRCAP IL32 S100A4 FTL GSTP1 LDHB NKG7 SOD1 TRAF3IP3 ATP5O CD160 HNRNPDL JUNB PPDPF PPIA SUMO2 TAGLN2 ANXA1 CALM1 EIF4A2 GNLY GYPC MASKED_GENE ISCU LDHA PARK7 PLAC8 ZFP36L2 AES BTG1 C19orf53 CAP1 CLIC1 COX6A1 EIF3L EIF4A1 GPX4 GSTK1 GZMA HIGD2A NCOR1 NDUFA4 PPIB PRKCQ-AS1 RABAC1 S100A10,LTB CCL5 HNRNPA1 NPM1 PTPRCAP IL32 S100A4 FTL GSTP1 LDHB NKG7 SOD1 TRAF3IP3 ATP5O CD160 HNRNPDL JUNB PPDPF PPIA SUMO2 TAGLN2 ANXA1 CALM1 EIF4A2 GNLY GYPC IL7R MASKED_GENE LDHA PARK7 PLAC8 ZFP36L2 AES BTG1 C19orf53 CAP1 CLIC1 COX6A1 EIF3L EIF4A1 GPX4 GSTK1 GZMA HIGD2A NCOR1 NDUFA4 PPIB PRKCQ-AS1 RABAC1 S100A10
pbmc68k:CGTCCAACGAGGGT-2,CGTCCAACGAGGGT-2,2,CD8+ Cytotoxic T,1,CD8_identity,CD3D;CD247;KLRB1,3,3,CD3D;CD247;KLRB1,3.351;2.427;2.427,ANXA1;CUTA;IGBP1,3.567;2.427;2.427,LTB BTG1 LDHB IL32 ANXA1 CD3D CD52 ATP5O GYPC IFITM2 NOSIP NPM1 CD2 GIMAP7 PTPRCAP ANP32B C19orf43 CD7 EIF4A2 IL2RG ITM2A NEDD8 TRAF3IP3 TRAPPC1 AES CD247 CD37 CD74 CUTA DDX5 EIF2S2 EIF3E ERH FTL FYB GPX4 IGBP1 KLRB1 LEPROTL1 NCOR1 OST4 OSTF1 PRMT2 PSMG2 TMBIM6 TXNIP ZFAS1 ZNHIT1 ALKBH7 ARID4B,LTB BTG1 LDHB IL32 ANXA1 MASKED_GENE CD52 ATP5O GYPC IFITM2 NOSIP NPM1 CD2 GIMAP7 PTPRCAP ANP32B C19orf43 CD7 EIF4A2 IL2RG ITM2A NEDD8 TRAF3IP3 TRAPPC1 AES MASKED_GENE CD37 CD74 CUTA DDX5 EIF2S2 EIF3E ERH FTL FYB GPX4 IGBP1 MASKED_GENE LEPROTL1 NCOR1 OST4 OSTF1 PRMT2 PSMG2 TMBIM6 TXNIP ZFAS1 ZNHIT1 ALKBH7 ARID4B,LTB BTG1 LDHB IL32 MASKED_GENE CD3D CD52 ATP5O GYPC IFITM2 NOSIP NPM1 CD2 GIMAP7 PTPRCAP ANP32B C19orf43 CD7 EIF4A2 IL2RG ITM2A NEDD8 TRAF3IP3 TRAPPC1 AES CD247 CD37 CD74 MASKED_GENE DDX5 EIF2S2 EIF3E ERH FTL FYB GPX4 MASKED_GENE KLRB1 LEPROTL1 NCOR1 OST4 OSTF1 PRMT2 PSMG2 TMBIM6 TXNIP ZFAS1 ZNHIT1 ALKBH7 ARID4B
pbmc68k:CTGAATCTAGGTTC-2,CTGAATCTAGGTTC-2,2,CD8+/CD45RA+ Naive Cytotoxic,1,CD8_identity,CD3D;CD3E;CD8B,3,3,CD3D;CD3E;CD8B,2.605;2.4;2.142,LDHA;ANP32B;EID1,2.605;2.4;2.142,IL32 S100A4 HMGB2 CD52 HNRNPA1 VIM PPIA LDHB CALM1 CARS FTL BTG1 PSMA7 S100A6 CD27 CD3D DDX5 LDHA PMVK STMN1 ANP32B C19orf53 CCDC167 CD3E CLIC1 LAMTOR4 LSMD1 NDFIP1 NDUFA1 NDUFA4 NDUFB11 NPM1 PRDX2 PSMD7 SRP14 SUB1 TRAF3IP3 U2AF1 AES ATP5B ATPIF1 CAP1 CCR7 CD37 CD53 CD8B CLPP COX6A1 EID1 EIF3L,IL32 S100A4 HMGB2 CD52 HNRNPA1 VIM PPIA LDHB CALM1 CARS FTL BTG1 PSMA7 S100A6 CD27 MASKED_GENE DDX5 LDHA PMVK STMN1 ANP32B C19orf53 CCDC167 MASKED_GENE CLIC1 LAMTOR4 LSMD1 NDFIP1 NDUFA1 NDUFA4 NDUFB11 NPM1 PRDX2 PSMD7 SRP14 SUB1 TRAF3IP3 U2AF1 AES ATP5B ATPIF1 CAP1 CCR7 CD37 CD53 MASKED_GENE CLPP COX6A1 EID1 EIF3L,IL32 S100A4 HMGB2 CD52 HNRNPA1 VIM PPIA LDHB CALM1 CARS FTL BTG1 PSMA7 S100A6 CD27 CD3D DDX5 MASKED_GENE PMVK STMN1 MASKED_GENE C19orf53 CCDC167 CD3E CLIC1 LAMTOR4 LSMD1 NDFIP1 NDUFA1 NDUFA4 NDUFB11 NPM1 PRDX2 PSMD7 SRP14 SUB1 TRAF3IP3 U2AF1 AES ATP5B ATPIF1 CAP1 CCR7 CD37 CD53 CD8B CLPP COX6A1 MASKED_GENE EIF3L
pbmc68k:CTTAAAGATCTCAT-2,CTTAAAGATCTCAT-2,2,CD8+/CD45RA+ Naive Cytotoxic,1,CD8_identity,CD3D;CD3G;CD8A,3,3,CD3D;CD3G;CD8A,3.385;2.725;2.725,S100A4;OST4;PRDX2,3.109;2.725;2.725,LTB IL32 FTL BTG1 CD3D CD7 GNLY CD52 JUNB S100A4 C9orf142 CLIC1 ZFP36L2 C19orf43 CD3G CD8A DDX5 ID2 IFITM2 NPM1 OST4 PRDX2 PTPRCAP TAGLN2 TCEB2 ANXA1 CD27 CD74 CORO1B EIF4A2 HNRNPA1 NDUFS5 NSA2 PPDPF TOMM7 AES ALOX5AP ANKRD12 CALM1 CD53 COX6A1 CTSW DCXR DUSP2 FOS GATA3 GLRX GZMM HIGD2A HOPX,LTB IL32 FTL BTG1 MASKED_GENE CD7 GNLY CD52 JUNB S100A4 C9orf142 CLIC1 ZFP36L2 C19orf43 MASKED_GENE MASKED_GENE DDX5 ID2 IFITM2 NPM1 OST4 PRDX2 PTPRCAP TAGLN2 TCEB2 ANXA1 CD27 CD74 CORO1B EIF4A2 HNRNPA1 NDUFS5 NSA2 PPDPF TOMM7 AES ALOX5AP ANKRD12 CALM1 CD53 COX6A1 CTSW DCXR DUSP2 FOS GATA3 GLRX GZMM HIGD2A HOPX,LTB IL32 FTL BTG1 CD3D CD7 GNLY CD52 JUNB MASKED_GENE C9orf142 CLIC1 ZFP36L2 C19orf43 CD3G CD8A DDX5 ID2 IFITM2 NPM1 MASKED_GENE MASKED_GENE PTPRCAP TAGLN2 TCEB2 ANXA1 CD27 CD74 CORO1B EIF4A2 HNRNPA1 NDUFS5 NSA2 PPDPF TOMM7 AES ALOX5AP ANKRD12 CALM1 CD53 COX6A1 CTSW DCXR DUSP2 FOS GATA3 GLRX GZMM HIGD2A HOPX
pbmc68k:GCGTACCTGAAGGC-2,GCGTACCTGAAGGC-2,2,CD8+ Cytotoxic T,1,CD8_identity,CD3E;CD3D;CD3G,3,3,CD3E;CD3D;CD3G,2.58;2.317;2.317,ANXA1;ATP5O;ARF6,2.58;2.317;2.317,LTB VIM BTG1 JUNB CCL5 FTL S100A4 S100A6 DDX5 IL32 C19orf43 C6orf48 DUSP2 HNRNPA1 NPM1 ANXA1 CD3E CD52 EIF3E EIF4A2 GNLY GPX4 GZMA LDHB MZT2B PARK7 PPIA PTPRCAP SUMO2 TOMM7 ARF6 ATP5O ATP6V1G1 CD3D CD3G CLIC1 CST7 CXCR4 EIF3D GSTK1 ID2 IFITM2 ISCU LCK LMAN2 LY6E MTDH NOSIP POP5 PQBP1,LTB VIM BTG1 JUNB CCL5 FTL S100A4 S100A6 DDX5 IL32 C19orf43 C6orf48 DUSP2 HNRNPA1 NPM1 ANXA1 MASKED_GENE CD52 EIF3E EIF4A2 GNLY GPX4 GZMA LDHB MZT2B PARK7 PPIA PTPRCAP SUMO2 TOMM7 ARF6 ATP5O ATP6V1G1 MASKED_GENE MASKED_GENE CLIC1 CST7 CXCR4 EIF3D GSTK1 ID2 IFITM2 ISCU LCK LMAN2 LY6E MTDH NOSIP POP5 PQBP1,LTB VIM BTG1 JUNB CCL5 FTL S100A4 S100A6 DDX5 IL32 C19orf43 C6orf48 DUSP2 HNRNPA1 NPM1 MASKED_GENE CD3E CD52 EIF3E EIF4A2 GNLY GPX4 GZMA LDHB MZT2B PARK7 PPIA PTPRCAP SUMO2 TOMM7 MASKED_GENE MASKED_GENE ATP6V1G1 CD3D CD3G CLIC1 CST7 CXCR4 EIF3D GSTK1 ID2 IFITM2 ISCU LCK LMAN2 LY6E MTDH NOSIP POP5 PQBP1
pbmc68k:GGGATGGAATGCCA-2,GGGATGGAATGCCA-2,2,CD8+/CD45RA+ Naive Cytotoxic,1,CD8_identity,CD3E;IL7R,2,2,CD3E;IL7R,2.533;2.272,HCST;KLF6,2.533;2.272,FTL JUNB S100A4 IL32 CCL5 BTG1 C6orf48 CALM1 PTPRCAP CD52 DUSP2 ID2 LTB NDFIP1 S100A6 SRP14 SSR4 VIM AMICA1 FOS GPX4 GSTK1 MZT2B NPM1 ARF6 CD3E COPE CSTB EVL HCST HIGD2A LDHB NFKBIA SNHG8 TOMM7 AGTRAP ANAPC16 C10orf54 CCDC107 CD47 CD63 CLIC1 EIF3G ERP29 IL7R ITGB2 KLF6 LAMTOR4 LCK MAD2L2,FTL JUNB S100A4 IL32 CCL5 BTG1 C6orf48 CALM1 PTPRCAP CD52 DUSP2 ID2 LTB NDFIP1 S100A6 SRP14 SSR4 VIM AMICA1 FOS GPX4 GSTK1 MZT2B NPM1 ARF6 MASKED_GENE COPE CSTB EVL HCST HIGD2A LDHB NFKBIA SNHG8 TOMM7 AGTRAP ANAPC16 C10orf54 CCDC107 CD47 CD63 CLIC1 EIF3G ERP29 MASKED_GENE ITGB2 KLF6 LAMTOR4 LCK MAD2L2,FTL JUNB S100A4 IL32 CCL5 BTG1 C6orf48 CALM1 PTPRCAP CD52 DUSP2 ID2 LTB NDFIP1 S100A6 SRP14 SSR4 VIM AMICA1 FOS GPX4 GSTK1 MZT2B NPM1 ARF6 CD3E COPE CSTB EVL MASKED_GENE HIGD2A LDHB NFKBIA SNHG8 TOMM7 AGTRAP ANAPC16 C10orf54 CCDC107 CD47 CD63 CLIC1 EIF3G ERP29 IL7R ITGB2 MASKED_GENE LAMTOR4 LCK MAD2L2
pbmc68k:TACTAAGAAGCGGA-2,TACTAAGAAGCGGA-2,2,CD8+ Cytotoxic T,1,CD8_identity,CD3D;GZMK;IL7R,3,3,CD3D;GZMK;IL7R,2.594;2.331;2.331,NOSIP;EID1;ISG20,2.802;2.331;2.331,LTB GIMAP7 HNRNPA1 IL32 S100A4 FTL CD52 GYPC RGS10 CD37 PTPRCAP BTG1 CLIC1 NHP2 NOSIP ANP32B CCL5 CD3D ERP29 NDUFA11 NPM1 PPIB SOD1 SSR4 TCEB2 ATP5J2 ATP6V1G1 C10orf118 CCDC109B COX7C DUSP2 EID1 EIF4A2 GABARAPL2 GZMK HNRNPF IL7R ISG20 ITGB2 LMAN2 NDUFB2 PTPRC SAP18 SUMO2 TOMM7 AES ANXA1 C9orf78 CALM1 CD27,LTB GIMAP7 HNRNPA1 IL32 S100A4 FTL CD52 GYPC RGS10 CD37 PTPRCAP BTG1 CLIC1 NHP2 NOSIP ANP32B CCL5 MASKED_GENE ERP29 NDUFA11 NPM1 PPIB SOD1 SSR4 TCEB2 ATP5J2 ATP6V1G1 C10orf118 CCDC109B COX7C DUSP2 EID1 EIF4A2 GABARAPL2 MASKED_GENE HNRNPF MASKED_GENE ISG20 ITGB2 LMAN2 NDUFB2 PTPRC SAP18 SUMO2 TOMM7 AES ANXA1 C9orf78 CALM1 CD27,LTB GIMAP7 HNRNPA1 IL32 S100A4 FTL CD52 GYPC RGS10 CD37 PTPRCAP BTG1 CLIC1 NHP2 MASKED_GENE ANP32B CCL5 CD3D ERP29 NDUFA11 NPM1 PPIB SOD1 SSR4 TCEB2 ATP5J2 ATP6V1G1 C10orf118 CCDC109B COX7C DUSP2 MASKED_GENE EIF4A2 GABARAPL2 GZMK HNRNPF IL7R MASKED_GENE ITGB2 LMAN2 NDUFB2 PTPRC SAP18 SUMO2 TOMM7 AES ANXA1 C9orf78 CALM1 CD27
pbmc68k:TGGAAAGATGGCAT-2,TGGAAAGATGGCAT-2,2,CD8+/CD45RA+ Naive Cytotoxic,1,CD8_identity,CD3E;CD3D,2,2,CD3E;CD3D,2.957;2.577,CD37;GIMAP7,2.577;2.577,JUNB FTL HNRNPA1 TAGLN2 BTG1 CD52 NPM1 CD3E LDHB DDX5 EIF3L HIGD2A CD37 CD3D GIMAP7 LTB LY6E AES ANP32B EIF4A2 EVL GSTK1 GYPC IL2RG LBH MAGOH PPDPF S100A10 SPG21 C19orf43 C6orf48 C9orf142 CCNI CD27 CD7 CNPY2 COA1 CPA5 CXCR4 DAP3 DEK DNAJB1 ERP29 FDX1 GCHFR GLRX H2AFJ HMHA1 HSP90AB1 IL16,JUNB FTL HNRNPA1 TAGLN2 BTG1 CD52 NPM1 MASKED_GENE LDHB DDX5 EIF3L HIGD2A CD37 MASKED_GENE GIMAP7 LTB LY6E AES ANP32B EIF4A2 EVL GSTK1 GYPC IL2RG LBH MAGOH PPDPF S100A10 SPG21 C19orf43 C6orf48 C9orf142 CCNI CD27 CD7 CNPY2 COA1 CPA5 CXCR4 DAP3 DEK DNAJB1 ERP29 FDX1 GCHFR GLRX H2AFJ HMHA1 HSP90AB1 IL16,JUNB FTL HNRNPA1 TAGLN2 BTG1 CD52 NPM1 CD3E LDHB DDX5 EIF3L HIGD2A MASKED_GENE CD3D MASKED_GENE LTB LY6E AES ANP32B EIF4A2 EVL GSTK1 GYPC IL2RG LBH MAGOH PPDPF S100A10 SPG21 C19orf43 C6orf48 C9orf142 CCNI CD27 CD7 CNPY2 COA1 CPA5 CXCR4 DAP3 DEK DNAJB1 ERP29 FDX1 GCHFR GLRX H2AFJ HMHA1 HSP90AB1 IL16
pbmc68k:AACGCCCTGTTGGT-3,AACGCCCTGTTGGT-3,3,CD8+ Cytotoxic T,1,CD8_identity,CD3D,1,1,CD3D,2.588,AES,2.588,LTB FTL CCL5 CD52 NPM1 BTG1 HNRNPA1 IFITM2 JUNB CD27 DDX5 GIMAP7 IFITM1 U2AF1 AES C19orf43 CD3D DUSP2 EIF3E NHP2 PPDPF PPIA PTPRCAP SOD1 TPR TXNIP CCNI CD74 COX6A1 CRIP1 EIF3G FLT3LG LDHB NAP1L1 PKM S100A6 SRP14 SUMO2 AMICA1 ANAPC16 ANXA1 ARL6IP5 C1orf162 CAP1 CCDC167 CD2 CD53 CLIC1 COPE CSTB,LTB FTL CCL5 CD52 NPM1 BTG1 HNRNPA1 IFITM2 JUNB CD27 DDX5 GIMAP7 IFITM1 U2AF1 AES C19orf43 MASKED_GENE DUSP2 EIF3E NHP2 PPDPF PPIA PTPRCAP SOD1 TPR TXNIP CCNI CD74 COX6A1 CRIP1 EIF3G FLT3LG LDHB NAP1L1 PKM S100A6 SRP14 SUMO2 AMICA1 ANAPC16 ANXA1 ARL6IP5 C1orf162 CAP1 CCDC167 CD2 CD53 CLIC1 COPE CSTB,LTB FTL CCL5 CD52 NPM1 BTG1 HNRNPA1 IFITM2 JUNB CD27 DDX5 GIMAP7 IFITM1 U2AF1 MASKED_GENE C19orf43 CD3D DUSP2 EIF3E NHP2 PPDPF PPIA PTPRCAP SOD1 TPR TXNIP CCNI CD74 COX6A1 CRIP1 EIF3G FLT3LG LDHB NAP1L1 PKM S100A6 SRP14 SUMO2 AMICA1 ANAPC16 ANXA1 ARL6IP5 C1orf162 CAP1 CCDC167 CD2 CD53 CLIC1 COPE CSTB
pbmc68k:ACGCTCACGTCTGA-3,ACGCTCACGTCTGA-3,3,CD8+ Cytotoxic T,1,CD8_identity,CD3D;CD3G;CD3E,3,3,CD3D;CD3G;CD3E,2.718;2.718;2.452,AES;EIF3G;EIF4A1,2.928;2.718;2.452,GNLY LTB S100A4 IFITM2 IL32 CD52 NKG7 C19orf43 GZMB S100A10 AES BTG1 CALM1 NOSIP PPDPF SOD1 TAGLN2 CD3D CD3G DDX5 EIF3G FTL HNRNPA1 JUNB LDHB NAP1L1 CALM3 CCDC167 CCL5 CD27 CD3E CD7 CST7 CUTA DEK DYNLRB1 EIF4A1 GIMAP7 GSTK1 HIGD2A NDUFA4 PTPRCAP RNASET2 TXN TYROBP VIM ANAPC16 ANXA1 AP2S1 ARL4C,GNLY LTB S100A4 IFITM2 IL32 CD52 NKG7 C19orf43 GZMB S100A10 AES BTG1 CALM1 NOSIP PPDPF SOD1 TAGLN2 MASKED_GENE MASKED_GENE DDX5 EIF3G FTL HNRNPA1 JUNB LDHB NAP1L1 CALM3 CCDC167 CCL5 CD27 MASKED_GENE CD7 CST7 CUTA DEK DYNLRB1 EIF4A1 GIMAP7 GSTK1 HIGD2A NDUFA4 PTPRCAP RNASET2 TXN TYROBP VIM ANAPC16 ANXA1 AP2S1 ARL4C,GNLY LTB S100A4 IFITM2 IL32 CD52 NKG7 C19orf43 GZMB S100A10 MASKED_GENE BTG1 CALM1 NOSIP PPDPF SOD1 TAGLN2 CD3D CD3G DDX5 MASKED_GENE FTL HNRNPA1 JUNB LDHB NAP1L1 CALM3 CCDC167 CCL5 CD27 CD3E CD7 CST7 CUTA DEK DYNLRB1 MASKED_GENE GIMAP7 GSTK1 HIGD2A NDUFA4 PTPRCAP RNASET2 TXN TYROBP VIM ANAPC16 ANXA1 AP2S1 ARL4C
pbmc68k:AGTAATTGGCTTAG-3,AGTAATTGGCTTAG-3,3,CD56+ NK,0,NK_identity,GNLY;NKG7;PRF1;GZMB,4,3,GNLY;NKG7;PRF1,4.812;4.335;3.115,HNRNPA1;PTPRCAP;CUTA,3.263;3.263;2.941,GNLY NKG7 CCL5 CLIC1 GZMA CALM1 CD7 HNRNPA1 IFITM2 PTPRCAP CD63 PRF1 CCNI CUTA GZMB ID2 PLAC8 PPIB SRP14 SUB1 ZNRD1 C9orf78 CD74 COPE EIF2S2 EIF4A1 FCER1G FTL GIMAP7 NPM1 PSMB6 SRGN STK17A SUMO2 AES AP2S1 C6orf48 CD164 CD37 DAP3 DDX5 ETFA GSTP1 GYPC H1FX IFITM1 NEDD8 NUDCD2 PPIA PQBP1,MASKED_GENE MASKED_GENE CCL5 CLIC1 GZMA CALM1 CD7 HNRNPA1 IFITM2 PTPRCAP CD63 MASKED_GENE CCNI CUTA GZMB ID2 PLAC8 PPIB SRP14 SUB1 ZNRD1 C9orf78 CD74 COPE EIF2S2 EIF4A1 FCER1G FTL GIMAP7 NPM1 PSMB6 SRGN STK17A SUMO2 AES AP2S1 C6orf48 CD164 CD37 DAP3 DDX5 ETFA GSTP1 GYPC H1FX IFITM1 NEDD8 NUDCD2 PPIA PQBP1,GNLY NKG7 CCL5 CLIC1 GZMA CALM1 CD7 MASKED_GENE IFITM2 MASKED_GENE CD63 PRF1 CCNI MASKED_GENE GZMB ID2 PLAC8 PPIB SRP14 SUB1 ZNRD1 C9orf78 CD74 COPE EIF2S2 EIF4A1 FCER1G FTL GIMAP7 NPM1 PSMB6 SRGN STK17A SUMO2 AES AP2S1 C6orf48 CD164 CD37 DAP3 DDX5 ETFA GSTP1 GYPC H1FX IFITM1 NEDD8 NUDCD2 PPIA PQBP1
pbmc68k:ATTTCCGACATGAC-3,ATTTCCGACATGAC-3,3,CD8+ Cytotoxic T,1,CD8_identity,GZMK;CD8A,2,2,GZMK;CD8A,2.898;2.259,PPIA;ANXA5,2.898;2.259,CD74 CCL5 NKG7 EIF4A1 LDHB HLA-DRB1 HNRNPA1 IL32 NUCKS1 FTL S100A4 CLIC1 CTSW GZMK HLA-DPB1 PPDPF PPIA PTPRCAP SRGN VIM ANP32B CALM1 COX6A1 DEK GZMA HLA-DPA1 HLA-DRB5 HNRNPDL PRDX2 COX7C DDX5 GIMAP7 GYPC GZMM ITGB2 LY6E MANF MIF NEDD8 NPM1 PSMA7 PSME2 RBX1 SRP14 STMN1 ANXA5 BTG1 C19orf53 CD52 CD8A,CD74 CCL5 NKG7 EIF4A1 LDHB HLA-DRB1 HNRNPA1 IL32 NUCKS1 FTL S100A4 CLIC1 CTSW MASKED_GENE HLA-DPB1 PPDPF PPIA PTPRCAP SRGN VIM ANP32B CALM1 COX6A1 DEK GZMA HLA-DPA1 HLA-DRB5 HNRNPDL PRDX2 COX7C DDX5 GIMAP7 GYPC GZMM ITGB2 LY6E MANF MIF NEDD8 NPM1 PSMA7 PSME2 RBX1 SRP14 STMN1 ANXA5 BTG1 C19orf53 CD52 MASKED_GENE,CD74 CCL5 NKG7 EIF4A1 LDHB HLA-DRB1 HNRNPA1 IL32 NUCKS1 FTL S100A4 CLIC1 CTSW GZMK HLA-DPB1 PPDPF MASKED_GENE PTPRCAP SRGN VIM ANP32B CALM1 COX6A1 DEK GZMA HLA-DPA1 HLA-DRB5 HNRNPDL PRDX2 COX7C DDX5 GIMAP7 GYPC GZMM ITGB2 LY6E MANF MIF NEDD8 NPM1 PSMA7 PSME2 RBX1 SRP14 STMN1 MASKED_GENE BTG1 C19orf53 CD52 CD8A
pbmc68k:CGATACGATATCGG-3,CGATACGATATCGG-3,3,CD56+ NK,0,NK_identity,GNLY;GZMB;NKG7;FGFBP2;PRF1;FCGR3A,6,3,GNLY;GZMB;NKG7,4.603;4.43;4.278,TAGLN2;CD53;FTL,3.355;3.207;3.485,GNLY GZMB NKG7 CTSW CST7 FTL GZMA TAGLN2 CALM1 CCL5 CD53 FGFBP2 IFITM2 PSMA7 PTPRCAP S100A4 ARL4C CCL4 CLIC3 COX6A1 PRF1 STMN1 CD47 CD7 CLIC1 EIF4A1 HOPX HSP90AB1 ID2 NDUFA4 NDUFS8 PPDPF PPIB SKP1 SRGN CAP1 CD247 EVL FCGR3A GIMAP7 GZMM HCST HNRNPA1 IGFBP7 IL2RG ITGB2 JAK1 LDHB MIF NPM1,MASKED_GENE MASKED_GENE MASKED_GENE CTSW CST7 FTL GZMA TAGLN2 CALM1 CCL5 CD53 FGFBP2 IFITM2 PSMA7 PTPRCAP S100A4 ARL4C CCL4 CLIC3 COX6A1 PRF1 STMN1 CD47 CD7 CLIC1 EIF4A1 HOPX HSP90AB1 ID2 NDUFA4 NDUFS8 PPDPF PPIB SKP1 SRGN CAP1 CD247 EVL FCGR3A GIMAP7 GZMM HCST HNRNPA1 IGFBP7 IL2RG ITGB2 JAK1 LDHB MIF NPM1,GNLY GZMB NKG7 CTSW CST7 MASKED_GENE GZMA MASKED_GENE CALM1 CCL5 MASKED_GENE FGFBP2 IFITM2 PSMA7 PTPRCAP S100A4 ARL4C CCL4 CLIC3 COX6A1 PRF1 STMN1 CD47 CD7 CLIC1 EIF4A1 HOPX HSP90AB1 ID2 NDUFA4 NDUFS8 PPDPF PPIB SKP1 SRGN CAP1 CD247 EVL FCGR3A GIMAP7 GZMM HCST HNRNPA1 IGFBP7 IL2RG ITGB2 JAK1 LDHB MIF NPM1
pbmc68k:CTAGATCTATCGGT-3,CTAGATCTATCGGT-3,3,CD8+/CD45RA+ Naive Cytotoxic,1,CD8_identity,CD8B;CD3D;CD3E;CD3G,4,3,CD8B;CD3D;CD3E,2.242;1.888;1.888,EIF3E;C19orf43;CD53,2.242;1.888;1.888,FTL CD52 S100A4 IL32 LTB JUNB NPM1 GSTK1 PSMD7 PTPRCAP BTG1 DDX5 S100A10 S100A6 VIM AES EIF4A2 HNRNPA1 IL2RG LDHB TIMP1 TXNIP ATP5O C6orf48 CD8B EIF3E EIF3L EVL HCST HNRNPDL ISCU LCK NEDD8 PKM PNN PSMC5 PSME2 SKP1 SUMO3 ANKRD12 ANXA1 C19orf43 C19orf53 C9orf142 CD27 CD3D CD3E CD3G CD53 CD7,FTL CD52 S100A4 IL32 LTB JUNB NPM1 GSTK1 PSMD7 PTPRCAP BTG1 DDX5 S100A10 S100A6 VIM AES EIF4A2 HNRNPA1 IL2RG LDHB TIMP1 TXNIP ATP5O C6orf48 MASKED_GENE EIF3E EIF3L EVL HCST HNRNPDL ISCU LCK NEDD8 PKM PNN PSMC5 PSME2 SKP1 SUMO3 ANKRD12 ANXA1 C19orf43 C19orf53 C9orf142 CD27 MASKED_GENE MASKED_GENE CD3G CD53 CD7,FTL CD52 S100A4 IL32 LTB JUNB NPM1 GSTK1 PSMD7 PTPRCAP BTG1 DDX5 S100A10 S100A6 VIM AES EIF4A2 HNRNPA1 IL2RG LDHB TIMP1 TXNIP ATP5O C6orf48 CD8B MASKED_GENE EIF3L EVL HCST HNRNPDL ISCU LCK NEDD8 PKM PNN PSMC5 PSME2 SKP1 SUMO3 ANKRD12 ANXA1 MASKED_GENE C19orf53 C9orf142 CD27 CD3D CD3E CD3G MASKED_GENE CD7
pbmc68k:CTATAGCTGTTCGA-3,CTATAGCTGTTCGA-3,3,CD8+ Cytotoxic T,1,CD8_identity,CD3D;CD247,2,2,CD3D;CD247,2.673;2.408,AP2S1;COX16,2.673;2.408,GNLY CCL5 NKG7 FTL CD52 GZMA IL32 GZMH STMN1 PPDPF HNRNPA1 S100A4 CST7 GZMB PCNA FGFBP2 S100A6 SUMO2 AP2S1 CALM1 CD3D CLIC1 CRIP1 CTSW DEK EID1 EVL ITGB2 LY6E NUCB2 VIM ANXA1 BLOC1S4 BTG1 C19orf43 CD2 CD247 CD63 COX16 DDX5 GIMAP7 HIGD2A HLA-DPA1 HLA-DPB1 HLA-DRB1 HMGB2 HP1BP3 KLRG1 LDHA NPM1,GNLY CCL5 NKG7 FTL CD52 GZMA IL32 GZMH STMN1 PPDPF HNRNPA1 S100A4 CST7 GZMB PCNA FGFBP2 S100A6 SUMO2 AP2S1 CALM1 MASKED_GENE CLIC1 CRIP1 CTSW DEK EID1 EVL ITGB2 LY6E NUCB2 VIM ANXA1 BLOC1S4 BTG1 C19orf43 CD2 MASKED_GENE CD63 COX16 DDX5 GIMAP7 HIGD2A HLA-DPA1 HLA-DPB1 HLA-DRB1 HMGB2 HP1BP3 KLRG1 LDHA NPM1,GNLY CCL5 NKG7 FTL CD52 GZMA IL32 GZMH STMN1 PPDPF HNRNPA1 S100A4 CST7 GZMB PCNA FGFBP2 S100A6 SUMO2 MASKED_GENE CALM1 CD3D CLIC1 CRIP1 CTSW DEK EID1 EVL ITGB2 LY6E NUCB2 VIM ANXA1 BLOC1S4 BTG1 C19orf43 CD2 CD247 CD63 MASKED_GENE DDX5 GIMAP7 HIGD2A HLA-DPA1 HLA-DPB1 HLA-DRB1 HMGB2 HP1BP3 KLRG1 LDHA NPM1
pbmc68k:GACGTCCTGGAGCA-3,GACGTCCTGGAGCA-3,3,CD8+/CD45RA+ Naive Cytotoxic,1,CD8_identity,CD3D;CD3E,2,2,CD3D;CD3E,2.821;2.821,GIMAP7;CD37,3.14;2.612,LTB S100A4 CD52 JUNB VIM HNRNPA1 BTG1 GIMAP7 FTL LDHB OST4 ANAPC16 CD3D CD3E TOMM7 C19orf43 CCDC107 CD37 NPM1 POLD4 PRDX2 PTPRCAP S100A6 TXNIP CALM3 CCNI CCR7 CD164 CD53 CD7 CTSC EIF4A2 ERP29 GLRX HSPB1 IL2RG ILF3-AS1 NOSIP PCNP PHB RGS10 SEPT7 SNHG7 AES ANXA1 APEX1 ATP5J2 BRI3 C6orf48 CALM1,LTB S100A4 CD52 JUNB VIM HNRNPA1 BTG1 GIMAP7 FTL LDHB OST4 ANAPC16 MASKED_GENE MASKED_GENE TOMM7 C19orf43 CCDC107 CD37 NPM1 POLD4 PRDX2 PTPRCAP S100A6 TXNIP CALM3 CCNI CCR7 CD164 CD53 CD7 CTSC EIF4A2 ERP29 GLRX HSPB1 IL2RG ILF3-AS1 NOSIP PCNP PHB RGS10 SEPT7 SNHG7 AES ANXA1 APEX1 ATP5J2 BRI3 C6orf48 CALM1,LTB S100A4 CD52 JUNB VIM HNRNPA1 BTG1 MASKED_GENE FTL LDHB OST4 ANAPC16 CD3D CD3E TOMM7 C19orf43 CCDC107 MASKED_GENE NPM1 POLD4 PRDX2 PTPRCAP S100A6 TXNIP CALM3 CCNI CCR7 CD164 CD53 CD7 CTSC EIF4A2 ERP29 GLRX HSPB1 IL2RG ILF3-AS1 NOSIP PCNP PHB RGS10 SEPT7 SNHG7 AES ANXA1 APEX1 ATP5J2 BRI3 C6orf48 CALM1
pbmc68k:GGGAAGTGCAGGAG-3,GGGAAGTGCAGGAG-3,3,CD8+/CD45RA+ Naive Cytotoxic,1,CD8_identity,CD3D;CD3E,2,2,CD3D;CD3E,2.746;2.539,S100A4;CD37,3.191;2.539,FTL HNRNPA1 CCL5 S100A4 CD52 JUNB CCNI CD27 CD3D DDX5 GPX1 GZMM IL32 NKG7 TOMM7 CD37 CD3E CD7 CD74 CTSW GIMAP7 GZMH HNRNPDL SRP14 SSR4 TXNDC15 C19orf53 CNPY2 COPE GNLY GZMB HSD17B11 ICAM3 LDHB LTB MRFAP1 MZT2B NDUFS8 NPM1 PIK3IP1 POLR2I PPDPF PRMT2 PSMA7 PTPRCAP S100A6 TXNIP YWHAB AES ATP5B,FTL HNRNPA1 CCL5 S100A4 CD52 JUNB CCNI CD27 MASKED_GENE DDX5 GPX1 GZMM IL32 NKG7 TOMM7 CD37 MASKED_GENE CD7 CD74 CTSW GIMAP7 GZMH HNRNPDL SRP14 SSR4 TXNDC15 C19orf53 CNPY2 COPE GNLY GZMB HSD17B11 ICAM3 LDHB LTB MRFAP1 MZT2B NDUFS8 NPM1 PIK3IP1 POLR2I PPDPF PRMT2 PSMA7 PTPRCAP S100A6 TXNIP YWHAB AES ATP5B,FTL HNRNPA1 CCL5 MASKED_GENE CD52 JUNB CCNI CD27 CD3D DDX5 GPX1 GZMM IL32 NKG7 TOMM7 MASKED_GENE CD3E CD7 CD74 CTSW GIMAP7 GZMH HNRNPDL SRP14 SSR4 TXNDC15 C19orf53 CNPY2 COPE GNLY GZMB HSD17B11 ICAM3 LDHB LTB MRFAP1 MZT2B NDUFS8 NPM1 PIK3IP1 POLR2I PPDPF PRMT2 PSMA7 PTPRCAP S100A6 TXNIP YWHAB AES ATP5B
pbmc68k:GGGCAAGAAGGCGA-3,GGGCAAGAAGGCGA-3,3,CD8+/CD45RA+ Naive Cytotoxic,1,CD8_identity,CD3D;CD247;GZMK,3,3,CD3D;CD247;GZMK,3.015;2.634;2.634,SRP14;PQBP1;HIGD2A,3.015;2.634;2.634,NKG7 CCL5 CD3D NPM1 SRP14 TXNIP BTG1 GZMA LTB C6orf48 CD247 DDX5 FTL GZMK HIGD2A PPIA PQBP1 SDHC ARL4C ATP5O CALM1 CD37 CD52 DEK DUSP2 EIF4A2 ERP29 FGFR1OP2 FKBP11 FOS GIMAP7 HMGA1 JUNB LEPROTL1 LGALS3 LMAN2 PRDX2 PTPRC PTPRCAP SUMO2 TIMP1 TOMM7 AES ANP32B ATP5I ATP6V1G1 C16orf13 C19orf43 CCL4 CCNI,NKG7 CCL5 MASKED_GENE NPM1 SRP14 TXNIP BTG1 GZMA LTB C6orf48 MASKED_GENE DDX5 FTL MASKED_GENE HIGD2A PPIA PQBP1 SDHC ARL4C ATP5O CALM1 CD37 CD52 DEK DUSP2 EIF4A2 ERP29 FGFR1OP2 FKBP11 FOS GIMAP7 HMGA1 JUNB LEPROTL1 LGALS3 LMAN2 PRDX2 PTPRC PTPRCAP SUMO2 TIMP1 TOMM7 AES ANP32B ATP5I ATP6V1G1 C16orf13 C19orf43 CCL4 CCNI,NKG7 CCL5 CD3D NPM1 MASKED_GENE TXNIP BTG1 GZMA LTB C6orf48 CD247 DDX5 FTL GZMK MASKED_GENE PPIA MASKED_GENE SDHC ARL4C ATP5O CALM1 CD37 CD52 DEK DUSP2 EIF4A2 ERP29 FGFR1OP2 FKBP11 FOS GIMAP7 HMGA1 JUNB LEPROTL1 LGALS3 LMAN2 PRDX2 PTPRC PTPRCAP SUMO2 TIMP1 TOMM7 AES ANP32B ATP5I ATP6V1G1 C16orf13 C19orf43 CCL4 CCNI
pbmc68k:GTTATGCTATCACG-3,GTTATGCTATCACG-3,3,CD8+/CD45RA+ Naive Cytotoxic,1,CD8_identity,GZMK,1,1,GZMK,2.399,CRIP1,2.399,IL32 CCL5 NKG7 CD74 S100A4 FTL GNLY PPIA PSMA7 PTPRCAP STMN1 TAGLN2 CD52 EIF4A1 FOS HMGB2 BTG1 CALM1 GZMH VIM ZNHIT1 AES CTSC GZMA HNRNPA1 LMAN2 PSME2 ATP5B CCDC109B CRIP1 GIMAP7 GZMK HIGD2A HOPX ID2 KLRG1 LDHA LDHB LTB NOSIP PCNA PPDPF PRDX2 S100A10 TMEM126B TXNIP ANXA1 ANXA5 C16orf13 CD37,IL32 CCL5 NKG7 CD74 S100A4 FTL GNLY PPIA PSMA7 PTPRCAP STMN1 TAGLN2 CD52 EIF4A1 FOS HMGB2 BTG1 CALM1 GZMH VIM ZNHIT1 AES CTSC GZMA HNRNPA1 LMAN2 PSME2 ATP5B CCDC109B CRIP1 GIMAP7 MASKED_GENE HIGD2A HOPX ID2 KLRG1 LDHA LDHB LTB NOSIP PCNA PPDPF PRDX2 S100A10 TMEM126B TXNIP ANXA1 ANXA5 C16orf13 CD37,IL32 CCL5 NKG7 CD74 S100A4 FTL GNLY PPIA PSMA7 PTPRCAP STMN1 TAGLN2 CD52 EIF4A1 FOS HMGB2 BTG1 CALM1 GZMH VIM ZNHIT1 AES CTSC GZMA HNRNPA1 LMAN2 PSME2 ATP5B CCDC109B MASKED_GENE GIMAP7 GZMK HIGD2A HOPX ID2 KLRG1 LDHA LDHB LTB NOSIP PCNA PPDPF PRDX2 S100A10 TMEM126B TXNIP ANXA1 ANXA5 C16orf13 CD37
pbmc68k:GTTATGCTGTTCAG-3,GTTATGCTGTTCAG-3,3,CD8+/CD45RA+ Naive Cytotoxic,1,CD8_identity,CD3E;CD8B;IL7R;CD3D,4,3,CD3E;CD8B;IL7R,2.591;2.328;2.328,PPIA;C9orf78;LAMTOR4,2.591;2.328;2.328,FTL CCNI CD52 JUNB LDHB HNRNPA1 IFITM2 VIM BTG1 CD3E DDX5 HMHA1 MZT2B PPIA PSMA7 AP2S1 ATP5J2 C9orf78 CD8B COX7C EVL GIMAP7 GSTK1 HSP90AB1 IL7R LAMTOR4 LTB NAP1L1 NDUFA4 PRDX2 PSME2 S100A4 SNHG7 SOD1 SSU72 YWHAB ZFAS1 ANAPC16 ATP5O ATP6V0E1 C19orf43 C19orf53 C6orf48 CD27 CD37 CD3D CD40LG CD7 CLIC1 CRIP1,FTL CCNI CD52 JUNB LDHB HNRNPA1 IFITM2 VIM BTG1 MASKED_GENE DDX5 HMHA1 MZT2B PPIA PSMA7 AP2S1 ATP5J2 C9orf78 MASKED_GENE COX7C EVL GIMAP7 GSTK1 HSP90AB1 MASKED_GENE LAMTOR4 LTB NAP1L1 NDUFA4 PRDX2 PSME2 S100A4 SNHG7 SOD1 SSU72 YWHAB ZFAS1 ANAPC16 ATP5O ATP6V0E1 C19orf43 C19orf53 C6orf48 CD27 CD37 CD3D CD40LG CD7 CLIC1 CRIP1,FTL CCNI CD52 JUNB LDHB HNRNPA1 IFITM2 VIM BTG1 CD3E DDX5 HMHA1 MZT2B MASKED_GENE PSMA7 AP2S1 ATP5J2 MASKED_GENE CD8B COX7C EVL GIMAP7 GSTK1 HSP90AB1 IL7R MASKED_GENE LTB NAP1L1 NDUFA4 PRDX2 PSME2 S100A4 SNHG7 SOD1 SSU72 YWHAB ZFAS1 ANAPC16 ATP5O ATP6V0E1 C19orf43 C19orf53 C6orf48 CD27 CD37 CD3D CD40LG CD7 CLIC1 CRIP1
pbmc68k:GTTGGATGTTTGTC-3,GTTGGATGTTTGTC-3,3,CD8+ Cytotoxic T,1,CD8_identity,GZMK;CD3G;CD3D,3,3,GZMK;CD3G;CD3D,3.747;2.596;2.227,CD53;CNN2;C19orf43,3.077;2.596;2.227,PTPRCAP GZMK IL32 CD52 CD53 GIMAP7 HNRNPA1 LTB CD74 FTL GBP2 GZMA LCK NOSIP PPIA PSMB6 SRP14 TRAF3IP3 AES CALM1 CD3G CNN2 EIF4A1 GPX4 GSTK1 HLA-DPB1 LDHB LY6E NDUFA4 NDUFS5 OSTF1 PSME2 SSU72 C19orf43 C19orf53 C6orf48 CD3D CD82 COPE CSTB DDX5 EIF3G ERP29 EVL H2AFY HIGD2A HLA-DRA HLA-DRB1 ISG20 JAK1,PTPRCAP MASKED_GENE IL32 CD52 CD53 GIMAP7 HNRNPA1 LTB CD74 FTL GBP2 GZMA LCK NOSIP PPIA PSMB6 SRP14 TRAF3IP3 AES CALM1 MASKED_GENE CNN2 EIF4A1 GPX4 GSTK1 HLA-DPB1 LDHB LY6E NDUFA4 NDUFS5 OSTF1 PSME2 SSU72 C19orf43 C19orf53 C6orf48 MASKED_GENE CD82 COPE CSTB DDX5 EIF3G ERP29 EVL H2AFY HIGD2A HLA-DRA HLA-DRB1 ISG20 JAK1,PTPRCAP GZMK IL32 CD52 MASKED_GENE GIMAP7 HNRNPA1 LTB CD74 FTL GBP2 GZMA LCK NOSIP PPIA PSMB6 SRP14 TRAF3IP3 AES CALM1 CD3G MASKED_GENE EIF4A1 GPX4 GSTK1 HLA-DPB1 LDHB LY6E NDUFA4 NDUFS5 OSTF1 PSME2 SSU72 MASKED_GENE C19orf53 C6orf48 CD3D CD82 COPE CSTB DDX5 EIF3G ERP29 EVL H2AFY HIGD2A HLA-DRA HLA-DRB1 ISG20 JAK1
pbmc68k:TAATCCACGGGTGA-3,TAATCCACGGGTGA-3,3,CD8+ Cytotoxic T,1,CD8_identity,CD3D;CD3E;KLRB1,3,3,CD3D;CD3E;KLRB1,2.154;2.154;2.154,ANP32B;CD53;MZT2B,2.154;2.154;2.154,LTB FTL CD52 CCL5 NKG7 S100A4 DDX5 IL32 CALM1 GIMAP7 GNLY JUNB SRP14 IFITM2 NPM1 S100A10 BTG1 CD37 CXCR4 GZMH NEAT1 PPDPF S100A6 AES C19orf43 CCNI CCT6A FGFBP2 GPX4 IMP3 KLF6 LDHB SSR4 TXNIP VIM ANP32B CD3D CD3E CD53 COPE CTSS EIF3L EMC7 EVL GPX1 HNRNPA1 HOPX IFITM1 KLRB1 MZT2B,LTB FTL CD52 CCL5 NKG7 S100A4 DDX5 IL32 CALM1 GIMAP7 GNLY JUNB SRP14 IFITM2 NPM1 S100A10 BTG1 CD37 CXCR4 GZMH NEAT1 PPDPF S100A6 AES C19orf43 CCNI CCT6A FGFBP2 GPX4 IMP3 KLF6 LDHB SSR4 TXNIP VIM ANP32B MASKED_GENE MASKED_GENE CD53 COPE CTSS EIF3L EMC7 EVL GPX1 HNRNPA1 HOPX IFITM1 MASKED_GENE MZT2B,LTB FTL CD52 CCL5 NKG7 S100A4 DDX5 IL32 CALM1 GIMAP7 GNLY JUNB SRP14 IFITM2 NPM1 S100A10 BTG1 CD37 CXCR4 GZMH NEAT1 PPDPF S100A6 AES C19orf43 CCNI CCT6A FGFBP2 GPX4 IMP3 KLF6 LDHB SSR4 TXNIP VIM MASKED_GENE CD3D CD3E MASKED_GENE COPE CTSS EIF3L EMC7 EVL GPX1 HNRNPA1 HOPX IFITM1 KLRB1 MASKED_GENE
pbmc68k:TACGTTACCTCAAG-3,TACGTTACCTCAAG-3,3,CD56+ NK,0,NK_identity,NKG7;GNLY;GZMB;PRF1;SPON2;TYROBP;FGFBP2,7,3,NKG7;GNLY;GZMB,4.34;4.246;3.66,FTL;GIMAP7;SEPT7,3.222;3.075;3.222,NKG7 GNLY CLIC3 GZMB CCL5 JUNB PLAC8 CST7 FTL SEPT7 CD7 FCER1G GIMAP7 PTPRC CLIC1 GYPC GZMM HOPX ITGB2 NAP1L1 NDUFA2 PRF1 BTG1 IFITM2 LTB LY6E NPM1 PPIG PTPRCAP SPON2 TYROBP AES AKR1C3 C19orf43 CCL4 CD247 CD37 CD74 CTSW EFHD2 EIF3G FGFBP2 GZMA HNRNPA1 HSP90AB1 IGFBP7 IL2RB PRMT2 PSME2 RGS10,MASKED_GENE MASKED_GENE CLIC3 MASKED_GENE CCL5 JUNB PLAC8 CST7 FTL SEPT7 CD7 FCER1G GIMAP7 PTPRC CLIC1 GYPC GZMM HOPX ITGB2 NAP1L1 NDUFA2 PRF1 BTG1 IFITM2 LTB LY6E NPM1 PPIG PTPRCAP SPON2 TYROBP AES AKR1C3 C19orf43 CCL4 CD247 CD37 CD74 CTSW EFHD2 EIF3G FGFBP2 GZMA HNRNPA1 HSP90AB1 IGFBP7 IL2RB PRMT2 PSME2 RGS10,NKG7 GNLY CLIC3 GZMB CCL5 JUNB PLAC8 CST7 MASKED_GENE MASKED_GENE CD7 FCER1G MASKED_GENE PTPRC CLIC1 GYPC GZMM HOPX ITGB2 NAP1L1 NDUFA2 PRF1 BTG1 IFITM2 LTB LY6E NPM1 PPIG PTPRCAP SPON2 TYROBP AES AKR1C3 C19orf43 CCL4 CD247 CD37 CD74 CTSW EFHD2 EIF3G FGFBP2 GZMA HNRNPA1 HSP90AB1 IGFBP7 IL2RB PRMT2 PSME2 RGS10
pbmc68k:TCATCCCTCGAACT-3,TCATCCCTCGAACT-3,3,CD56+ NK,0,NK_identity,GNLY;NKG7;GZMB;SPON2;PRF1,5,3,GNLY;NKG7;GZMB,4.468;4.09;3.786,GIMAP7;FTL;ANXA1,3.025;3.199;2.813,GNLY NKG7 GZMB IFITM2 JUNB FTL SPON2 CD52 CTSW GIMAP7 S100A4 ANXA1 BTG1 CALM1 CD7 CLIC3 COX6A1 HCST HOPX ATP5O CD37 CD3D CD53 COX7C EFHD2 EIF4A2 ERP29 FCER1G GLRX GSTP1 GYPC ID2 ITGB2 LTB NDUFA4 NPM1 PRF1 SUB1 ZFP36L2 ABHD17A ALOX5AP ANAPC16 APBB1IP ATPIF1 C1orf162 C6orf48 C9orf78 CCNI CCR7 CD247,MASKED_GENE MASKED_GENE MASKED_GENE IFITM2 JUNB FTL SPON2 CD52 CTSW GIMAP7 S100A4 ANXA1 BTG1 CALM1 CD7 CLIC3 COX6A1 HCST HOPX ATP5O CD37 CD3D CD53 COX7C EFHD2 EIF4A2 ERP29 FCER1G GLRX GSTP1 GYPC ID2 ITGB2 LTB NDUFA4 NPM1 PRF1 SUB1 ZFP36L2 ABHD17A ALOX5AP ANAPC16 APBB1IP ATPIF1 C1orf162 C6orf48 C9orf78 CCNI CCR7 CD247,GNLY NKG7 GZMB IFITM2 JUNB MASKED_GENE SPON2 CD52 CTSW MASKED_GENE S100A4 MASKED_GENE BTG1 CALM1 CD7 CLIC3 COX6A1 HCST HOPX ATP5O CD37 CD3D CD53 COX7C EFHD2 EIF4A2 ERP29 FCER1G GLRX GSTP1 GYPC ID2 ITGB2 LTB NDUFA4 NPM1 PRF1 SUB1 ZFP36L2 ABHD17A ALOX5AP ANAPC16 APBB1IP ATPIF1 C1orf162 C6orf48 C9orf78 CCNI CCR7 CD247
pbmc68k:TCGGACCTTCAAGC-3,TCGGACCTTCAAGC-3,3,CD56+ NK,0,NK_identity,GNLY;NKG7;GZMB;GZMH,4,3,GNLY;NKG7;GZMB,4.503;4.235;3.278,HMGB2;FTL;ANAPC16,3.427;3.278;3.278,GNLY CCL5 NKG7 GZMA HMGB2 NUCKS1 ANAPC16 FTL GZMB PCNA GSTP1 GZMH HNRNPK NPM1 PTPRCAP S100A4 BTG1 C9orf142 CALM1 CTSW H2AFY HOPX PPDPF STMN1 TPM3 U2AF1 AES ANP32B ATP6V0E1 CD164 CD53 CST7 DDX5 DEK EID1 IFITM2 NOP10 PPIA TALDO1 TCEB2 ANXA11 ATP5B C19orf43 CAP1 CCDC167 CLIC1 COX6A1 COX7C CSTB EBP,MASKED_GENE CCL5 MASKED_GENE GZMA HMGB2 NUCKS1 ANAPC16 FTL MASKED_GENE PCNA GSTP1 GZMH HNRNPK NPM1 PTPRCAP S100A4 BTG1 C9orf142 CALM1 CTSW H2AFY HOPX PPDPF STMN1 TPM3 U2AF1 AES ANP32B ATP6V0E1 CD164 CD53 CST7 DDX5 DEK EID1 IFITM2 NOP10 PPIA TALDO1 TCEB2 ANXA11 ATP5B C19orf43 CAP1 CCDC167 CLIC1 COX6A1 COX7C CSTB EBP,GNLY CCL5 NKG7 GZMA MASKED_GENE NUCKS1 MASKED_GENE MASKED_GENE GZMB PCNA GSTP1 GZMH HNRNPK NPM1 PTPRCAP S100A4 BTG1 C9orf142 CALM1 CTSW H2AFY HOPX PPDPF STMN1 TPM3 U2AF1 AES ANP32B ATP6V0E1 CD164 CD53 CST7 DDX5 DEK EID1 IFITM2 NOP10 PPIA TALDO1 TCEB2 ANXA11 ATP5B C19orf43 CAP1 CCDC167 CLIC1 COX6A1 COX7C CSTB EBP
pbmc68k:AATCTCACGTTGGT-4,AATCTCACGTTGGT-4,4,CD56+ NK,0,NK_identity,GNLY;NKG7;GZMB;PRF1;GZMH;FGFBP2,6,3,GNLY;NKG7;GZMB,4.521;4.404;3.942,PTPRCAP;FTL;HCST,3.33;3.723;3.201,GNLY NKG7 GZMB FTL GZMA JUNB PTPRCAP CD7 CTSW HCST IFITM2 IFITM1 IGFBP7 LTB PRF1 AES BTG1 C1orf162 GYPC GZMH GZMM UPP1 ABI3 ATP5B CD53 CD63 CLIC1 HNRNPA1 LDHB PPDPF RHOC ALOX5AP ANXA1 ARPC5L ATP5J2 CALM1 CD2 CD52 COA1 CST7 DDX5 EIF4A2 FGFBP2 GSTK1 HSP90AB1 IDH3B LY6E MATK NDUFB2 PPIA,MASKED_GENE MASKED_GENE MASKED_GENE FTL GZMA JUNB PTPRCAP CD7 CTSW HCST IFITM2 IFITM1 IGFBP7 LTB PRF1 AES BTG1 C1orf162 GYPC GZMH GZMM UPP1 ABI3 ATP5B CD53 CD63 CLIC1 HNRNPA1 LDHB PPDPF RHOC ALOX5AP ANXA1 ARPC5L ATP5J2 CALM1 CD2 CD52 COA1 CST7 DDX5 EIF4A2 FGFBP2 GSTK1 HSP90AB1 IDH3B LY6E MATK NDUFB2 PPIA,GNLY NKG7 GZMB MASKED_GENE GZMA JUNB MASKED_GENE CD7 CTSW MASKED_GENE IFITM2 IFITM1 IGFBP7 LTB PRF1 AES BTG1 C1orf162 GYPC GZMH GZMM UPP1 ABI3 ATP5B CD53 CD63 CLIC1 HNRNPA1 LDHB PPDPF RHOC ALOX5AP ANXA1 ARPC5L ATP5J2 CALM1 CD2 CD52 COA1 CST7 DDX5 EIF4A2 FGFBP2 GSTK1 HSP90AB1 IDH3B LY6E MATK NDUFB2 PPIA
pbmc68k:ACGTCGCTCGTTGA-4,ACGTCGCTCGTTGA-4,4,CD8+/CD45RA+ Naive Cytotoxic,1,CD8_identity,CD3D;CD8B,2,2,CD3D;CD8B,3.169;2.059,HNRNPA1;CCR7,3.169;2.059,JUNB FTL LTB BTG1 CD3D HNRNPA1 EIF3E CD52 HIGD2A LDHB NPM1 GYPC C19orf43 C6orf48 COX7C FOS HSP90AB1 IFITM1 IL32 NOSIP S100B CALM1 CARS CD7 DDX5 EIF3L GIMAP7 LY6E NDFIP1 NDUFA4 POLD4 PPIA PRDX2 TRAF3IP3 VIM AES ANAPC16 ATP5O C1orf228 C9orf142 CCR7 CD27 CD8B ERP29 GPX4 HNRNPK IFITM2 NAP1L1 NDUFA11 PNISR,JUNB FTL LTB BTG1 MASKED_GENE HNRNPA1 EIF3E CD52 HIGD2A LDHB NPM1 GYPC C19orf43 C6orf48 COX7C FOS HSP90AB1 IFITM1 IL32 NOSIP S100B CALM1 CARS CD7 DDX5 EIF3L GIMAP7 LY6E NDFIP1 NDUFA4 POLD4 PPIA PRDX2 TRAF3IP3 VIM AES ANAPC16 ATP5O C1orf228 C9orf142 CCR7 CD27 MASKED_GENE ERP29 GPX4 HNRNPK IFITM2 NAP1L1 NDUFA11 PNISR,JUNB FTL LTB BTG1 CD3D MASKED_GENE EIF3E CD52 HIGD2A LDHB NPM1 GYPC C19orf43 C6orf48 COX7C FOS HSP90AB1 IFITM1 IL32 NOSIP S100B CALM1 CARS CD7 DDX5 EIF3L GIMAP7 LY6E NDFIP1 NDUFA4 POLD4 PPIA PRDX2 TRAF3IP3 VIM AES ANAPC16 ATP5O C1orf228 C9orf142 MASKED_GENE CD27 CD8B ERP29 GPX4 HNRNPK IFITM2 NAP1L1 NDUFA11 PNISR
pbmc68k:ACGTTTACTGCTAG-4,ACGTTTACTGCTAG-4,4,CD8+/CD45RA+ Naive Cytotoxic,1,CD8_identity,CD3E;CD3D,2,2,CD3E;CD3D,3.031;2.246,ISCU;AES,3.031;2.507,FTL BTG1 LTB NPM1 JUNB HNRNPA1 CD3E IL32 ISCU LDHB S100A4 IFITM2 CCL5 EIF4A2 GPX1 NAP1L1 SSR4 AES FOS LCK NOSIP PTPRCAP TOMM7 VIM ANKRD12 C19orf53 C6orf48 CD27 CD3D CD52 CLIC1 DDX5 EIF3D ERP29 GSTK1 GZMM ID2 LAT NECAP2 PPDPF TAGLN2 TLN1 AHSA1 ARF6 ATP6V0E1 C19orf43 CALM1 CD53 CD74 COX7C,FTL BTG1 LTB NPM1 JUNB HNRNPA1 MASKED_GENE IL32 ISCU LDHB S100A4 IFITM2 CCL5 EIF4A2 GPX1 NAP1L1 SSR4 AES FOS LCK NOSIP PTPRCAP TOMM7 VIM ANKRD12 C19orf53 C6orf48 CD27 MASKED_GENE CD52 CLIC1 DDX5 EIF3D ERP29 GSTK1 GZMM ID2 LAT NECAP2 PPDPF TAGLN2 TLN1 AHSA1 ARF6 ATP6V0E1 C19orf43 CALM1 CD53 CD74 COX7C,FTL BTG1 LTB NPM1 JUNB HNRNPA1 CD3E IL32 MASKED_GENE LDHB S100A4 IFITM2 CCL5 EIF4A2 GPX1 NAP1L1 SSR4 MASKED_GENE FOS LCK NOSIP PTPRCAP TOMM7 VIM ANKRD12 C19orf53 C6orf48 CD27 CD3D CD52 CLIC1 DDX5 EIF3D ERP29 GSTK1 GZMM ID2 LAT NECAP2 PPDPF TAGLN2 TLN1 AHSA1 ARF6 ATP6V0E1 C19orf43 CALM1 CD53 CD74 COX7C
pbmc68k:ATACCGGATCCGAA-4,ATACCGGATCCGAA-4,4,CD56+ NK,0,NK_identity,GNLY;NKG7;GZMB;GZMH,4,3,GNLY;NKG7;GZMB,4.099;3.731;2.761,PPIA;FTL;ATP5O,2.971;3.816;2.494,GNLY FTL NKG7 BTG1 JUNB CALM1 GZMA LDHB FCER1G GGNBP2 NDUFA11 NPM1 PPIA C1orf162 C6orf48 CD52 CD7 CD8B GZMB HNRNPA1 MZT2B PLAC8 ATP5O CLIC1 CLIC3 DDX5 GIMAP7 GSTP1 GYPC GZMH HNRNPDL IFITM2 IL2RG ITGB2 LY6E OST4 SAMD3 TAGLN2 TCEAL8 AES ANXA5 ATP6V0E1 ATP6V1G1 BFAR C19orf43 CAP1 CD37 CD63 COPE EID1,MASKED_GENE FTL MASKED_GENE BTG1 JUNB CALM1 GZMA LDHB FCER1G GGNBP2 NDUFA11 NPM1 PPIA C1orf162 C6orf48 CD52 CD7 CD8B MASKED_GENE HNRNPA1 MZT2B PLAC8 ATP5O CLIC1 CLIC3 DDX5 GIMAP7 GSTP1 GYPC GZMH HNRNPDL IFITM2 IL2RG ITGB2 LY6E OST4 SAMD3 TAGLN2 TCEAL8 AES ANXA5 ATP6V0E1 ATP6V1G1 BFAR C19orf43 CAP1 CD37 CD63 COPE EID1,GNLY MASKED_GENE NKG7 BTG1 JUNB CALM1 GZMA LDHB FCER1G GGNBP2 NDUFA11 NPM1 MASKED_GENE C1orf162 C6orf48 CD52 CD7 CD8B GZMB HNRNPA1 MZT2B PLAC8 MASKED_GENE CLIC1 CLIC3 DDX5 GIMAP7 GSTP1 GYPC GZMH HNRNPDL IFITM2 IL2RG ITGB2 LY6E OST4 SAMD3 TAGLN2 TCEAL8 AES ANXA5 ATP6V0E1 ATP6V1G1 BFAR C19orf43 CAP1 CD37 CD63 COPE EID1
pbmc68k:ATGAGAGAATCTCT-4,ATGAGAGAATCTCT-4,4,CD56+ NK,0,NK_identity,GNLY;GZMB;NKG7;GZMH;SPON2;FGFBP2,6,3,GNLY;GZMB;NKG7,5.006;4.38;4.188,ANXA1;ATP5O;PTPRCAP,3.361;3.51;3.64,GNLY GZMB CCL5 NKG7 CTSW PTPRCAP ATP5O HOPX ANXA1 CST7 GZMA ARPC5L CLIC3 GZMH PSME2 APMAP CALM1 CALM3 CD74 DDX5 HMGB2 IFITM2 LDHA LDHB LSM4 PPIA SPON2 SUMO2 AP2S1 C19orf53 CD7 EIF4A1 FGFBP2 GSTP1 IGFBP7 IL2RB MIEN1 RHOC SRP14 SSR4 STMN1 TPM3 ALOX5AP ATP5B BID C9orf142 CCT3 CD300A CD63 DYNLRB1,MASKED_GENE MASKED_GENE CCL5 MASKED_GENE CTSW PTPRCAP ATP5O HOPX ANXA1 CST7 GZMA ARPC5L CLIC3 GZMH PSME2 APMAP CALM1 CALM3 CD74 DDX5 HMGB2 IFITM2 LDHA LDHB LSM4 PPIA SPON2 SUMO2 AP2S1 C19orf53 CD7 EIF4A1 FGFBP2 GSTP1 IGFBP7 IL2RB MIEN1 RHOC SRP14 SSR4 STMN1 TPM3 ALOX5AP ATP5B BID C9orf142 CCT3 CD300A CD63 DYNLRB1,GNLY GZMB CCL5 NKG7 CTSW MASKED_GENE MASKED_GENE HOPX MASKED_GENE CST7 GZMA ARPC5L CLIC3 GZMH PSME2 APMAP CALM1 CALM3 CD74 DDX5 HMGB2 IFITM2 LDHA LDHB LSM4 PPIA SPON2 SUMO2 AP2S1 C19orf53 CD7 EIF4A1 FGFBP2 GSTP1 IGFBP7 IL2RB MIEN1 RHOC SRP14 SSR4 STMN1 TPM3 ALOX5AP ATP5B BID C9orf142 CCT3 CD300A CD63 DYNLRB1
pbmc68k:ATGCGCCTTCCGTC-4,ATGCGCCTTCCGTC-4,4,CD8+ Cytotoxic T,1,CD8_identity,CD3D;CD8B,2,2,CD3D;CD8B,2.807;2.172,EIF4A1;CAPN2,2.807;2.172,NKG7 GNLY IL32 PTPRCAP FTL LTB IFITM2 CTSW FCER1G IFITM1 PSMC5 CD3D CD52 CLIC1 EIF4A1 GZMA GZMB HCST NDUFB10 PPIA S100A6 SRGN TKT ANXA1 CALM1 CALM3 CD63 CD7 DENND2D GZMH GZMM HOPX LAMTOR1 LAMTOR4 LDHB MIF OST4 PLAC8 POLR2G PRF1 PSMA7 SUB1 ADD3 AGTRAP CAP1 CAPN2 CD27 CD37 CD74 CD8B,NKG7 GNLY IL32 PTPRCAP FTL LTB IFITM2 CTSW FCER1G IFITM1 PSMC5 MASKED_GENE CD52 CLIC1 EIF4A1 GZMA GZMB HCST NDUFB10 PPIA S100A6 SRGN TKT ANXA1 CALM1 CALM3 CD63 CD7 DENND2D GZMH GZMM HOPX LAMTOR1 LAMTOR4 LDHB MIF OST4 PLAC8 POLR2G PRF1 PSMA7 SUB1 ADD3 AGTRAP CAP1 CAPN2 CD27 CD37 CD74 MASKED_GENE,NKG7 GNLY IL32 PTPRCAP FTL LTB IFITM2 CTSW FCER1G IFITM1 PSMC5 CD3D CD52 CLIC1 MASKED_GENE GZMA GZMB HCST NDUFB10 PPIA S100A6 SRGN TKT ANXA1 CALM1 CALM3 CD63 CD7 DENND2D GZMH GZMM HOPX LAMTOR1 LAMTOR4 LDHB MIF OST4 PLAC8 POLR2G PRF1 PSMA7 SUB1 ADD3 AGTRAP CAP1 MASKED_GENE CD27 CD37 CD74 CD8B
pbmc68k:CCTAGAGATACAGC-4,CCTAGAGATACAGC-4,4,CD56+ NK,0,NK_identity,GNLY;NKG7;GZMB;FCGR3A,4,3,GNLY;NKG7;GZMB,4.769;4.239;3.778,PPIA;HNRNPA1;STMN1,3.169;3.041;3.041,GNLY NKG7 GZMB CCL5 GZMA GSTP1 NPM1 PPIA CLIC1 FTL HNRNPA1 STMN1 CTSC LDHA LTB CTSW EIF4A1 PARK7 PCNA PTPRCAP S100A4 U2AF1 BTG1 C19orf53 CALM1 GSTK1 GZMM HOPX JUNB PPDPF PSME2 S100A10 S100A6 SRGN VIM YWHAB ATP5B CD164 CD52 CD7 CD74 COX6A1 CST7 EVL FCGR3A GPX4 HMGB2 HNRNPF IDH2 IFITM2,MASKED_GENE MASKED_GENE MASKED_GENE CCL5 GZMA GSTP1 NPM1 PPIA CLIC1 FTL HNRNPA1 STMN1 CTSC LDHA LTB CTSW EIF4A1 PARK7 PCNA PTPRCAP S100A4 U2AF1 BTG1 C19orf53 CALM1 GSTK1 GZMM HOPX JUNB PPDPF PSME2 S100A10 S100A6 SRGN VIM YWHAB ATP5B CD164 CD52 CD7 CD74 COX6A1 CST7 EVL FCGR3A GPX4 HMGB2 HNRNPF IDH2 IFITM2,GNLY NKG7 GZMB CCL5 GZMA GSTP1 NPM1 MASKED_GENE CLIC1 FTL MASKED_GENE MASKED_GENE CTSC LDHA LTB CTSW EIF4A1 PARK7 PCNA PTPRCAP S100A4 U2AF1 BTG1 C19orf53 CALM1 GSTK1 GZMM HOPX JUNB PPDPF PSME2 S100A10 S100A6 SRGN VIM YWHAB ATP5B CD164 CD52 CD7 CD74 COX6A1 CST7 EVL FCGR3A GPX4 HMGB2 HNRNPF IDH2 IFITM2
pbmc68k:CGGCACGAAGCTCA-4,CGGCACGAAGCTCA-4,4,CD8+ Cytotoxic T,1,CD8_identity,GZMK,1,1,GZMK,2.539,HCST,2.539,LTB CCL5 IL32 CD52 HNRNPA1 NPM1 BTG1 FTL NKG7 VIM CCNI CD74 HSP90AB1 IFITM2 S100A10 S100A6 ARL6IP5 JUNB PPIA PSME2 TOMM7 ANXA5 EIF4A2 GNLY GZMK HCST HLA-DRA HLA-DRB1 KLRG1 LAT LDHB PLAC8 PTPRCAP S100A4 AP2S1 ATP5O ATP6V0E1 C19orf53 CLIC1 DDX5 EIF3I FYB GYPC GZMM HLA-DPA1 HLA-DPB1 HLA-DQA1 IL2RG ISCU ISG20,LTB CCL5 IL32 CD52 HNRNPA1 NPM1 BTG1 FTL NKG7 VIM CCNI CD74 HSP90AB1 IFITM2 S100A10 S100A6 ARL6IP5 JUNB PPIA PSME2 TOMM7 ANXA5 EIF4A2 GNLY MASKED_GENE HCST HLA-DRA HLA-DRB1 KLRG1 LAT LDHB PLAC8 PTPRCAP S100A4 AP2S1 ATP5O ATP6V0E1 C19orf53 CLIC1 DDX5 EIF3I FYB GYPC GZMM HLA-DPA1 HLA-DPB1 HLA-DQA1 IL2RG ISCU ISG20,LTB CCL5 IL32 CD52 HNRNPA1 NPM1 BTG1 FTL NKG7 VIM CCNI CD74 HSP90AB1 IFITM2 S100A10 S100A6 ARL6IP5 JUNB PPIA PSME2 TOMM7 ANXA5 EIF4A2 GNLY GZMK MASKED_GENE HLA-DRA HLA-DRB1 KLRG1 LAT LDHB PLAC8 PTPRCAP S100A4 AP2S1 ATP5O ATP6V0E1 C19orf53 CLIC1 DDX5 EIF3I FYB GYPC GZMM HLA-DPA1 HLA-DPB1 HLA-DQA1 IL2RG ISCU ISG20
pbmc68k:CTGACCACCATGGT-4,CTGACCACCATGGT-4,4,CD8+/CD45RA+ Naive Cytotoxic,1,CD8_identity,CD3D,1,1,CD3D,2.621,GIMAP7,2.764,LTB S100A4 CD52 IL32 VIM NOSIP S100A6 AES PTPRCAP FTL HNRNPA1 NPM1 GIMAP7 ITM2A LDHB CD3D EIF4A1 HIGD2A RGS10 ZFAS1 APH1A ATP5B COX7C GPX1 GYPC MIF NSA2 PARK7 PPA1 TCEB2 BTG1 CCDC109B CD27 CD53 COPE COX16 ERP29 IFITM2 JUNB NDUFA2 NHP2 S100A10 SP110 SRP14 TAGLN2 YWHAB ANP32B ARF6 ATP5J2 ATP5O,LTB S100A4 CD52 IL32 VIM NOSIP S100A6 AES PTPRCAP FTL HNRNPA1 NPM1 GIMAP7 ITM2A LDHB MASKED_GENE EIF4A1 HIGD2A RGS10 ZFAS1 APH1A ATP5B COX7C GPX1 GYPC MIF NSA2 PARK7 PPA1 TCEB2 BTG1 CCDC109B CD27 CD53 COPE COX16 ERP29 IFITM2 JUNB NDUFA2 NHP2 S100A10 SP110 SRP14 TAGLN2 YWHAB ANP32B ARF6 ATP5J2 ATP5O,LTB S100A4 CD52 IL32 VIM NOSIP S100A6 AES PTPRCAP FTL HNRNPA1 NPM1 MASKED_GENE ITM2A LDHB CD3D EIF4A1 HIGD2A RGS10 ZFAS1 APH1A ATP5B COX7C GPX1 GYPC MIF NSA2 PARK7 PPA1 TCEB2 BTG1 CCDC109B CD27 CD53 COPE COX16 ERP29 IFITM2 JUNB NDUFA2 NHP2 S100A10 SP110 SRP14 TAGLN2 YWHAB ANP32B ARF6 ATP5J2 ATP5O
pbmc68k:CTGAGAACTGGATC-4,CTGAGAACTGGATC-4,4,CD8+/CD45RA+ Naive Cytotoxic,1,CD8_identity,CD3D,1,1,CD3D,2.665,AES,2.665,JUNB FTL S100A4 LTB TAGLN2 VIM LDHB S100A6 GSTK1 NOSIP PSMA7 S100A10 CALM1 CD52 GYPC PTPRCAP EIF3I NPM1 YWHAB AES ANXA1 CD3D DDX5 EIF3D HIGD2A PRDX2 RNASET2 SAP18 SSR4 ABI1 BTG1 CCDC109B CLIC1 DUSP2 EIF4A1 EIF4A2 GIMAP7 IFITM2 IL32 NDUFB11 OST4 PKM PPDPF PSME2 RWDD1 SOD1 SRP14 TMBIM6 ZFP36L2 ATP5O,JUNB FTL S100A4 LTB TAGLN2 VIM LDHB S100A6 GSTK1 NOSIP PSMA7 S100A10 CALM1 CD52 GYPC PTPRCAP EIF3I NPM1 YWHAB AES ANXA1 MASKED_GENE DDX5 EIF3D HIGD2A PRDX2 RNASET2 SAP18 SSR4 ABI1 BTG1 CCDC109B CLIC1 DUSP2 EIF4A1 EIF4A2 GIMAP7 IFITM2 IL32 NDUFB11 OST4 PKM PPDPF PSME2 RWDD1 SOD1 SRP14 TMBIM6 ZFP36L2 ATP5O,JUNB FTL S100A4 LTB TAGLN2 VIM LDHB S100A6 GSTK1 NOSIP PSMA7 S100A10 CALM1 CD52 GYPC PTPRCAP EIF3I NPM1 YWHAB MASKED_GENE ANXA1 CD3D DDX5 EIF3D HIGD2A PRDX2 RNASET2 SAP18 SSR4 ABI1 BTG1 CCDC109B CLIC1 DUSP2 EIF4A1 EIF4A2 GIMAP7 IFITM2 IL32 NDUFB11 OST4 PKM PPDPF PSME2 RWDD1 SOD1 SRP14 TMBIM6 ZFP36L2 ATP5O
pbmc68k:GAGATAGAGCTGAT-4,GAGATAGAGCTGAT-4,4,CD8+/CD45RA+ Naive Cytotoxic,1,CD8_identity,CD3D,1,1,CD3D,3.571,HNRNPA1,3.571,HMGB2 VIM CD3D HNRNPA1 CD52 S100A6 LDHB S100A4 AP2S1 HMGA1 PPP1CC GPX1 NOSIP PPIA STMN1 AES ARF6 EIF1B HMHA1 S100A10 YWHAB ATP5B ATPIF1 BTG1 CD27 COX6A1 CUTA DDX39A FYB LAT NAP1L1 NDUFA2 NDUFB11 POLD4 PRDX1 PRKCQ-AS1 PTPRCAP RGS10 SEPT7 SRP14 SYPL1 TCEB2 AHSA1 ATP5J2 CALM3 CD63 CD7 CLIC1 CNN2 COX7C,HMGB2 VIM MASKED_GENE HNRNPA1 CD52 S100A6 LDHB S100A4 AP2S1 HMGA1 PPP1CC GPX1 NOSIP PPIA STMN1 AES ARF6 EIF1B HMHA1 S100A10 YWHAB ATP5B ATPIF1 BTG1 CD27 COX6A1 CUTA DDX39A FYB LAT NAP1L1 NDUFA2 NDUFB11 POLD4 PRDX1 PRKCQ-AS1 PTPRCAP RGS10 SEPT7 SRP14 SYPL1 TCEB2 AHSA1 ATP5J2 CALM3 CD63 CD7 CLIC1 CNN2 COX7C,HMGB2 VIM CD3D MASKED_GENE CD52 S100A6 LDHB S100A4 AP2S1 HMGA1 PPP1CC GPX1 NOSIP PPIA STMN1 AES ARF6 EIF1B HMHA1 S100A10 YWHAB ATP5B ATPIF1 BTG1 CD27 COX6A1 CUTA DDX39A FYB LAT NAP1L1 NDUFA2 NDUFB11 POLD4 PRDX1 PRKCQ-AS1 PTPRCAP RGS10 SEPT7 SRP14 SYPL1 TCEB2 AHSA1 ATP5J2 CALM3 CD63 CD7 CLIC1 CNN2 COX7C
pbmc68k:GCCTGACTAGCATC-4,GCCTGACTAGCATC-4,4,CD56+ NK,0,NK_identity,GNLY;NKG7;GZMB;GZMH,4,3,GNLY;NKG7;GZMB,3.926;3.811;2.695,GIMAP7;FTL;EIF3L,3.747;3.354;2.866,GNLY NKG7 GIMAP7 JUNB FTL BTG1 LTB LDHB CD7 EIF3L PPDPF AES CD3E CD52 DDX5 GZMB HNRNPA1 NAP1L1 NPM1 PTPRCAP CD27 CD3D CLIC3 EIF3G GZMA GZMH MZT2B OST4 PPP2R5C PTPRC TOMM7 AKR1C3 ATP5O ATP6V0E1 C19orf43 C19orf53 CCNI CD37 CD3G CLIC1 COMT CST7 DYNLRB1 EIF4A1 ERP29 FLT3LG GLRX GYPC GZMM HCST,MASKED_GENE MASKED_GENE GIMAP7 JUNB FTL BTG1 LTB LDHB CD7 EIF3L PPDPF AES CD3E CD52 DDX5 MASKED_GENE HNRNPA1 NAP1L1 NPM1 PTPRCAP CD27 CD3D CLIC3 EIF3G GZMA GZMH MZT2B OST4 PPP2R5C PTPRC TOMM7 AKR1C3 ATP5O ATP6V0E1 C19orf43 C19orf53 CCNI CD37 CD3G CLIC1 COMT CST7 DYNLRB1 EIF4A1 ERP29 FLT3LG GLRX GYPC GZMM HCST,GNLY NKG7 MASKED_GENE JUNB MASKED_GENE BTG1 LTB LDHB CD7 MASKED_GENE PPDPF AES CD3E CD52 DDX5 GZMB HNRNPA1 NAP1L1 NPM1 PTPRCAP CD27 CD3D CLIC3 EIF3G GZMA GZMH MZT2B OST4 PPP2R5C PTPRC TOMM7 AKR1C3 ATP5O ATP6V0E1 C19orf43 C19orf53 CCNI CD37 CD3G CLIC1 COMT CST7 DYNLRB1 EIF4A1 ERP29 FLT3LG GLRX GYPC GZMM HCST
pbmc68k:GGACTATGCTCTAT-4,GGACTATGCTCTAT-4,4,CD8+/CD45RA+ Naive Cytotoxic,1,CD8_identity,CD3D;CD247,2,2,CD3D;CD247,2.817;1.987,GIMAP7;C9orf78,2.99;1.987,CD74 FTL HLA-DRA JUNB NPM1 BTG1 CD37 CD52 LTB GIMAP7 HLA-DRB1 PTPRCAP CD27 CD3D RNASET2 TRAM1 ATP6V1G1 CD7 CD79A GYPC HCST HNRNPA1 ID2 IL32 LDHB NOSIP PLP2 TBC1D10C CCNI CD79B DDX5 EIF3L GABARAPL2 HLA-DMA MIEN1 POLD4 PPDPF PPIA PSME2 S1PR4 SRP14 TOMM7 AES ANAPC16 ANP32B APEX1 C6orf48 C9orf78 CD247 CLIC1,CD74 FTL HLA-DRA JUNB NPM1 BTG1 CD37 CD52 LTB GIMAP7 HLA-DRB1 PTPRCAP CD27 MASKED_GENE RNASET2 TRAM1 ATP6V1G1 CD7 CD79A GYPC HCST HNRNPA1 ID2 IL32 LDHB NOSIP PLP2 TBC1D10C CCNI CD79B DDX5 EIF3L GABARAPL2 HLA-DMA MIEN1 POLD4 PPDPF PPIA PSME2 S1PR4 SRP14 TOMM7 AES ANAPC16 ANP32B APEX1 C6orf48 C9orf78 MASKED_GENE CLIC1,CD74 FTL HLA-DRA JUNB NPM1 BTG1 CD37 CD52 LTB MASKED_GENE HLA-DRB1 PTPRCAP CD27 CD3D RNASET2 TRAM1 ATP6V1G1 CD7 CD79A GYPC HCST HNRNPA1 ID2 IL32 LDHB NOSIP PLP2 TBC1D10C CCNI CD79B DDX5 EIF3L GABARAPL2 HLA-DMA MIEN1 POLD4 PPDPF PPIA PSME2 S1PR4 SRP14 TOMM7 AES ANAPC16 ANP32B APEX1 C6orf48 MASKED_GENE CD247 CLIC1
pbmc68k:TGCAAGTGCTGTCC-4,TGCAAGTGCTGTCC-4,4,CD56+ NK,0,NK_identity,NKG7;GNLY,2,2,NKG7;GNLY,3.708;3.428,FTL;HNRNPA1,3.428;3.314,NKG7 BTG1 FOS FTL GNLY HNRNPA1 PTPRCAP LTB NPM1 VIM CLIC3 CD63 CD7 COX7C CTSW EIF3G FCER1G GCHFR GIMAP7 IL2RG JUNB NOSIP OST4 PPDPF SRP14 AES BID CD37 CD3E CD52 HIGD2A ID2 IFITM2 IL32 MZT2B TRAF3IP3 ANP32B ARF6 BLOC1S4 C19orf43 C1orf162 C9orf142 CALM1 CCT6A CD3D CD74 CHCHD10 CLIC1 DNAJB1 EIF3E,MASKED_GENE BTG1 FOS FTL MASKED_GENE HNRNPA1 PTPRCAP LTB NPM1 VIM CLIC3 CD63 CD7 COX7C CTSW EIF3G FCER1G GCHFR GIMAP7 IL2RG JUNB NOSIP OST4 PPDPF SRP14 AES BID CD37 CD3E CD52 HIGD2A ID2 IFITM2 IL32 MZT2B TRAF3IP3 ANP32B ARF6 BLOC1S4 C19orf43 C1orf162 C9orf142 CALM1 CCT6A CD3D CD74 CHCHD10 CLIC1 DNAJB1 EIF3E,NKG7 BTG1 FOS MASKED_GENE GNLY MASKED_GENE PTPRCAP LTB NPM1 VIM CLIC3 CD63 CD7 COX7C CTSW EIF3G FCER1G GCHFR GIMAP7 IL2RG JUNB NOSIP OST4 PPDPF SRP14 AES BID CD37 CD3E CD52 HIGD2A ID2 IFITM2 IL32 MZT2B TRAF3IP3 ANP32B ARF6 BLOC1S4 C19orf43 C1orf162 C9orf142 CALM1 CCT6A CD3D CD74 CHCHD10 CLIC1 DNAJB1 EIF3E
pbmc68k:TTATGCACAATCGC-4,TTATGCACAATCGC-4,4,CD8+ Cytotoxic T,1,CD8_identity,CD3D;CD3E;IL7R,3,3,CD3D;CD3E;IL7R,3.155;3.008;2.363,PTPRCAP;ANAPC16;NEDD8,3.155;3.008;2.363,GNLY CCL5 CD52 GZMB NKG7 S100A4 FTL PRF1 IL32 JUNB CD3D GZMH LTB PTPRCAP ANAPC16 CD3E GZMA ID2 S100A6 CTSW FCGR3A GYPC YWHAB ANXA1 BTG1 C19orf24 CAP1 CLIC1 CNN2 CORO1B DDX5 GSTK1 LDHB PPDPF S100A10 TAGLN2 VIM ANXA5 CALM1 CD63 EVL HCST IFITM2 IL7R LY6E NEDD8 PARK7 PLAC8 PSME2 RAB7A,GNLY CCL5 CD52 GZMB NKG7 S100A4 FTL PRF1 IL32 JUNB MASKED_GENE GZMH LTB PTPRCAP ANAPC16 MASKED_GENE GZMA ID2 S100A6 CTSW FCGR3A GYPC YWHAB ANXA1 BTG1 C19orf24 CAP1 CLIC1 CNN2 CORO1B DDX5 GSTK1 LDHB PPDPF S100A10 TAGLN2 VIM ANXA5 CALM1 CD63 EVL HCST IFITM2 MASKED_GENE LY6E NEDD8 PARK7 PLAC8 PSME2 RAB7A,GNLY CCL5 CD52 GZMB NKG7 S100A4 FTL PRF1 IL32 JUNB CD3D GZMH LTB MASKED_GENE MASKED_GENE CD3E GZMA ID2 S100A6 CTSW FCGR3A GYPC YWHAB ANXA1 BTG1 C19orf24 CAP1 CLIC1 CNN2 CORO1B DDX5 GSTK1 LDHB PPDPF S100A10 TAGLN2 VIM ANXA5 CALM1 CD63 EVL HCST IFITM2 IL7R LY6E MASKED_GENE PARK7 PLAC8 PSME2 RAB7A
pbmc68k:AATATCGAAAGGCG-5,AATATCGAAAGGCG-5,5,CD8+ Cytotoxic T,1,CD8_identity,CD3D,1,1,CD3D,2.812,SRP14,3.023,S100A4 IL32 CALM1 CCL5 FTL BTG1 GNLY PPDPF VIM ANXA1 CD74 HNRNPA1 NKG7 PTPRCAP SRP14 CD3D FGFBP2 GZMH HCST HIGD2A LDHB PPIA S100A6 ARF6 C19orf43 CD52 CD7 CTSW GIMAP7 GZMA IFITM2 IGBP1 ILF3-AS1 IMP3 LTB LY6E PPP2R5C PRDX2 TOMM7 AES ATXN7L3B C19orf24 C20orf27 C9orf142 COPE COX14 DDX5 DTD1 DUSP2 EIF3G,S100A4 IL32 CALM1 CCL5 FTL BTG1 GNLY PPDPF VIM ANXA1 CD74 HNRNPA1 NKG7 PTPRCAP SRP14 MASKED_GENE FGFBP2 GZMH HCST HIGD2A LDHB PPIA S100A6 ARF6 C19orf43 CD52 CD7 CTSW GIMAP7 GZMA IFITM2 IGBP1 ILF3-AS1 IMP3 LTB LY6E PPP2R5C PRDX2 TOMM7 AES ATXN7L3B C19orf24 C20orf27 C9orf142 COPE COX14 DDX5 DTD1 DUSP2 EIF3G,S100A4 IL32 CALM1 CCL5 FTL BTG1 GNLY PPDPF VIM ANXA1 CD74 HNRNPA1 NKG7 PTPRCAP MASKED_GENE CD3D FGFBP2 GZMH HCST HIGD2A LDHB PPIA S100A6 ARF6 C19orf43 CD52 CD7 CTSW GIMAP7 GZMA IFITM2 IGBP1 ILF3-AS1 IMP3 LTB LY6E PPP2R5C PRDX2 TOMM7 AES ATXN7L3B C19orf24 C20orf27 C9orf142 COPE COX14 DDX5 DTD1 DUSP2 EIF3G
pbmc68k:ACCTTTGAGGATTC-5,ACCTTTGAGGATTC-5,5,CD8+ Cytotoxic T,1,CD8_identity,GZMK;CD247,2,2,GZMK;CD247,2.796;2.588,C19orf53;CTSD,2.796;2.588,FTL LTB NKG7 CCL5 NPM1 JUNB FCER1G C9orf142 CD7 DDX5 GNLY C19orf53 GZMK HCST PTPRCAP BTG1 C19orf43 CALM1 CD247 CST7 CTSD EIF3I GABARAPL2 GIMAP7 GZMB IFITM2 MATK NUCB2 RAB7A STK17A YWHAB ZNF428 ARL6IP5 CD37 CD53 CLIC3 EID1 FOS GSTK1 IL32 JAK1 LSMD1 NDUFB7 NEDD8 PARK7 PSMB6 SCP2 SOD1 TOMM7 TXNIP,FTL LTB NKG7 CCL5 NPM1 JUNB FCER1G C9orf142 CD7 DDX5 GNLY C19orf53 MASKED_GENE HCST PTPRCAP BTG1 C19orf43 CALM1 MASKED_GENE CST7 CTSD EIF3I GABARAPL2 GIMAP7 GZMB IFITM2 MATK NUCB2 RAB7A STK17A YWHAB ZNF428 ARL6IP5 CD37 CD53 CLIC3 EID1 FOS GSTK1 IL32 JAK1 LSMD1 NDUFB7 NEDD8 PARK7 PSMB6 SCP2 SOD1 TOMM7 TXNIP,FTL LTB NKG7 CCL5 NPM1 JUNB FCER1G C9orf142 CD7 DDX5 GNLY MASKED_GENE GZMK HCST PTPRCAP BTG1 C19orf43 CALM1 CD247 CST7 MASKED_GENE EIF3I GABARAPL2 GIMAP7 GZMB IFITM2 MATK NUCB2 RAB7A STK17A YWHAB ZNF428 ARL6IP5 CD37 CD53 CLIC3 EID1 FOS GSTK1 IL32 JAK1 LSMD1 NDUFB7 NEDD8 PARK7 PSMB6 SCP2 SOD1 TOMM7 TXNIP
pbmc68k:ACTTAAGACTACCC-5,ACTTAAGACTACCC-5,5,CD8+ Cytotoxic T,1,CD8_identity,CD3D;CD3G;CD3E,3,3,CD3D;CD3G;CD3E,2.686;2.686;2.421,S100A4;CD53;GIMAP7,3.069;2.686;2.421,CCL5 GNLY IL32 CD52 LDHB COMMD3 FTL NKG7 S100A4 CST7 PTPRCAP CD3D CD3G CD53 CD7 CLIC1 EIF4A2 GZMB HCST LTB PARK7 S100A6 TXNIP APH1A BTG1 CD3E COX7C CXCR4 GIMAP7 GZMA HLA-DRB5 HNRNPA1 HNRNPK ICAM3 LY6E LYAR MTDH NDUFB10 PPIB PSME2 PTPRC SEC62 SEPT7 TBC1D10C AES ANP32B ANXA1 ARL6IP5 ARPC5L ATP5B,CCL5 GNLY IL32 CD52 LDHB COMMD3 FTL NKG7 S100A4 CST7 PTPRCAP MASKED_GENE MASKED_GENE CD53 CD7 CLIC1 EIF4A2 GZMB HCST LTB PARK7 S100A6 TXNIP APH1A BTG1 MASKED_GENE COX7C CXCR4 GIMAP7 GZMA HLA-DRB5 HNRNPA1 HNRNPK ICAM3 LY6E LYAR MTDH NDUFB10 PPIB PSME2 PTPRC SEC62 SEPT7 TBC1D10C AES ANP32B ANXA1 ARL6IP5 ARPC5L ATP5B,CCL5 GNLY IL32 CD52 LDHB COMMD3 FTL NKG7 MASKED_GENE CST7 PTPRCAP CD3D CD3G MASKED_GENE CD7 CLIC1 EIF4A2 GZMB HCST LTB PARK7 S100A6 TXNIP APH1A BTG1 CD3E COX7C CXCR4 MASKED_GENE GZMA HLA-DRB5 HNRNPA1 HNRNPK ICAM3 LY6E LYAR MTDH NDUFB10 PPIB PSME2 PTPRC SEC62 SEPT7 TBC1D10C AES ANP32B ANXA1 ARL6IP5 ARPC5L ATP5B
pbmc68k:CACTTTGACTCAAG-5,CACTTTGACTCAAG-5,5,CD8+ Cytotoxic T,1,CD8_identity,GZMK,1,1,GZMK,3.071,HMGB2,3.071,CCL5 VIM IL32 SEPT7 STMN1 GZMA FTL COX6A1 NKG7 PPIA S100A4 GNLY GZMK HMGB2 CALM1 CTSW EIF4A1 HNRNPA1 JUNB NDUFA4 BTG1 HOPX NAP1L1 NPM1 PPDPF S100A6 ANP32B ANXA1 ANXA5 ATP6V0E1 C19orf43 CD52 CD74 COPE CRIP1 DGCR6L DUSP2 EID1 GPX4 GZMH H1FX H2AFY LDHB NDUFS5 PKM PRDX2 PRF1 PSME2 SOD1 SRP14,CCL5 VIM IL32 SEPT7 STMN1 GZMA FTL COX6A1 NKG7 PPIA S100A4 GNLY MASKED_GENE HMGB2 CALM1 CTSW EIF4A1 HNRNPA1 JUNB NDUFA4 BTG1 HOPX NAP1L1 NPM1 PPDPF S100A6 ANP32B ANXA1 ANXA5 ATP6V0E1 C19orf43 CD52 CD74 COPE CRIP1 DGCR6L DUSP2 EID1 GPX4 GZMH H1FX H2AFY LDHB NDUFS5 PKM PRDX2 PRF1 PSME2 SOD1 SRP14,CCL5 VIM IL32 SEPT7 STMN1 GZMA FTL COX6A1 NKG7 PPIA S100A4 GNLY GZMK MASKED_GENE CALM1 CTSW EIF4A1 HNRNPA1 JUNB NDUFA4 BTG1 HOPX NAP1L1 NPM1 PPDPF S100A6 ANP32B ANXA1 ANXA5 ATP6V0E1 C19orf43 CD52 CD74 COPE CRIP1 DGCR6L DUSP2 EID1 GPX4 GZMH H1FX H2AFY LDHB NDUFS5 PKM PRDX2 PRF1 PSME2 SOD1 SRP14
pbmc68k:CCCTCAGACACCAA-5,CCCTCAGACACCAA-5,5,CD56+ NK,0,NK_identity,GNLY;NKG7;GZMB;TYROBP;GZMH;PRF1,6,3,GNLY;NKG7;GZMB,4.859;4.44;3.592,EIF4A1;LDHA;PSMA7,2.926;3.313;3.313,GNLY NKG7 CTSW CD7 IFITM2 GZMB FCER1G LDHA PSMA7 CD247 CD52 ID2 NDUFB10 SRGN TYROBP CALM1 CD300A CLIC1 CUTA EIF4A1 FTL HCST HOPX ITGB2 PSME2 S100B CRIP1 CTSC ETFA GSTP1 GZMH HNRNPA1 HSP90AB1 IFITM3 PPDPF PPIB PRF1 S100A4 VIM ANXA1 ARL6IP5 ATP6V1E1 BST2 C16orf13 C9orf78 CCDC109B CCNI CD63 CD74 COX7C,MASKED_GENE MASKED_GENE CTSW CD7 IFITM2 MASKED_GENE FCER1G LDHA PSMA7 CD247 CD52 ID2 NDUFB10 SRGN TYROBP CALM1 CD300A CLIC1 CUTA EIF4A1 FTL HCST HOPX ITGB2 PSME2 S100B CRIP1 CTSC ETFA GSTP1 GZMH HNRNPA1 HSP90AB1 IFITM3 PPDPF PPIB PRF1 S100A4 VIM ANXA1 ARL6IP5 ATP6V1E1 BST2 C16orf13 C9orf78 CCDC109B CCNI CD63 CD74 COX7C,GNLY NKG7 CTSW CD7 IFITM2 GZMB FCER1G MASKED_GENE MASKED_GENE CD247 CD52 ID2 NDUFB10 SRGN TYROBP CALM1 CD300A CLIC1 CUTA MASKED_GENE FTL HCST HOPX ITGB2 PSME2 S100B CRIP1 CTSC ETFA GSTP1 GZMH HNRNPA1 HSP90AB1 IFITM3 PPDPF PPIB PRF1 S100A4 VIM ANXA1 ARL6IP5 ATP6V1E1 BST2 C16orf13 C9orf78 CCDC109B CCNI CD63 CD74 COX7C
pbmc68k:CTACTATGGGCGAA-5,CTACTATGGGCGAA-5,5,CD56+ NK,0,NK_identity,GNLY;NKG7;GZMB;FGFBP2;GZMH,5,3,GNLY;NKG7;GZMB,4.631;4.305;3.948,CD74;S100A4;HLA-DRA,4.116;2.998;3.884,GNLY NKG7 CD74 GZMB HLA-DRA CCL5 CST7 CTSW HOPX FGFBP2 HLA-DPB1 CLIC1 HLA-DPA1 IL32 CD7 EIF4A1 FTL PTPRCAP S100A4 TAGLN2 UPP1 GZMH S100A6 AKR1C3 CALM1 CD53 DDX5 EIF3G HLA-DQB1 IFITM2 ITGB2 PLAC8 PSMB6 SAP18 SEPT7 SRP14 SSR4 TXNIP ALOX5AP ATP6V0E1 BST2 BTG1 C19orf53 CAP1 CD3E CD52 CD63 CTSC DNAJC1 FCER1G,MASKED_GENE MASKED_GENE CD74 MASKED_GENE HLA-DRA CCL5 CST7 CTSW HOPX FGFBP2 HLA-DPB1 CLIC1 HLA-DPA1 IL32 CD7 EIF4A1 FTL PTPRCAP S100A4 TAGLN2 UPP1 GZMH S100A6 AKR1C3 CALM1 CD53 DDX5 EIF3G HLA-DQB1 IFITM2 ITGB2 PLAC8 PSMB6 SAP18 SEPT7 SRP14 SSR4 TXNIP ALOX5AP ATP6V0E1 BST2 BTG1 C19orf53 CAP1 CD3E CD52 CD63 CTSC DNAJC1 FCER1G,GNLY NKG7 MASKED_GENE GZMB MASKED_GENE CCL5 CST7 CTSW HOPX FGFBP2 HLA-DPB1 CLIC1 HLA-DPA1 IL32 CD7 EIF4A1 FTL PTPRCAP MASKED_GENE TAGLN2 UPP1 GZMH S100A6 AKR1C3 CALM1 CD53 DDX5 EIF3G HLA-DQB1 IFITM2 ITGB2 PLAC8 PSMB6 SAP18 SEPT7 SRP14 SSR4 TXNIP ALOX5AP ATP6V0E1 BST2 BTG1 C19orf53 CAP1 CD3E CD52 CD63 CTSC DNAJC1 FCER1G
pbmc68k:CTTTAGTGCTCTTA-5,CTTTAGTGCTCTTA-5,5,CD8+ Cytotoxic T,1,CD8_identity,CD3D;CD3E,2,2,CD3D;CD3E,2.691;2.063,AES;COPE,2.425;2.063,GNLY NKG7 LTB CD52 JUNB CD74 TAGLN2 CD7 GIMAP7 LDHB BTG1 CTSW FTL NAP1L1 NFKBIA S100A4 CD2 CD3D SOD1 SPCS2 XCL2 AES CCDC167 CD37 CLIC1 CNN2 COX17 FCER1G GYPC HNRNPA1 HOPX LMAN2 PDAP1 PRDX2 PSMD7 PTPRCAP SRGN SSR4 STUB1 ZNHIT1 APEX1 CCT3 CD3E CD63 COPE CORO1B COX6A1 CRIP1 DENND2D DUSP2,GNLY NKG7 LTB CD52 JUNB CD74 TAGLN2 CD7 GIMAP7 LDHB BTG1 CTSW FTL NAP1L1 NFKBIA S100A4 CD2 MASKED_GENE SOD1 SPCS2 XCL2 AES CCDC167 CD37 CLIC1 CNN2 COX17 FCER1G GYPC HNRNPA1 HOPX LMAN2 PDAP1 PRDX2 PSMD7 PTPRCAP SRGN SSR4 STUB1 ZNHIT1 APEX1 CCT3 MASKED_GENE CD63 COPE CORO1B COX6A1 CRIP1 DENND2D DUSP2,GNLY NKG7 LTB CD52 JUNB CD74 TAGLN2 CD7 GIMAP7 LDHB BTG1 CTSW FTL NAP1L1 NFKBIA S100A4 CD2 CD3D SOD1 SPCS2 XCL2 MASKED_GENE CCDC167 CD37 CLIC1 CNN2 COX17 FCER1G GYPC HNRNPA1 HOPX LMAN2 PDAP1 PRDX2 PSMD7 PTPRCAP SRGN SSR4 STUB1 ZNHIT1 APEX1 CCT3 CD3E CD63 MASKED_GENE CORO1B COX6A1 CRIP1 DENND2D DUSP2
pbmc68k:GAGAGGTGGATACC-5,GAGAGGTGGATACC-5,5,CD8+ Cytotoxic T,1,CD8_identity,CD3D;CD3E;CD247,3,3,CD3D;CD3E;CD247,2.94;2.94;1.942,GIMAP7;EIF3G;ATP5B,2.94;2.94;1.942,IL32 LTB S100A4 FTL PTPRCAP IFITM2 HNRNPA1 JUNB CD3D CD3E EIF3G GIMAP7 ANAPC16 BTG1 CCL5 DDX5 NOSIP CD52 CLIC1 GLRX HCST ID2 IFITM1 NAP1L1 PPDPF VIM CXCR4 DEK DPEP2 GYPC HNRNPK IL2RG NECAP2 NKG7 PTPRC S100A6 SOD1 SUMO2 TCEB2 ADSL AES ALOX5AP ANXA11 ARL4C ATP5B CALM1 CCDC107 CCNI CD247 CD40LG,IL32 LTB S100A4 FTL PTPRCAP IFITM2 HNRNPA1 JUNB MASKED_GENE MASKED_GENE EIF3G GIMAP7 ANAPC16 BTG1 CCL5 DDX5 NOSIP CD52 CLIC1 GLRX HCST ID2 IFITM1 NAP1L1 PPDPF VIM CXCR4 DEK DPEP2 GYPC HNRNPK IL2RG NECAP2 NKG7 PTPRC S100A6 SOD1 SUMO2 TCEB2 ADSL AES ALOX5AP ANXA11 ARL4C ATP5B CALM1 CCDC107 CCNI MASKED_GENE CD40LG,IL32 LTB S100A4 FTL PTPRCAP IFITM2 HNRNPA1 JUNB CD3D CD3E MASKED_GENE MASKED_GENE ANAPC16 BTG1 CCL5 DDX5 NOSIP CD52 CLIC1 GLRX HCST ID2 IFITM1 NAP1L1 PPDPF VIM CXCR4 DEK DPEP2 GYPC HNRNPK IL2RG NECAP2 NKG7 PTPRC S100A6 SOD1 SUMO2 TCEB2 ADSL AES ALOX5AP ANXA11 ARL4C MASKED_GENE CALM1 CCDC107 CCNI CD247 CD40LG
pbmc68k:GATAGCACTGACAC-5,GATAGCACTGACAC-5,5,CD8+/CD45RA+ Naive Cytotoxic,1,CD8_identity,CD3E;GZMK;CD3D,3,3,CD3E;GZMK;CD3D,2.328;2.328;1.97,AES;JAK1;CD37,2.328;2.328;1.97,CD74 FTL NPM1 BTG1 HNRNPA1 JUNB HLA-DRA LTB CCL5 HLA-DPB1 PPIA PTPRCAP TRAF3IP3 CD52 GIMAP7 HIST1H1E HLA-DRB1 HNRNPDL LDHB SNHG7 SOD1 SSU72 AES CD3E CD79A CST7 CUTA DUSP2 EIF4A2 FOS GZMK JAK1 MTDH POMP S100A10 STK17A ACP5 ADSL ATP6V0E1 C6orf48 CALM3 CCNI CCR7 CD37 CD3D CD7 CHCHD10 CNN2 DHRS7 EIF3E,CD74 FTL NPM1 BTG1 HNRNPA1 JUNB HLA-DRA LTB CCL5 HLA-DPB1 PPIA PTPRCAP TRAF3IP3 CD52 GIMAP7 HIST1H1E HLA-DRB1 HNRNPDL LDHB SNHG7 SOD1 SSU72 AES MASKED_GENE CD79A CST7 CUTA DUSP2 EIF4A2 FOS MASKED_GENE JAK1 MTDH POMP S100A10 STK17A ACP5 ADSL ATP6V0E1 C6orf48 CALM3 CCNI CCR7 CD37 MASKED_GENE CD7 CHCHD10 CNN2 DHRS7 EIF3E,CD74 FTL NPM1 BTG1 HNRNPA1 JUNB HLA-DRA LTB CCL5 HLA-DPB1 PPIA PTPRCAP TRAF3IP3 CD52 GIMAP7 HIST1H1E HLA-DRB1 HNRNPDL LDHB SNHG7 SOD1 SSU72 MASKED_GENE CD3E CD79A CST7 CUTA DUSP2 EIF4A2 FOS GZMK MASKED_GENE MTDH POMP S100A10 STK17A ACP5 ADSL ATP6V0E1 C6orf48 CALM3 CCNI CCR7 MASKED_GENE CD3D CD7 CHCHD10 CNN2 DHRS7 EIF3E
pbmc68k:GATGCATGATCTCT-5,GATGCATGATCTCT-5,5,CD8+ Cytotoxic T,1,CD8_identity,GZMK;CD3E;CD247;CD3D,4,3,GZMK;CD3E;CD247,2.959;2.625;2.118,HCST;EIF3L;SSR4,2.959;2.483;2.317,GNLY NKG7 CCL5 IL32 FTL PTPRCAP BTG1 CD74 GZMK HCST JUNB CD52 HNRNPA1 LTB NPM1 CD7 CLIC1 GZMA CD3E CTSW LDHB S100A4 ANXA5 CCDC107 CCNI EIF3L ERP29 GPX4 GZMH HIGD2A NOSIP S100A6 S1PR4 ARPC5L ATP5O C19orf43 CD27 CTSC EIF3G GYPC HOPX PARK7 PPIA SRGN SSR4 VIM ANXA1 ATP6V1G1 CD247 CD3D,GNLY NKG7 CCL5 IL32 FTL PTPRCAP BTG1 CD74 MASKED_GENE HCST JUNB CD52 HNRNPA1 LTB NPM1 CD7 CLIC1 GZMA MASKED_GENE CTSW LDHB S100A4 ANXA5 CCDC107 CCNI EIF3L ERP29 GPX4 GZMH HIGD2A NOSIP S100A6 S1PR4 ARPC5L ATP5O C19orf43 CD27 CTSC EIF3G GYPC HOPX PARK7 PPIA SRGN SSR4 VIM ANXA1 ATP6V1G1 MASKED_GENE CD3D,GNLY NKG7 CCL5 IL32 FTL PTPRCAP BTG1 CD74 GZMK MASKED_GENE JUNB CD52 HNRNPA1 LTB NPM1 CD7 CLIC1 GZMA CD3E CTSW LDHB S100A4 ANXA5 CCDC107 CCNI MASKED_GENE ERP29 GPX4 GZMH HIGD2A NOSIP S100A6 S1PR4 ARPC5L ATP5O C19orf43 CD27 CTSC EIF3G GYPC HOPX PARK7 PPIA SRGN MASKED_GENE VIM ANXA1 ATP6V1G1 CD247 CD3D
pbmc68k:GCAAACTGCATCAG-5,GCAAACTGCATCAG-5,5,CD8+/CD45RA+ Naive Cytotoxic,1,CD8_identity,CD3D,1,1,CD3D,3.003,CD53,3.003,IL32 NPM1 LTB CD52 PTPRCAP CD3D CD53 GSTK1 PSME2 HMGA1 HNRNPA1 LDHB S100B TAGLN2 TBC1D10C ANXA1 NEDD8 NOSIP S100A4 TTC39C ATP5J2 ATP6V0E1 ERP29 NAP1L1 S100A6 SRP14 VIM ZFP36L2 AES ANXA11 APEX1 C19orf53 C6orf48 CARS CCDC109B CD74 CD79B EIF3L EIF4A1 GYPC HIGD2A LAMTOR1 LAMTOR4 LDHA NDUFB10 NDUFS5 PAFAH1B3 PPIA PSMB6 REEP5,IL32 NPM1 LTB CD52 PTPRCAP MASKED_GENE CD53 GSTK1 PSME2 HMGA1 HNRNPA1 LDHB S100B TAGLN2 TBC1D10C ANXA1 NEDD8 NOSIP S100A4 TTC39C ATP5J2 ATP6V0E1 ERP29 NAP1L1 S100A6 SRP14 VIM ZFP36L2 AES ANXA11 APEX1 C19orf53 C6orf48 CARS CCDC109B CD74 CD79B EIF3L EIF4A1 GYPC HIGD2A LAMTOR1 LAMTOR4 LDHA NDUFB10 NDUFS5 PAFAH1B3 PPIA PSMB6 REEP5,IL32 NPM1 LTB CD52 PTPRCAP CD3D MASKED_GENE GSTK1 PSME2 HMGA1 HNRNPA1 LDHB S100B TAGLN2 TBC1D10C ANXA1 NEDD8 NOSIP S100A4 TTC39C ATP5J2 ATP6V0E1 ERP29 NAP1L1 S100A6 SRP14 VIM ZFP36L2 AES ANXA11 APEX1 C19orf53 C6orf48 CARS CCDC109B CD74 CD79B EIF3L EIF4A1 GYPC HIGD2A LAMTOR1 LAMTOR4 LDHA NDUFB10 NDUFS5 PAFAH1B3 PPIA PSMB6 REEP5
pbmc68k:GCTCCATGGGGCAA-5,GCTCCATGGGGCAA-5,5,CD8+ Cytotoxic T,1,CD8_identity,GZMK,1,1,GZMK,2.357,COPE,2.357,CD74 HLA-DRA LTB HLA-DRB1 FTL HLA-DPB1 PTPRCAP TYROBP CD79A HLA-DPA1 C6orf48 CD37 HLA-DRB5 BTG1 ERP29 FOS HLA-DQA1 PSMA7 TAGLN2 VIM CD52 ATP6V1G1 BBX CCL5 CD79B CUTA HLA-DQA2 NKG7 PPIG PPP2R5C TOMM7 ATP5O CAPG CLIC1 COPE DDX5 EFHD2 GZMK IL2RG ISCU NDUFS8 NPM1 PPDPF RNF181 SRP14 ZFP36L2 ANAPC16 AP2S1 ARL4C ARPC5L,CD74 HLA-DRA LTB HLA-DRB1 FTL HLA-DPB1 PTPRCAP TYROBP CD79A HLA-DPA1 C6orf48 CD37 HLA-DRB5 BTG1 ERP29 FOS HLA-DQA1 PSMA7 TAGLN2 VIM CD52 ATP6V1G1 BBX CCL5 CD79B CUTA HLA-DQA2 NKG7 PPIG PPP2R5C TOMM7 ATP5O CAPG CLIC1 COPE DDX5 EFHD2 MASKED_GENE IL2RG ISCU NDUFS8 NPM1 PPDPF RNF181 SRP14 ZFP36L2 ANAPC16 AP2S1 ARL4C ARPC5L,CD74 HLA-DRA LTB HLA-DRB1 FTL HLA-DPB1 PTPRCAP TYROBP CD79A HLA-DPA1 C6orf48 CD37 HLA-DRB5 BTG1 ERP29 FOS HLA-DQA1 PSMA7 TAGLN2 VIM CD52 ATP6V1G1 BBX CCL5 CD79B CUTA HLA-DQA2 NKG7 PPIG PPP2R5C TOMM7 ATP5O CAPG CLIC1 MASKED_GENE DDX5 EFHD2 GZMK IL2RG ISCU NDUFS8 NPM1 PPDPF RNF181 SRP14 ZFP36L2 ANAPC16 AP2S1 ARL4C ARPC5L
pbmc68k:TCAATCACGGACTT-5,TCAATCACGGACTT-5,5,CD8+ Cytotoxic T,1,CD8_identity,CD247,1,1,CD247,2.67,GPX4,2.67,GNLY CD74 FTL CTSW CD7 HLA-DRA NKG7 BTG1 CLIC3 HSP90AB1 IFITM2 LTB PTPRCAP CD79B EIF4A1 HLA-DQA1 IL32 ATP6V0E1 CD247 GPX4 GZMB HLA-DPB1 HLA-DRB1 HNRNPA1 HOPX LDHB NAP1L1 NDUFAF3 PPP1R14A C1orf162 CAP1 CD37 CD52 CD63 DDX39A DDX5 EVL FCER1G GZMA HLA-DPA1 HNRNPDL HNRNPR MANF NFKBIA OST4 PLAC8 PPIA SRSF2 SSR4 TAGLN2,GNLY CD74 FTL CTSW CD7 HLA-DRA NKG7 BTG1 CLIC3 HSP90AB1 IFITM2 LTB PTPRCAP CD79B EIF4A1 HLA-DQA1 IL32 ATP6V0E1 MASKED_GENE GPX4 GZMB HLA-DPB1 HLA-DRB1 HNRNPA1 HOPX LDHB NAP1L1 NDUFAF3 PPP1R14A C1orf162 CAP1 CD37 CD52 CD63 DDX39A DDX5 EVL FCER1G GZMA HLA-DPA1 HNRNPDL HNRNPR MANF NFKBIA OST4 PLAC8 PPIA SRSF2 SSR4 TAGLN2,GNLY CD74 FTL CTSW CD7 HLA-DRA NKG7 BTG1 CLIC3 HSP90AB1 IFITM2 LTB PTPRCAP CD79B EIF4A1 HLA-DQA1 IL32 ATP6V0E1 CD247 MASKED_GENE GZMB HLA-DPB1 HLA-DRB1 HNRNPA1 HOPX LDHB NAP1L1 NDUFAF3 PPP1R14A C1orf162 CAP1 CD37 CD52 CD63 DDX39A DDX5 EVL FCER1G GZMA HLA-DPA1 HNRNPDL HNRNPR MANF NFKBIA OST4 PLAC8 PPIA SRSF2 SSR4 TAGLN2
pbmc68k:TGGACCCTCAGCTA-5,TGGACCCTCAGCTA-5,5,CD56+ NK,0,NK_identity,NKG7;GNLY;FGFBP2;SPON2;PRF1;TYROBP,6,3,NKG7;GNLY;FGFBP2,4.504;4.164;2.766,S100A4;FTL;ANXA11,3.542;3.737;2.499,NKG7 GNLY CST7 LTB FTL IL32 S100A4 S100A6 CCL5 HCST IFITM2 CLIC1 ATP6V0E1 CD7 NPM1 PTPRCAP BST2 BTG1 C19orf43 FGFBP2 LDHB SPON2 SRGN ANXA11 APMAP C9orf142 CD247 CD52 CD53 CTSW DDX5 EIF4A1 EVL FCER1G GZMA HMOX2 HNRNPA1 IL2RG PRF1 TIMP1 TXNIP TYROBP AGTRAP ARL6IP5 C19orf53 CALM1 CAP1 CD37 CD63 CD74,MASKED_GENE MASKED_GENE CST7 LTB FTL IL32 S100A4 S100A6 CCL5 HCST IFITM2 CLIC1 ATP6V0E1 CD7 NPM1 PTPRCAP BST2 BTG1 C19orf43 MASKED_GENE LDHB SPON2 SRGN ANXA11 APMAP C9orf142 CD247 CD52 CD53 CTSW DDX5 EIF4A1 EVL FCER1G GZMA HMOX2 HNRNPA1 IL2RG PRF1 TIMP1 TXNIP TYROBP AGTRAP ARL6IP5 C19orf53 CALM1 CAP1 CD37 CD63 CD74,NKG7 GNLY CST7 LTB MASKED_GENE IL32 MASKED_GENE S100A6 CCL5 HCST IFITM2 CLIC1 ATP6V0E1 CD7 NPM1 PTPRCAP BST2 BTG1 C19orf43 FGFBP2 LDHB SPON2 SRGN MASKED_GENE APMAP C9orf142 CD247 CD52 CD53 CTSW DDX5 EIF4A1 EVL FCER1G GZMA HMOX2 HNRNPA1 IL2RG PRF1 TIMP1 TXNIP TYROBP AGTRAP ARL6IP5 C19orf53 CALM1 CAP1 CD37 CD63 CD74
pbmc68k:TTCACCCTGCTTCC-5,TTCACCCTGCTTCC-5,5,CD8+/CD45RA+ Naive Cytotoxic,1,CD8_identity,CD3D;CD3E;CD8B;GZMK;IL7R,5,3,CD3D;CD3E;CD8B,2.812;2.604;2.604,CD74;CD37;NEDD8,2.984;2.604;2.604,GNLY S100A4 IL32 FTL CCL5 GZMA PTPRCAP CD52 JUNB CD27 GZMB CD74 LTB S100A6 CD3D IL2RG NKG7 NOSIP CD37 CD3E CD7 CD8B EIF4A1 GZMK GZMM HCST HNRNPA1 IL7R NEDD8 S1PR4 SIT1 BTG1 CALM1 CTSD CTSW HLA-DRA HOPX IFITM2 LDHB LYAR POLD4 PRF1 PSMB6 STK17A SUB1 SUPT4H1 TAGLN2 TBC1D10C TIMP1 TOMM7,GNLY S100A4 IL32 FTL CCL5 GZMA PTPRCAP CD52 JUNB CD27 GZMB CD74 LTB S100A6 MASKED_GENE IL2RG NKG7 NOSIP CD37 MASKED_GENE CD7 MASKED_GENE EIF4A1 GZMK GZMM HCST HNRNPA1 IL7R NEDD8 S1PR4 SIT1 BTG1 CALM1 CTSD CTSW HLA-DRA HOPX IFITM2 LDHB LYAR POLD4 PRF1 PSMB6 STK17A SUB1 SUPT4H1 TAGLN2 TBC1D10C TIMP1 TOMM7,GNLY S100A4 IL32 FTL CCL5 GZMA PTPRCAP CD52 JUNB CD27 GZMB MASKED_GENE LTB S100A6 CD3D IL2RG NKG7 NOSIP MASKED_GENE CD3E CD7 CD8B EIF4A1 GZMK GZMM HCST HNRNPA1 IL7R MASKED_GENE S1PR4 SIT1 BTG1 CALM1 CTSD CTSW HLA-DRA HOPX IFITM2 LDHB LYAR POLD4 PRF1 PSMB6 STK17A SUB1 SUPT4H1 TAGLN2 TBC1D10C TIMP1 TOMM7
pbmc68k:ACGCCGGAAGCCTA-6,ACGCCGGAAGCCTA-6,6,CD8+/CD45RA+ Naive Cytotoxic,1,CD8_identity,CD8B;CD3D,2,2,CD8B;CD3D,2.69;2.063,ISG20;AES,2.69;2.063,NPM1 LDHB PTPRCAP FTL JUNB CD52 CUTA PPIA CCNI CD37 CD8B EIF3G EIF3L GYPC ISG20 ANAPC16 EIF4A1 FYB HIGD2A LTB OST4 REEP5 ANXA1 BTG1 CD7 CLIC1 COX6A1 DUSP2 ERP29 HNRNPA1 NDUFA4 NDUFS8 NENF NFKBIA SNHG7 SOD1 SRP14 SSR4 SUPT4H1 TAGLN2 TMBIM6 TRAPPC1 AES ANP32B ATP5J2 C19orf43 C6orf48 C9orf78 CCL5 CD3D,NPM1 LDHB PTPRCAP FTL JUNB CD52 CUTA PPIA CCNI CD37 MASKED_GENE EIF3G EIF3L GYPC ISG20 ANAPC16 EIF4A1 FYB HIGD2A LTB OST4 REEP5 ANXA1 BTG1 CD7 CLIC1 COX6A1 DUSP2 ERP29 HNRNPA1 NDUFA4 NDUFS8 NENF NFKBIA SNHG7 SOD1 SRP14 SSR4 SUPT4H1 TAGLN2 TMBIM6 TRAPPC1 AES ANP32B ATP5J2 C19orf43 C6orf48 C9orf78 CCL5 MASKED_GENE,NPM1 LDHB PTPRCAP FTL JUNB CD52 CUTA PPIA CCNI CD37 CD8B EIF3G EIF3L GYPC MASKED_GENE ANAPC16 EIF4A1 FYB HIGD2A LTB OST4 REEP5 ANXA1 BTG1 CD7 CLIC1 COX6A1 DUSP2 ERP29 HNRNPA1 NDUFA4 NDUFS8 NENF NFKBIA SNHG7 SOD1 SRP14 SSR4 SUPT4H1 TAGLN2 TMBIM6 TRAPPC1 MASKED_GENE ANP32B ATP5J2 C19orf43 C6orf48 C9orf78 CCL5 CD3D
pbmc68k:AGCGGCACCTGTGA-6,AGCGGCACCTGTGA-6,6,CD8+ Cytotoxic T,1,CD8_identity,CD3E;CD8B,2,2,CD3E;CD8B,2.999;2.618,GIMAP7;HCST,2.827;2.618,FTL IL32 S100A4 JUNB BTG1 LTB DDX5 CD3E GIMAP7 ATP6V1G1 CD52 CD8B ERP29 HCST NOSIP NPM1 PPDPF S100A10 SAP18 ATP5J2 C19orf53 FYB HSP90AB1 LAMTOR1 LY6E NDUFA11 NEDD8 OST4 PARK7 PPIA PSMA7 PSMB2 PTPRCAP RNF167 SNHG7 SP100 TPM3 ANXA1 ATP5I C6orf48 C9orf78 CALM1 CCT3 CD164 CD2 CD27 CD28 CD37 CD53 COX7C,FTL IL32 S100A4 JUNB BTG1 LTB DDX5 MASKED_GENE GIMAP7 ATP6V1G1 CD52 MASKED_GENE ERP29 HCST NOSIP NPM1 PPDPF S100A10 SAP18 ATP5J2 C19orf53 FYB HSP90AB1 LAMTOR1 LY6E NDUFA11 NEDD8 OST4 PARK7 PPIA PSMA7 PSMB2 PTPRCAP RNF167 SNHG7 SP100 TPM3 ANXA1 ATP5I C6orf48 C9orf78 CALM1 CCT3 CD164 CD2 CD27 CD28 CD37 CD53 COX7C,FTL IL32 S100A4 JUNB BTG1 LTB DDX5 CD3E MASKED_GENE ATP6V1G1 CD52 CD8B ERP29 MASKED_GENE NOSIP NPM1 PPDPF S100A10 SAP18 ATP5J2 C19orf53 FYB HSP90AB1 LAMTOR1 LY6E NDUFA11 NEDD8 OST4 PARK7 PPIA PSMA7 PSMB2 PTPRCAP RNF167 SNHG7 SP100 TPM3 ANXA1 ATP5I C6orf48 C9orf78 CALM1 CCT3 CD164 CD2 CD27 CD28 CD37 CD53 COX7C
pbmc68k:CACACCTGTGGATC-6,CACACCTGTGGATC-6,6,CD8+ Cytotoxic T,1,CD8_identity,CD3D,1,1,CD3D,2.713,AES,2.447,GNLY FTL CCL5 LTB JUNB CD52 FOS S100A4 IL32 GZMA CALM1 CD2 HNRNPA1 NKG7 S100A6 SRGN VIM C19orf43 CD3D GZMB GZMH ICAM3 PTPRC AES C9orf142 CST7 CTSW CUTA DNAJB1 HCST HNRNPK ID2 IFITM2 IL2RG LCK MZT2B NOSIP NPM1 PDAP1 PTPRCAP RBX1 SOD2 TPM3 ALKBH7 ANXA1 ARF6 ATP6V1G1 BLOC1S4 BTG1 C19orf53,GNLY FTL CCL5 LTB JUNB CD52 FOS S100A4 IL32 GZMA CALM1 CD2 HNRNPA1 NKG7 S100A6 SRGN VIM C19orf43 MASKED_GENE GZMB GZMH ICAM3 PTPRC AES C9orf142 CST7 CTSW CUTA DNAJB1 HCST HNRNPK ID2 IFITM2 IL2RG LCK MZT2B NOSIP NPM1 PDAP1 PTPRCAP RBX1 SOD2 TPM3 ALKBH7 ANXA1 ARF6 ATP6V1G1 BLOC1S4 BTG1 C19orf53,GNLY FTL CCL5 LTB JUNB CD52 FOS S100A4 IL32 GZMA CALM1 CD2 HNRNPA1 NKG7 S100A6 SRGN VIM C19orf43 CD3D GZMB GZMH ICAM3 PTPRC MASKED_GENE C9orf142 CST7 CTSW CUTA DNAJB1 HCST HNRNPK ID2 IFITM2 IL2RG LCK MZT2B NOSIP NPM1 PDAP1 PTPRCAP RBX1 SOD2 TPM3 ALKBH7 ANXA1 ARF6 ATP6V1G1 BLOC1S4 BTG1 C19orf53
pbmc68k:CCTCTACTGTTCTT-6,CCTCTACTGTTCTT-6,6,CD56+ NK,0,NK_identity,GNLY;NKG7;GZMB;PRF1;GZMH,5,3,GNLY;NKG7;GZMB,4.797;4.364;4.203,FTL;HNRNPA1;STMN1,4.144;3.683;3.861,GNLY NKG7 GZMB FTL STMN1 HNRNPA1 CD7 PSME2 LY6E CD63 CRIP1 GZMA HMGB2 NPM1 PRF1 S100A4 CALM1 CCL5 CTSW GZMH IL32 LDHA MCM7 S100A10 ANP32B ANXA1 ATPIF1 COX6A1 GSTP1 PCNA PPDPF PPIA PTPRCAP S100A6 SRGN SUMO2 TALDO1 VIM ARL6IP5 C9orf142 CLIC1 CTSD EIF4H FAM185A GYPC IGFBP7 LAMTOR4 NDUFA4 NDUFB2 NUCKS1,MASKED_GENE MASKED_GENE MASKED_GENE FTL STMN1 HNRNPA1 CD7 PSME2 LY6E CD63 CRIP1 GZMA HMGB2 NPM1 PRF1 S100A4 CALM1 CCL5 CTSW GZMH IL32 LDHA MCM7 S100A10 ANP32B ANXA1 ATPIF1 COX6A1 GSTP1 PCNA PPDPF PPIA PTPRCAP S100A6 SRGN SUMO2 TALDO1 VIM ARL6IP5 C9orf142 CLIC1 CTSD EIF4H FAM185A GYPC IGFBP7 LAMTOR4 NDUFA4 NDUFB2 NUCKS1,GNLY NKG7 GZMB MASKED_GENE MASKED_GENE MASKED_GENE CD7 PSME2 LY6E CD63 CRIP1 GZMA HMGB2 NPM1 PRF1 S100A4 CALM1 CCL5 CTSW GZMH IL32 LDHA MCM7 S100A10 ANP32B ANXA1 ATPIF1 COX6A1 GSTP1 PCNA PPDPF PPIA PTPRCAP S100A6 SRGN SUMO2 TALDO1 VIM ARL6IP5 C9orf142 CLIC1 CTSD EIF4H FAM185A GYPC IGFBP7 LAMTOR4 NDUFA4 NDUFB2 NUCKS1
pbmc68k:CGCAGGTGACGTAC-6,CGCAGGTGACGTAC-6,6,CD8+/CD45RA+ Naive Cytotoxic,1,CD8_identity,CD3E;CD8B,2,2,CD3E;CD8B,2.628;2.422,EIF4A1;NDUFS8,2.628;2.422,JUNB FTL LTB LDHB HNRNPA1 S100A10 CD37 NPM1 S100A6 TAGLN2 BTG1 EIF3L HMHA1 HSP90AB1 PNISR TOMM7 CD3E EIF4A1 IL32 PPIA C19orf43 CD8B ERP29 GIMAP7 NDUFS8 PSME2 PTPRCAP RSL1D1 S100A4 SSR4 ANP32B ANXA1 ATP5O CD52 COPE COX7C CUTA HIGD2A HSPB1 HSPD1 IFITM1 IGBP1 LMAN2 LY6E PPDPF VIM ZFP36L2 ANKRD12 ARF6 ARL6IP5,JUNB FTL LTB LDHB HNRNPA1 S100A10 CD37 NPM1 S100A6 TAGLN2 BTG1 EIF3L HMHA1 HSP90AB1 PNISR TOMM7 MASKED_GENE EIF4A1 IL32 PPIA C19orf43 MASKED_GENE ERP29 GIMAP7 NDUFS8 PSME2 PTPRCAP RSL1D1 S100A4 SSR4 ANP32B ANXA1 ATP5O CD52 COPE COX7C CUTA HIGD2A HSPB1 HSPD1 IFITM1 IGBP1 LMAN2 LY6E PPDPF VIM ZFP36L2 ANKRD12 ARF6 ARL6IP5,JUNB FTL LTB LDHB HNRNPA1 S100A10 CD37 NPM1 S100A6 TAGLN2 BTG1 EIF3L HMHA1 HSP90AB1 PNISR TOMM7 CD3E MASKED_GENE IL32 PPIA C19orf43 CD8B ERP29 GIMAP7 MASKED_GENE PSME2 PTPRCAP RSL1D1 S100A4 SSR4 ANP32B ANXA1 ATP5O CD52 COPE COX7C CUTA HIGD2A HSPB1 HSPD1 IFITM1 IGBP1 LMAN2 LY6E PPDPF VIM ZFP36L2 ANKRD12 ARF6 ARL6IP5
pbmc68k:CGTACCACAAGAAC-6,CGTACCACAAGAAC-6,6,CD8+ Cytotoxic T,1,CD8_identity,CD3D;CD3E;CD8A,3,3,CD3D;CD3E;CD8A,3.192;2.539;2.539,S100A4;HCST;CUTA,3.942;2.807;2.539,GNLY FTL IL32 LTB S100A4 NKG7 CCL5 CD52 CLIC1 GZMB CD3D S100A6 CALM1 DDX5 GZMH JUNB CSTB GSTK1 GZMA HCST SRGN AES ANAPC16 BTG1 CD3E CD8A CUTA ICAM3 ID2 IFITM2 NPM1 PTPRC PTPRCAP RBX1 S100B SRSF7 TPM3 TRAPPC1 VIM C10orf54 C19orf43 C19orf53 CCDC115 CCR10 CD53 CD74 CD79B CLIC3 CNN2 COX7C,GNLY FTL IL32 LTB S100A4 NKG7 CCL5 CD52 CLIC1 GZMB MASKED_GENE S100A6 CALM1 DDX5 GZMH JUNB CSTB GSTK1 GZMA HCST SRGN AES ANAPC16 BTG1 MASKED_GENE MASKED_GENE CUTA ICAM3 ID2 IFITM2 NPM1 PTPRC PTPRCAP RBX1 S100B SRSF7 TPM3 TRAPPC1 VIM C10orf54 C19orf43 C19orf53 CCDC115 CCR10 CD53 CD74 CD79B CLIC3 CNN2 COX7C,GNLY FTL IL32 LTB MASKED_GENE NKG7 CCL5 CD52 CLIC1 GZMB CD3D S100A6 CALM1 DDX5 GZMH JUNB CSTB GSTK1 GZMA MASKED_GENE SRGN AES ANAPC16 BTG1 CD3E CD8A MASKED_GENE ICAM3 ID2 IFITM2 NPM1 PTPRC PTPRCAP RBX1 S100B SRSF7 TPM3 TRAPPC1 VIM C10orf54 C19orf43 C19orf53 CCDC115 CCR10 CD53 CD74 CD79B CLIC3 CNN2 COX7C
pbmc68k:GCTCCATGGCAGAG-6,GCTCCATGGCAGAG-6,6,CD56+ NK,0,NK_identity,NKG7;GZMB;GNLY;FGFBP2;PRF1,5,3,NKG7;GZMB;GNLY,4.462;3.911;3.826,S100A4;STMN1;EAF2,3.386;4.063;3.516,NKG7 STMN1 GZMB GNLY GZMA EAF2 PSME2 S100A4 CALM1 PPDPF PSMA7 PTPRCAP SRGN CST7 FGFBP2 GYPC LDHA MATK BST2 HOPX HSP90AB1 IGFBP7 PARK7 TRAPPC1 APMAP BTG1 C19orf43 CD53 CD7 CLIC1 CNPY3 EIF4A1 FTL GIMAP7 GSTK1 HMGB2 HNRNPA1 NDUFB10 PRF1 SCP2 SEPT7 SEPT9 SF3B2 SUMO2 WBSCR22 ALOX5AP ANP32B ANXA1 ARL6IP5 ATP5J2,MASKED_GENE STMN1 MASKED_GENE MASKED_GENE GZMA EAF2 PSME2 S100A4 CALM1 PPDPF PSMA7 PTPRCAP SRGN CST7 FGFBP2 GYPC LDHA MATK BST2 HOPX HSP90AB1 IGFBP7 PARK7 TRAPPC1 APMAP BTG1 C19orf43 CD53 CD7 CLIC1 CNPY3 EIF4A1 FTL GIMAP7 GSTK1 HMGB2 HNRNPA1 NDUFB10 PRF1 SCP2 SEPT7 SEPT9 SF3B2 SUMO2 WBSCR22 ALOX5AP ANP32B ANXA1 ARL6IP5 ATP5J2,NKG7 MASKED_GENE GZMB GNLY GZMA MASKED_GENE PSME2 MASKED_GENE CALM1 PPDPF PSMA7 PTPRCAP SRGN CST7 FGFBP2 GYPC LDHA MATK BST2 HOPX HSP90AB1 IGFBP7 PARK7 TRAPPC1 APMAP BTG1 C19orf43 CD53 CD7 CLIC1 CNPY3 EIF4A1 FTL GIMAP7 GSTK1 HMGB2 HNRNPA1 NDUFB10 PRF1 SCP2 SEPT7 SEPT9 SF3B2 SUMO2 WBSCR22 ALOX5AP ANP32B ANXA1 ARL6IP5 ATP5J2
pbmc68k:TCGAATCTTTCTCA-6,TCGAATCTTTCTCA-6,6,CD8+/CD45RA+ Naive Cytotoxic,1,CD8_identity,CD3G,1,1,CD3G,2.432,CCDC109B,2.432,FTL LTB CD52 BTG1 VIM GIMAP7 JUNB HNRNPA1 TXNIP ATP6V0E1 CD7 NPM1 S100A4 C19orf53 CCDC109B CD3G EIF4A2 NAP1L1 NDUFS5 NOSIP PTPRCAP TBC1D10C TOMM7 AES ATP5O CALM1 CD2 COX7C DDX5 EIF3G EVL HCST HSD17B8 ICAM3 LCK MIF NDUFB11 PPDPF PSMA7 PSMB2 S100A10 SNHG7 SNHG8 SOD1 SRP14 TNFRSF4 ALKBH7 ARPC5L CALM3 CARS,FTL LTB CD52 BTG1 VIM GIMAP7 JUNB HNRNPA1 TXNIP ATP6V0E1 CD7 NPM1 S100A4 C19orf53 CCDC109B MASKED_GENE EIF4A2 NAP1L1 NDUFS5 NOSIP PTPRCAP TBC1D10C TOMM7 AES ATP5O CALM1 CD2 COX7C DDX5 EIF3G EVL HCST HSD17B8 ICAM3 LCK MIF NDUFB11 PPDPF PSMA7 PSMB2 S100A10 SNHG7 SNHG8 SOD1 SRP14 TNFRSF4 ALKBH7 ARPC5L CALM3 CARS,FTL LTB CD52 BTG1 VIM GIMAP7 JUNB HNRNPA1 TXNIP ATP6V0E1 CD7 NPM1 S100A4 C19orf53 MASKED_GENE CD3G EIF4A2 NAP1L1 NDUFS5 NOSIP PTPRCAP TBC1D10C TOMM7 AES ATP5O CALM1 CD2 COX7C DDX5 EIF3G EVL HCST HSD17B8 ICAM3 LCK MIF NDUFB11 PPDPF PSMA7 PSMB2 S100A10 SNHG7 SNHG8 SOD1 SRP14 TNFRSF4 ALKBH7 ARPC5L CALM3 CARS
pbmc68k:TGGTTACTTGCATG-6,TGGTTACTTGCATG-6,6,CD56+ NK,0,NK_identity,GNLY;NKG7;XCL2;TYROBP,4,3,GNLY;NKG7;XCL2,4.79;3.908;3.122,PSMA7;FTL;NHP2,2.994;3.122;2.849,GNLY NKG7 NPM1 CD7 PLAC8 CTSW IL32 IFITM2 FTL LDHB LTB XCL2 PSMA7 BTG1 CALM1 GSTP1 HOPX NHP2 PKM TYROBP CD52 CD63 CLIC1 EIF4A1 HNRNPA1 HNRNPK HSP90AB1 HSPD1 MIF PPDPF PPIA APBB1IP CAPG EIF2S2 FCER1G GIMAP7 HNRNPDL ID2 LCK LDHA LY6E MATK NDUFA4 NDUFB2 PLP2 POLR2G PPIB PSME2 S100A4 SRGN,MASKED_GENE MASKED_GENE NPM1 CD7 PLAC8 CTSW IL32 IFITM2 FTL LDHB LTB MASKED_GENE PSMA7 BTG1 CALM1 GSTP1 HOPX NHP2 PKM TYROBP CD52 CD63 CLIC1 EIF4A1 HNRNPA1 HNRNPK HSP90AB1 HSPD1 MIF PPDPF PPIA APBB1IP CAPG EIF2S2 FCER1G GIMAP7 HNRNPDL ID2 LCK LDHA LY6E MATK NDUFA4 NDUFB2 PLP2 POLR2G PPIB PSME2 S100A4 SRGN,GNLY NKG7 NPM1 CD7 PLAC8 CTSW IL32 IFITM2 MASKED_GENE LDHB LTB XCL2 MASKED_GENE BTG1 CALM1 GSTP1 HOPX MASKED_GENE PKM TYROBP CD52 CD63 CLIC1 EIF4A1 HNRNPA1 HNRNPK HSP90AB1 HSPD1 MIF PPDPF PPIA APBB1IP CAPG EIF2S2 FCER1G GIMAP7 HNRNPDL ID2 LCK LDHA LY6E MATK NDUFA4 NDUFB2 PLP2 POLR2G PPIB PSME2 S100A4 SRGN
pbmc68k:TTGTAGCTCAAAGA-6,TTGTAGCTCAAAGA-6,6,CD8+ Cytotoxic T,1,CD8_identity,CD3D;CD3E;CD8A,3,3,CD3D;CD3E;CD8A,2.945;2.303;2.303,SRP14;CD37;BLOC1S4,2.945;2.303;2.303,CCL5 GNLY NKG7 FTL CD52 LTB JUNB S100A4 CALM1 BTG1 HCST HNRNPA1 S100A6 CD3D DDX5 FOS PTPRCAP SRP14 CD74 COPE DHRS7 GYPC LDHB TMBIM6 EVL GZMA ICAM3 LDHA LY6E MTDH NPM1 PPA1 S100A10 SKP1 ADRM1 ATP6V1G1 BLOC1S4 C9orf142 CD37 CD3E CD7 CD8A COX7C CTSW CXCR4 EIF4A1 GPX4 HNRNPF IL32 LAMTOR4,CCL5 GNLY NKG7 FTL CD52 LTB JUNB S100A4 CALM1 BTG1 HCST HNRNPA1 S100A6 MASKED_GENE DDX5 FOS PTPRCAP SRP14 CD74 COPE DHRS7 GYPC LDHB TMBIM6 EVL GZMA ICAM3 LDHA LY6E MTDH NPM1 PPA1 S100A10 SKP1 ADRM1 ATP6V1G1 BLOC1S4 C9orf142 CD37 MASKED_GENE CD7 MASKED_GENE COX7C CTSW CXCR4 EIF4A1 GPX4 HNRNPF IL32 LAMTOR4,CCL5 GNLY NKG7 FTL CD52 LTB JUNB S100A4 CALM1 BTG1 HCST HNRNPA1 S100A6 CD3D DDX5 FOS PTPRCAP MASKED_GENE CD74 COPE DHRS7 GYPC LDHB TMBIM6 EVL GZMA ICAM3 LDHA LY6E MTDH NPM1 PPA1 S100A10 SKP1 ADRM1 ATP6V1G1 MASKED_GENE C9orf142 MASKED_GENE CD3E CD7 CD8A COX7C CTSW CXCR4 EIF4A1 GPX4 HNRNPF IL32 LAMTOR4
pbmc68k:ACGCAATGCATGCA-7,ACGCAATGCATGCA-7,7,CD8+ Cytotoxic T,1,CD8_identity,CD3D,1,1,CD3D,2.281,PPIA,2.587,CD74 S100A4 FTL CCL5 GNLY GZMB NKG7 EIF4A2 GZMH HLA-DRB1 HMGB2 STMN1 VIM HIST1H4C LDHB PTPRCAP S100A10 CALM1 GZMA PSMA7 TAGLN2 CTSW IL32 NPM1 S100A6 HSP90AB1 NOSIP CLIC1 CST7 HLA-DPA1 HNRNPA1 IFITM2 LTB PPIA PPIB EID1 LY6E PPDPF ATP5B CD2 CD3D CD52 DDX5 DEK ERH FGFBP2 IFITM1 IL2RG LSM4 PARK7,CD74 S100A4 FTL CCL5 GNLY GZMB NKG7 EIF4A2 GZMH HLA-DRB1 HMGB2 STMN1 VIM HIST1H4C LDHB PTPRCAP S100A10 CALM1 GZMA PSMA7 TAGLN2 CTSW IL32 NPM1 S100A6 HSP90AB1 NOSIP CLIC1 CST7 HLA-DPA1 HNRNPA1 IFITM2 LTB PPIA PPIB EID1 LY6E PPDPF ATP5B CD2 MASKED_GENE CD52 DDX5 DEK ERH FGFBP2 IFITM1 IL2RG LSM4 PARK7,CD74 S100A4 FTL CCL5 GNLY GZMB NKG7 EIF4A2 GZMH HLA-DRB1 HMGB2 STMN1 VIM HIST1H4C LDHB PTPRCAP S100A10 CALM1 GZMA PSMA7 TAGLN2 CTSW IL32 NPM1 S100A6 HSP90AB1 NOSIP CLIC1 CST7 HLA-DPA1 HNRNPA1 IFITM2 LTB MASKED_GENE PPIB EID1 LY6E PPDPF ATP5B CD2 CD3D CD52 DDX5 DEK ERH FGFBP2 IFITM1 IL2RG LSM4 PARK7
pbmc68k:AGAGAATGTCACCC-7,AGAGAATGTCACCC-7,7,CD8+ Cytotoxic T,1,CD8_identity,CD3D;CD3G,2,2,CD3D;CD3G,3.144;2.616,HNRNPA1;EIF3G,2.825;2.616,FTL LTB GNLY IL2RG BTG1 CCL5 IL32 PPDPF CD3D GZMA NKG7 CTSW HNRNPA1 RNASET2 S100A6 ATP6V1G1 CD27 CD3G CLIC1 DDX5 EIF3G FCGR3A FGFBP2 JUNB LDHB NBEAL1 S100A10 SELT SRP14 ARL6IP5 CD53 CST7 CUTA GSTK1 HNRNPF ID2 LY6E MEAF6 OST4 PPP2R5C PRDX1 PRF1 PSMD7 PTPRCAP RBX1 S100A4 SAP18 TAGLN2 VIM ATP5B,FTL LTB GNLY IL2RG BTG1 CCL5 IL32 PPDPF MASKED_GENE GZMA NKG7 CTSW HNRNPA1 RNASET2 S100A6 ATP6V1G1 CD27 MASKED_GENE CLIC1 DDX5 EIF3G FCGR3A FGFBP2 JUNB LDHB NBEAL1 S100A10 SELT SRP14 ARL6IP5 CD53 CST7 CUTA GSTK1 HNRNPF ID2 LY6E MEAF6 OST4 PPP2R5C PRDX1 PRF1 PSMD7 PTPRCAP RBX1 S100A4 SAP18 TAGLN2 VIM ATP5B,FTL LTB GNLY IL2RG BTG1 CCL5 IL32 PPDPF CD3D GZMA NKG7 CTSW MASKED_GENE RNASET2 S100A6 ATP6V1G1 CD27 CD3G CLIC1 DDX5 MASKED_GENE FCGR3A FGFBP2 JUNB LDHB NBEAL1 S100A10 SELT SRP14 ARL6IP5 CD53 CST7 CUTA GSTK1 HNRNPF ID2 LY6E MEAF6 OST4 PPP2R5C PRDX1 PRF1 PSMD7 PTPRCAP RBX1 S100A4 SAP18 TAGLN2 VIM ATP5B
pbmc68k:AGCTGCCTCTACCC-7,AGCTGCCTCTACCC-7,7,CD8+ Cytotoxic T,1,CD8_identity,CD3D;CD3E,2,2,CD3D;CD3E,2.213;2.213,CD37;EIF4A1,2.213;2.213,LTB IL32 FTL S100A4 GNLY CD52 PTPRCAP CCL5 DDX5 S100A6 NPM1 NKG7 CALM1 GYPC GZMH IFITM2 LDHB LY6E ATP5J2 BTG1 COX6A1 CRIP1 DYNLRB1 EIF3L GIMAP7 GZMA HNRNPA1 IL2RG JUNB OST4 SRP14 TAGLN2 C19orf43 CD37 CD3D CD3E COPE CTSH EIF3G EIF4A1 EIF4A2 FGFBP2 GPX4 GSTK1 GSTP1 HNRNPF KLRG1 LCK NDUFAF3 NDUFB11,LTB IL32 FTL S100A4 GNLY CD52 PTPRCAP CCL5 DDX5 S100A6 NPM1 NKG7 CALM1 GYPC GZMH IFITM2 LDHB LY6E ATP5J2 BTG1 COX6A1 CRIP1 DYNLRB1 EIF3L GIMAP7 GZMA HNRNPA1 IL2RG JUNB OST4 SRP14 TAGLN2 C19orf43 CD37 MASKED_GENE MASKED_GENE COPE CTSH EIF3G EIF4A1 EIF4A2 FGFBP2 GPX4 GSTK1 GSTP1 HNRNPF KLRG1 LCK NDUFAF3 NDUFB11,LTB IL32 FTL S100A4 GNLY CD52 PTPRCAP CCL5 DDX5 S100A6 NPM1 NKG7 CALM1 GYPC GZMH IFITM2 LDHB LY6E ATP5J2 BTG1 COX6A1 CRIP1 DYNLRB1 EIF3L GIMAP7 GZMA HNRNPA1 IL2RG JUNB OST4 SRP14 TAGLN2 C19orf43 MASKED_GENE CD3D CD3E COPE CTSH EIF3G MASKED_GENE EIF4A2 FGFBP2 GPX4 GSTK1 GSTP1 HNRNPF KLRG1 LCK NDUFAF3 NDUFB11
pbmc68k:ATTCGGGAGTTCAG-7,ATTCGGGAGTTCAG-7,7,CD8+/CD45RA+ Naive Cytotoxic,1,CD8_identity,CD247;CD3G,2,2,CD247;CD3G,2.301;2.301,EIF3L;CD53,2.301;2.301,JUNB FTL IL32 LTB VIM CD74 CD27 S100A4 CCL5 CD52 BTG1 PPDPF PTPRCAP CD37 CTSW IGBP1 NDUFA4 NFKBIA NPM1 ANXA1 APH1A ARID4B C19orf43 CAP1 CD2 CD247 CD3G CD53 CD7 DDX5 EIF3L EVL HNRNPA1 IL2RG ISG20 LCK LDHB MEAF6 MIF NAP1L1 SRSF7 ALKBH7 ANAPC16 APMAP ARL6IP5 ARPC5L ATP5I ATP5J2 ATP5O ATPIF1,JUNB FTL IL32 LTB VIM CD74 CD27 S100A4 CCL5 CD52 BTG1 PPDPF PTPRCAP CD37 CTSW IGBP1 NDUFA4 NFKBIA NPM1 ANXA1 APH1A ARID4B C19orf43 CAP1 CD2 MASKED_GENE MASKED_GENE CD53 CD7 DDX5 EIF3L EVL HNRNPA1 IL2RG ISG20 LCK LDHB MEAF6 MIF NAP1L1 SRSF7 ALKBH7 ANAPC16 APMAP ARL6IP5 ARPC5L ATP5I ATP5J2 ATP5O ATPIF1,JUNB FTL IL32 LTB VIM CD74 CD27 S100A4 CCL5 CD52 BTG1 PPDPF PTPRCAP CD37 CTSW IGBP1 NDUFA4 NFKBIA NPM1 ANXA1 APH1A ARID4B C19orf43 CAP1 CD2 CD247 CD3G MASKED_GENE CD7 DDX5 MASKED_GENE EVL HNRNPA1 IL2RG ISG20 LCK LDHB MEAF6 MIF NAP1L1 SRSF7 ALKBH7 ANAPC16 APMAP ARL6IP5 ARPC5L ATP5I ATP5J2 ATP5O ATPIF1
pbmc68k:CGTCAAGAGTACAC-7,CGTCAAGAGTACAC-7,7,CD8+/CD45RA+ Naive Cytotoxic,1,CD8_identity,CD3D;CD3E;KLRB1,3,3,CD3D;CD3E;KLRB1,2.279;2.279;2.279,CD37;EIF3L;POLR2G,2.279;2.279;2.279,NPM1 LTB S100A4 NOSIP S100B AES CD52 CLIC1 EID1 IFITM2 NKG7 PTPRCAP BTG1 GIMAP7 GZMA HCST IL32 LDHB MZT2B NBEAL1 NDUFB2 VIM ANXA1 ATP6V0E1 ATP6V1G1 BIN3 C19orf43 C6orf48 CCNI CD37 CD3D CD3E EIF3E EIF3L FGFR1OP2 FLT3LG FTL GPX4 HNRNPA1 ID2 KLRB1 LDHA POLR2G S100A6 SERPINB1 SRGN ANP32B AP2S1 ARL4C ATP5I,NPM1 LTB S100A4 NOSIP S100B AES CD52 CLIC1 EID1 IFITM2 NKG7 PTPRCAP BTG1 GIMAP7 GZMA HCST IL32 LDHB MZT2B NBEAL1 NDUFB2 VIM ANXA1 ATP6V0E1 ATP6V1G1 BIN3 C19orf43 C6orf48 CCNI CD37 MASKED_GENE MASKED_GENE EIF3E EIF3L FGFR1OP2 FLT3LG FTL GPX4 HNRNPA1 ID2 MASKED_GENE LDHA POLR2G S100A6 SERPINB1 SRGN ANP32B AP2S1 ARL4C ATP5I,NPM1 LTB S100A4 NOSIP S100B AES CD52 CLIC1 EID1 IFITM2 NKG7 PTPRCAP BTG1 GIMAP7 GZMA HCST IL32 LDHB MZT2B NBEAL1 NDUFB2 VIM ANXA1 ATP6V0E1 ATP6V1G1 BIN3 C19orf43 C6orf48 CCNI MASKED_GENE CD3D CD3E EIF3E MASKED_GENE FGFR1OP2 FLT3LG FTL GPX4 HNRNPA1 ID2 KLRB1 LDHA MASKED_GENE S100A6 SERPINB1 SRGN ANP32B AP2S1 ARL4C ATP5I
pbmc68k:CTTAAAGATTGAGC-7,CTTAAAGATTGAGC-7,7,CD56+ NK,0,NK_identity,GNLY,1,1,GNLY,4.535,FTL,3.955,GNLY CCL5 FTL CD7 DUSP2 BTG1 MATK TXNIP CD52 GZMA IL32 PLAC8 IL2RG CAP1 CD63 DAP3 GZMK LTB OST4 PTPRCAP SAP18 ATP6V1G1 CD2 CD3D CD74 CLPP COX6A1 CTSW EIF4A1 EIF4A2 FCER1G FOS GIMAP7 GPX4 HCST HLA-DRB1 ID2 IMP3 JUNB PARK7 SRP14 AES ALOX5AP ATP6V0E1 C9orf78 CALM1 CCNI CCT6A CD37 CNPY3,MASKED_GENE CCL5 FTL CD7 DUSP2 BTG1 MATK TXNIP CD52 GZMA IL32 PLAC8 IL2RG CAP1 CD63 DAP3 GZMK LTB OST4 PTPRCAP SAP18 ATP6V1G1 CD2 CD3D CD74 CLPP COX6A1 CTSW EIF4A1 EIF4A2 FCER1G FOS GIMAP7 GPX4 HCST HLA-DRB1 ID2 IMP3 JUNB PARK7 SRP14 AES ALOX5AP ATP6V0E1 C9orf78 CALM1 CCNI CCT6A CD37 CNPY3,GNLY CCL5 MASKED_GENE CD7 DUSP2 BTG1 MATK TXNIP CD52 GZMA IL32 PLAC8 IL2RG CAP1 CD63 DAP3 GZMK LTB OST4 PTPRCAP SAP18 ATP6V1G1 CD2 CD3D CD74 CLPP COX6A1 CTSW EIF4A1 EIF4A2 FCER1G FOS GIMAP7 GPX4 HCST HLA-DRB1 ID2 IMP3 JUNB PARK7 SRP14 AES ALOX5AP ATP6V0E1 C9orf78 CALM1 CCNI CCT6A CD37 CNPY3
pbmc68k:GCACGGACTTGCAG-7,GCACGGACTTGCAG-7,7,CD8+ Cytotoxic T,1,CD8_identity,CD3D,1,1,CD3D,2.565,GIMAP7,2.565,FTL GNLY CD52 S100A4 CD74 LST1 FCER1G NKG7 AIF1 DDX5 HLA-DRB1 PSMA7 S100A6 ABI1 CTSS GZMA KLF6 PPIA C19orf43 CALM1 CLIC1 HLA-DRB5 LYZ SSR4 TIMP1 BTG1 CD3D GIMAP7 HCST HLA-DPB1 HLA-DRA IFITM2 JUNB LTB SRGN TYROBP VIM ABI3 C9orf78 CCDC107 CCL5 CFD CTSW FGFBP2 GPX4 GZMH GZMM HOPX ICAM3 IL32,FTL GNLY CD52 S100A4 CD74 LST1 FCER1G NKG7 AIF1 DDX5 HLA-DRB1 PSMA7 S100A6 ABI1 CTSS GZMA KLF6 PPIA C19orf43 CALM1 CLIC1 HLA-DRB5 LYZ SSR4 TIMP1 BTG1 MASKED_GENE GIMAP7 HCST HLA-DPB1 HLA-DRA IFITM2 JUNB LTB SRGN TYROBP VIM ABI3 C9orf78 CCDC107 CCL5 CFD CTSW FGFBP2 GPX4 GZMH GZMM HOPX ICAM3 IL32,FTL GNLY CD52 S100A4 CD74 LST1 FCER1G NKG7 AIF1 DDX5 HLA-DRB1 PSMA7 S100A6 ABI1 CTSS GZMA KLF6 PPIA C19orf43 CALM1 CLIC1 HLA-DRB5 LYZ SSR4 TIMP1 BTG1 CD3D MASKED_GENE HCST HLA-DPB1 HLA-DRA IFITM2 JUNB LTB SRGN TYROBP VIM ABI3 C9orf78 CCDC107 CCL5 CFD CTSW FGFBP2 GPX4 GZMH GZMM HOPX ICAM3 IL32
pbmc68k:GTAATATGAGGTTC-7,GTAATATGAGGTTC-7,7,CD8+/CD45RA+ Naive Cytotoxic,1,CD8_identity,CD3D,1,1,CD3D,2.624,GIMAP7,2.833,PTPRCAP FTL LDHB CD52 COX7C GYPC IL32 NOSIP SRP14 BTG1 DDX5 GIMAP7 LTB S100A6 CCDC167 CD3D CTSS EIF3G PSME2 VIM ABHD17A ADSL AES C6orf48 CD27 CD37 CRIP1 CUTA GSTK1 HLA-DRB1 HMOX2 HNRNPA1 ICAM3 ID2 NPM1 OSTF1 PLAC8 PRDX6 SSR4 TAGLN2 TCP1 ALOX5AP ANP32B ANXA11 APEX1 ATP6V1G1 CCDC109B CD47 CD7 CORO1B,PTPRCAP FTL LDHB CD52 COX7C GYPC IL32 NOSIP SRP14 BTG1 DDX5 GIMAP7 LTB S100A6 CCDC167 MASKED_GENE CTSS EIF3G PSME2 VIM ABHD17A ADSL AES C6orf48 CD27 CD37 CRIP1 CUTA GSTK1 HLA-DRB1 HMOX2 HNRNPA1 ICAM3 ID2 NPM1 OSTF1 PLAC8 PRDX6 SSR4 TAGLN2 TCP1 ALOX5AP ANP32B ANXA11 APEX1 ATP6V1G1 CCDC109B CD47 CD7 CORO1B,PTPRCAP FTL LDHB CD52 COX7C GYPC IL32 NOSIP SRP14 BTG1 DDX5 MASKED_GENE LTB S100A6 CCDC167 CD3D CTSS EIF3G PSME2 VIM ABHD17A ADSL AES C6orf48 CD27 CD37 CRIP1 CUTA GSTK1 HLA-DRB1 HMOX2 HNRNPA1 ICAM3 ID2 NPM1 OSTF1 PLAC8 PRDX6 SSR4 TAGLN2 TCP1 ALOX5AP ANP32B ANXA11 APEX1 ATP6V1G1 CCDC109B CD47 CD7 CORO1B
pbmc68k:TCAATCACCATGCA-7,TCAATCACCATGCA-7,7,CD8+/CD45RA+ Naive Cytotoxic,1,CD8_identity,CD3D;IL7R,2,2,CD3D;IL7R,3.31;2.544,GIMAP7;ISG20,2.923;2.544,CCL5 JUNB CD3D LDHB FTL LTB PTPRCAP ERP29 GIMAP7 TRAF3IP3 AES DDX5 FYB HCST TAGLN2 BTG1 CARS COX7C CRIP1 IL32 IL7R ISG20 LAMTOR4 NDUFS5 NOSIP NPM1 PSMA7 S100A4 S100A6 BLOC1S4 CALM1 CD2 CD52 CD74 EID1 EIF3L EIF4A2 ETFA GSTK1 HIGD2A HNRNPA1 HSPB1 IL2RG NEDD8 PPDPF RWDD1 S100B SSR4 TOMM7 TOP1,CCL5 JUNB MASKED_GENE LDHB FTL LTB PTPRCAP ERP29 GIMAP7 TRAF3IP3 AES DDX5 FYB HCST TAGLN2 BTG1 CARS COX7C CRIP1 IL32 MASKED_GENE ISG20 LAMTOR4 NDUFS5 NOSIP NPM1 PSMA7 S100A4 S100A6 BLOC1S4 CALM1 CD2 CD52 CD74 EID1 EIF3L EIF4A2 ETFA GSTK1 HIGD2A HNRNPA1 HSPB1 IL2RG NEDD8 PPDPF RWDD1 S100B SSR4 TOMM7 TOP1,CCL5 JUNB CD3D LDHB FTL LTB PTPRCAP ERP29 MASKED_GENE TRAF3IP3 AES DDX5 FYB HCST TAGLN2 BTG1 CARS COX7C CRIP1 IL32 IL7R MASKED_GENE LAMTOR4 NDUFS5 NOSIP NPM1 PSMA7 S100A4 S100A6 BLOC1S4 CALM1 CD2 CD52 CD74 EID1 EIF3L EIF4A2 ETFA GSTK1 HIGD2A HNRNPA1 HSPB1 IL2RG NEDD8 PPDPF RWDD1 S100B SSR4 TOMM7 TOP1
pbmc68k:TCAGAGACCAATCG-7,TCAGAGACCAATCG-7,7,CD8+ Cytotoxic T,1,CD8_identity,CD3D;GZMK;CD3G,3,3,CD3D;GZMK;CD3G,3.533;3.317;2.395,CD74;PARK7;ANXA5,4.26;3.431;2.395,NKG7 CD74 CCL5 IL32 GZMA CD3D CD52 FTL PARK7 CLIC1 GZMK CST7 NPM1 COX6A1 MZT2B PTPRCAP GSTP1 GZMH HLA-DPA1 HLA-DPB1 ITGA4 PPA1 S100A4 STMN1 CALM1 CD27 CD37 DDX5 HMGB2 HP1BP3 OSTF1 PPIA S100A10 S100A6 AES ANXA5 ARL6IP5 ATP6V0E1 CD3G CTSW EIF3D EIF3G EIF3L GPX4 GYPC HLA-DRA HLA-DRB1 HNRNPA1 IL2RG JAK1,NKG7 CD74 CCL5 IL32 GZMA MASKED_GENE CD52 FTL PARK7 CLIC1 MASKED_GENE CST7 NPM1 COX6A1 MZT2B PTPRCAP GSTP1 GZMH HLA-DPA1 HLA-DPB1 ITGA4 PPA1 S100A4 STMN1 CALM1 CD27 CD37 DDX5 HMGB2 HP1BP3 OSTF1 PPIA S100A10 S100A6 AES ANXA5 ARL6IP5 ATP6V0E1 MASKED_GENE CTSW EIF3D EIF3G EIF3L GPX4 GYPC HLA-DRA HLA-DRB1 HNRNPA1 IL2RG JAK1,NKG7 MASKED_GENE CCL5 IL32 GZMA CD3D CD52 FTL MASKED_GENE CLIC1 GZMK CST7 NPM1 COX6A1 MZT2B PTPRCAP GSTP1 GZMH HLA-DPA1 HLA-DPB1 ITGA4 PPA1 S100A4 STMN1 CALM1 CD27 CD37 DDX5 HMGB2 HP1BP3 OSTF1 PPIA S100A10 S100A6 AES MASKED_GENE ARL6IP5 ATP6V0E1 CD3G CTSW EIF3D EIF3G EIF3L GPX4 GYPC HLA-DRA HLA-DRB1 HNRNPA1 IL2RG JAK1
pbmc68k:TGACGCCTACTTTC-7,TGACGCCTACTTTC-7,7,CD8+/CD45RA+ Naive Cytotoxic,1,CD8_identity,CD3D;CD8B,2,2,CD3D;CD8B,1.997;1.997,CD74;CNN2,1.997;1.997,LTB JUNB CD52 BTG1 AES GYPC FTL LCK LDHB NPM1 COX7C FOS IFITM2 ANAPC16 CD37 DDX5 EIF3E EIF3G EIF3L EIF4A1 EVL GIMAP7 ICAM3 IL32 LDHA NDUFS8 NHP2 NOSIP PCNP PTPRCAP S100A4 S100A6 SOD1 TRAF3IP3 TRIAP1 AP2S1 ATP6V0E1 BLOC1S4 C20orf27 CALR CCDC107 CD3D CD7 CD74 CD8B CNN2 COX16 COX6A1 CTSW CXCR4,LTB JUNB CD52 BTG1 AES GYPC FTL LCK LDHB NPM1 COX7C FOS IFITM2 ANAPC16 CD37 DDX5 EIF3E EIF3G EIF3L EIF4A1 EVL GIMAP7 ICAM3 IL32 LDHA NDUFS8 NHP2 NOSIP PCNP PTPRCAP S100A4 S100A6 SOD1 TRAF3IP3 TRIAP1 AP2S1 ATP6V0E1 BLOC1S4 C20orf27 CALR CCDC107 MASKED_GENE CD7 CD74 MASKED_GENE CNN2 COX16 COX6A1 CTSW CXCR4,LTB JUNB CD52 BTG1 AES GYPC FTL LCK LDHB NPM1 COX7C FOS IFITM2 ANAPC16 CD37 DDX5 EIF3E EIF3G EIF3L EIF4A1 EVL GIMAP7 ICAM3 IL32 LDHA NDUFS8 NHP2 NOSIP PCNP PTPRCAP S100A4 S100A6 SOD1 TRAF3IP3 TRIAP1 AP2S1 ATP6V0E1 BLOC1S4 C20orf27 CALR CCDC107 CD3D CD7 MASKED_GENE CD8B MASKED_GENE COX16 COX6A1 CTSW CXCR4
pbmc68k:TGATTCACGGGATG-7,TGATTCACGGGATG-7,7,CD56+ NK,0,NK_identity,NKG7;GNLY;GZMB;TYROBP;PRF1,5,3,NKG7;GNLY;GZMB,4.806;4.658;3.261,CD74;PSMA7;LY6E,3.086;3.41;3.086,NKG7 GNLY IFITM2 CLIC1 FCER1G ITGB2 CLIC3 PSMA7 VIM GZMB PLAC8 TYROBP CD74 LY6E PSME2 PTPRCAP CD53 COX7C CTSW GZMA H2AFY HCST HNRNPA1 PPIB SRP14 CAP1 CD300A CD63 COPE FTL GSTK1 GSTP1 HIGD2A ID2 IFITM1 IFITM3 LMAN2 NAP1L1 NDUFB11 PRF1 PSMC3 SBDS SEPT7 SRGN U2AF1 ALKBH7 ANXA1 AP2S1 ARF6 ARPC5L,MASKED_GENE MASKED_GENE IFITM2 CLIC1 FCER1G ITGB2 CLIC3 PSMA7 VIM MASKED_GENE PLAC8 TYROBP CD74 LY6E PSME2 PTPRCAP CD53 COX7C CTSW GZMA H2AFY HCST HNRNPA1 PPIB SRP14 CAP1 CD300A CD63 COPE FTL GSTK1 GSTP1 HIGD2A ID2 IFITM1 IFITM3 LMAN2 NAP1L1 NDUFB11 PRF1 PSMC3 SBDS SEPT7 SRGN U2AF1 ALKBH7 ANXA1 AP2S1 ARF6 ARPC5L,NKG7 GNLY IFITM2 CLIC1 FCER1G ITGB2 CLIC3 MASKED_GENE VIM GZMB PLAC8 TYROBP MASKED_GENE MASKED_GENE PSME2 PTPRCAP CD53 COX7C CTSW GZMA H2AFY HCST HNRNPA1 PPIB SRP14 CAP1 CD300A CD63 COPE FTL GSTK1 GSTP1 HIGD2A ID2 IFITM1 IFITM3 LMAN2 NAP1L1 NDUFB11 PRF1 PSMC3 SBDS SEPT7 SRGN U2AF1 ALKBH7 ANXA1 AP2S1 ARF6 ARPC5L
pbmc68k:TGCAAGACTTTCTG-7,TGCAAGACTTTCTG-7,7,CD8+/CD45RA+ Naive Cytotoxic,1,CD8_identity,CD3E,1,1,CD3E,3.06,HCST,3.06,LTB JUNB FTL CD52 TXNIP CD3E HCST BTG1 IFITM2 CD27 DUSP2 HSP90AB1 PTPRCAP AES C9orf78 CD7 COX7C DDX5 GIMAP7 IMPDH2 LCK LYAR NDUFA4 PRDX2 S100A4 S100A6 TAGLN2 ZFAS1 AP2S1 C6orf48 CD37 CD53 CLIC1 EIF3L GPX1 H2AFY HNRNPDL HSPB1 MIF NDUFS8 NPM1 PPP2R5C RNASET2 SAP18 SCAMP2 SRP14 ANAPC16 ANXA11 ARL4C C19orf43,LTB JUNB FTL CD52 TXNIP MASKED_GENE HCST BTG1 IFITM2 CD27 DUSP2 HSP90AB1 PTPRCAP AES C9orf78 CD7 COX7C DDX5 GIMAP7 IMPDH2 LCK LYAR NDUFA4 PRDX2 S100A4 S100A6 TAGLN2 ZFAS1 AP2S1 C6orf48 CD37 CD53 CLIC1 EIF3L GPX1 H2AFY HNRNPDL HSPB1 MIF NDUFS8 NPM1 PPP2R5C RNASET2 SAP18 SCAMP2 SRP14 ANAPC16 ANXA11 ARL4C C19orf43,LTB JUNB FTL CD52 TXNIP CD3E MASKED_GENE BTG1 IFITM2 CD27 DUSP2 HSP90AB1 PTPRCAP AES C9orf78 CD7 COX7C DDX5 GIMAP7 IMPDH2 LCK LYAR NDUFA4 PRDX2 S100A4 S100A6 TAGLN2 ZFAS1 AP2S1 C6orf48 CD37 CD53 CLIC1 EIF3L GPX1 H2AFY HNRNPDL HSPB1 MIF NDUFS8 NPM1 PPP2R5C RNASET2 SAP18 SCAMP2 SRP14 ANAPC16 ANXA11 ARL4C C19orf43
pbmc68k:TGCCAAGATTGTGG-7,TGCCAAGATTGTGG-7,7,CD8+ Cytotoxic T,1,CD8_identity,CD3E;GZMK,2,2,CD3E;GZMK,2.599;2.336,PPIA;H1FX,2.599;2.336,GNLY CCL5 FTL IL32 JUNB NKG7 GZMH CALM1 CD7 HNRNPA1 LDHB S100A4 SAP18 CD52 GZMB HNRNPK PTPRCAP BBX CD3E CXCR4 DDX5 IL2RG ISG20 PPIA RABAC1 S100A10 S100A6 SEPT9 ZFP36L2 BST2 BTG1 C9orf142 CD27 CD37 CHST12 CST7 EIF3I EIF4A1 GSTP1 GZMK H1FX HOPX IFITM2 LAMTOR4 LAT LCK NPM1 PARK7 PRF1 RBX1,GNLY CCL5 FTL IL32 JUNB NKG7 GZMH CALM1 CD7 HNRNPA1 LDHB S100A4 SAP18 CD52 GZMB HNRNPK PTPRCAP BBX MASKED_GENE CXCR4 DDX5 IL2RG ISG20 PPIA RABAC1 S100A10 S100A6 SEPT9 ZFP36L2 BST2 BTG1 C9orf142 CD27 CD37 CHST12 CST7 EIF3I EIF4A1 GSTP1 MASKED_GENE H1FX HOPX IFITM2 LAMTOR4 LAT LCK NPM1 PARK7 PRF1 RBX1,GNLY CCL5 FTL IL32 JUNB NKG7 GZMH CALM1 CD7 HNRNPA1 LDHB S100A4 SAP18 CD52 GZMB HNRNPK PTPRCAP BBX CD3E CXCR4 DDX5 IL2RG ISG20 MASKED_GENE RABAC1 S100A10 S100A6 SEPT9 ZFP36L2 BST2 BTG1 C9orf142 CD27 CD37 CHST12 CST7 EIF3I EIF4A1 GSTP1 GZMK MASKED_GENE HOPX IFITM2 LAMTOR4 LAT LCK NPM1 PARK7 PRF1 RBX1
pbmc68k:TTCCATGACGAATC-7,TTCCATGACGAATC-7,7,CD8+/CD45RA+ Naive Cytotoxic,1,CD8_identity,CD3D,1,1,CD3D,2.822,PPIA,3.06,NOSIP VIM HNRNPA1 NPM1 CD52 HMGB2 GYPC LDHB PPIA CALM3 FTL CD3D LTB SRP14 HMGA1 NAP1L1 AES C19orf43 CCDC109B CD2 CLIC1 EIF3I EIF4A1 HSPB1 LSM4 PSME2 SKP1 ATP5J2 BTG1 CCT8 EIF3L GIMAP7 IFITM2 LAMTOR4 NCL NDUFA4 NDUFB11 NDUFS5 PSMA7 SAP18 STMN1 SUB1 ZNF706 AMICA1 ANAPC16 ANP32B ANXA5 AP2S1 ARID4B ATP5B,NOSIP VIM HNRNPA1 NPM1 CD52 HMGB2 GYPC LDHB PPIA CALM3 FTL MASKED_GENE LTB SRP14 HMGA1 NAP1L1 AES C19orf43 CCDC109B CD2 CLIC1 EIF3I EIF4A1 HSPB1 LSM4 PSME2 SKP1 ATP5J2 BTG1 CCT8 EIF3L GIMAP7 IFITM2 LAMTOR4 NCL NDUFA4 NDUFB11 NDUFS5 PSMA7 SAP18 STMN1 SUB1 ZNF706 AMICA1 ANAPC16 ANP32B ANXA5 AP2S1 ARID4B ATP5B,NOSIP VIM HNRNPA1 NPM1 CD52 HMGB2 GYPC LDHB MASKED_GENE CALM3 FTL CD3D LTB SRP14 HMGA1 NAP1L1 AES C19orf43 CCDC109B CD2 CLIC1 EIF3I EIF4A1 HSPB1 LSM4 PSME2 SKP1 ATP5J2 BTG1 CCT8 EIF3L GIMAP7 IFITM2 LAMTOR4 NCL NDUFA4 NDUFB11 NDUFS5 PSMA7 SAP18 STMN1 SUB1 ZNF706 AMICA1 ANAPC16 ANP32B ANXA5 AP2S1 ARID4B ATP5B
pbmc68k:TTTCTACTGTATGC-7,TTTCTACTGTATGC-7,7,CD8+ Cytotoxic T,1,CD8_identity,CD3D;CD247;KLRB1;CD3E,4,3,CD3D;CD247;KLRB1,3.211;2.449;2.449,GYPC;EVL;MAD2L2,3.211;2.449;2.449,LTB CCL5 CD52 CD3D GYPC PSME2 LDHB CD37 NDUFB11 NKG7 PTPRCAP NOSIP ATP6V0E1 CORO1B DDX5 FTL JUNB NPM1 SUMO2 TAGLN2 ATP6V1G1 CCR7 CCT3 CD247 CD7 EVL GSTK1 HIGD2A HNRNPA1 HNRNPDL KLRB1 LAMTOR4 LEPROTL1 MAD2L2 MRFAP1 PPIA PSMA7 S100A4 S100A6 SNHG7 SRGN TBC1D10C ANP32B ATPIF1 BTG1 C6orf48 CCT8 CD3E CLIC1 COX7C,LTB CCL5 CD52 MASKED_GENE GYPC PSME2 LDHB CD37 NDUFB11 NKG7 PTPRCAP NOSIP ATP6V0E1 CORO1B DDX5 FTL JUNB NPM1 SUMO2 TAGLN2 ATP6V1G1 CCR7 CCT3 MASKED_GENE CD7 EVL GSTK1 HIGD2A HNRNPA1 HNRNPDL MASKED_GENE LAMTOR4 LEPROTL1 MAD2L2 MRFAP1 PPIA PSMA7 S100A4 S100A6 SNHG7 SRGN TBC1D10C ANP32B ATPIF1 BTG1 C6orf48 CCT8 CD3E CLIC1 COX7C,LTB CCL5 CD52 CD3D MASKED_GENE PSME2 LDHB CD37 NDUFB11 NKG7 PTPRCAP NOSIP ATP6V0E1 CORO1B DDX5 FTL JUNB NPM1 SUMO2 TAGLN2 ATP6V1G1 CCR7 CCT3 CD247 CD7 MASKED_GENE GSTK1 HIGD2A HNRNPA1 HNRNPDL KLRB1 LAMTOR4 LEPROTL1 MASKED_GENE MRFAP1 PPIA PSMA7 S100A4 S100A6 SNHG7 SRGN TBC1D10C ANP32B ATPIF1 BTG1 C6orf48 CCT8 CD3E CLIC1 COX7C
pbmc68k:ACCGCGGACTACCC-8,ACCGCGGACTACCC-8,8,CD8+/CD45RA+ Naive Cytotoxic,1,CD8_identity,GZMK;CD3E,2,2,GZMK;CD3E,3.258;2.233,S100A4;EIF3G,3.451;2.233,FTL JUNB BTG1 S100A4 DDX5 GZMK NKG7 CALM1 HNRNPA1 IL32 LTB VIM FOS GIMAP7 CD52 CXCR4 GNLY GZMM LDHB MTDH PSMA7 EBP EIF4A2 EVL HSP90AB1 ICAM3 LY6E NOSIP NPM1 PSME2 PTPRCAP ATP6V0E1 ATP6V1G1 BST2 CCNI CD27 CD3E CLIC1 COMMD5 CTSW EID1 EIF3G GNAI2 GZMA NDNL2 NFKBIA OST4 PAFAH1B3 PRDX6 RNASET2,FTL JUNB BTG1 S100A4 DDX5 MASKED_GENE NKG7 CALM1 HNRNPA1 IL32 LTB VIM FOS GIMAP7 CD52 CXCR4 GNLY GZMM LDHB MTDH PSMA7 EBP EIF4A2 EVL HSP90AB1 ICAM3 LY6E NOSIP NPM1 PSME2 PTPRCAP ATP6V0E1 ATP6V1G1 BST2 CCNI CD27 MASKED_GENE CLIC1 COMMD5 CTSW EID1 EIF3G GNAI2 GZMA NDNL2 NFKBIA OST4 PAFAH1B3 PRDX6 RNASET2,FTL JUNB BTG1 MASKED_GENE DDX5 GZMK NKG7 CALM1 HNRNPA1 IL32 LTB VIM FOS GIMAP7 CD52 CXCR4 GNLY GZMM LDHB MTDH PSMA7 EBP EIF4A2 EVL HSP90AB1 ICAM3 LY6E NOSIP NPM1 PSME2 PTPRCAP ATP6V0E1 ATP6V1G1 BST2 CCNI CD27 CD3E CLIC1 COMMD5 CTSW EID1 MASKED_GENE GNAI2 GZMA NDNL2 NFKBIA OST4 PAFAH1B3 PRDX6 RNASET2
pbmc68k:ACTAAAACCATTCT-8,ACTAAAACCATTCT-8,8,CD8+ Cytotoxic T,1,CD8_identity,CD3D;GZMK,2,2,CD3D;GZMK,3.546;2.882,S100A4;GLRX,3.764;2.882,ISG20 S100A4 CD3D JUNB NDUFB10 S100A6 CD74 LGALS3 LTB BTG1 CD52 CLIC1 HLA-DPB1 S100A10 SRGN VIM CD37 NUCB2 PTPRCAP SUMO2 CD27 DDX5 GCHFR GLRX GZMK HLA-DRA PPDPF PSME2 RGS10 TAGLN2 AES ANP32B ANXA1 ATP5O C6orf48 CALM1 CAP1 CST7 FTL HCST HNRNPK IL2RG LAMTOR4 MEAF6 NAP1L1 NKG7 SRP14 TCEB2 TMEM256 ARL6IP5,ISG20 S100A4 MASKED_GENE JUNB NDUFB10 S100A6 CD74 LGALS3 LTB BTG1 CD52 CLIC1 HLA-DPB1 S100A10 SRGN VIM CD37 NUCB2 PTPRCAP SUMO2 CD27 DDX5 GCHFR GLRX MASKED_GENE HLA-DRA PPDPF PSME2 RGS10 TAGLN2 AES ANP32B ANXA1 ATP5O C6orf48 CALM1 CAP1 CST7 FTL HCST HNRNPK IL2RG LAMTOR4 MEAF6 NAP1L1 NKG7 SRP14 TCEB2 TMEM256 ARL6IP5,ISG20 MASKED_GENE CD3D JUNB NDUFB10 S100A6 CD74 LGALS3 LTB BTG1 CD52 CLIC1 HLA-DPB1 S100A10 SRGN VIM CD37 NUCB2 PTPRCAP SUMO2 CD27 DDX5 GCHFR MASKED_GENE GZMK HLA-DRA PPDPF PSME2 RGS10 TAGLN2 AES ANP32B ANXA1 ATP5O C6orf48 CALM1 CAP1 CST7 FTL HCST HNRNPK IL2RG LAMTOR4 MEAF6 NAP1L1 NKG7 SRP14 TCEB2 TMEM256 ARL6IP5
pbmc68k:AGGGTGGACAGCTA-8,AGGGTGGACAGCTA-8,8,CD8+ Cytotoxic T,1,CD8_identity,CD3D;CD3E;CD8A,3,3,CD3D;CD3E;CD8A,2.98;2.709;2.709,COPE;SRP14;DGCR6L,3.193;2.98;2.709,CCL5 GNLY NKG7 S100A4 FTL STMN1 PPDPF CD53 GZMH NPM1 VIM COPE CD3D CLIC1 GZMA HMGB2 IL32 PTPRCAP S100A10 SRP14 SRSF7 AP2S1 CD3E CD8A DGCR6L FCGR3A H2AFY HNRNPA1 HNRNPDL HNRNPK HOPX LDHB LY6E NUCB2 POLR3K PRDX6 S100A6 TXNIP TYROBP ARPC5L ATP6V0E1 ATP6V1G1 C19orf43 C9orf142 CD164 CTSC CTSW CXCR4 DCXR EBP,CCL5 GNLY NKG7 S100A4 FTL STMN1 PPDPF CD53 GZMH NPM1 VIM COPE MASKED_GENE CLIC1 GZMA HMGB2 IL32 PTPRCAP S100A10 SRP14 SRSF7 AP2S1 MASKED_GENE MASKED_GENE DGCR6L FCGR3A H2AFY HNRNPA1 HNRNPDL HNRNPK HOPX LDHB LY6E NUCB2 POLR3K PRDX6 S100A6 TXNIP TYROBP ARPC5L ATP6V0E1 ATP6V1G1 C19orf43 C9orf142 CD164 CTSC CTSW CXCR4 DCXR EBP,CCL5 GNLY NKG7 S100A4 FTL STMN1 PPDPF CD53 GZMH NPM1 VIM MASKED_GENE CD3D CLIC1 GZMA HMGB2 IL32 PTPRCAP S100A10 MASKED_GENE SRSF7 AP2S1 CD3E CD8A MASKED_GENE FCGR3A H2AFY HNRNPA1 HNRNPDL HNRNPK HOPX LDHB LY6E NUCB2 POLR3K PRDX6 S100A6 TXNIP TYROBP ARPC5L ATP6V0E1 ATP6V1G1 C19orf43 C9orf142 CD164 CTSC CTSW CXCR4 DCXR EBP
pbmc68k:AGTACGTGTACGCA-8,AGTACGTGTACGCA-8,8,CD56+ NK,0,NK_identity,NKG7;GNLY;GZMH;GZMB;FGFBP2;SPON2;TYROBP,7,3,NKG7;GNLY;GZMH,4.34;4.102;3.588,HNRNPA1;STMN1;HMGB2,2.992;4.009;3.232,NKG7 GNLY STMN1 GZMH CLIC1 HMGB2 IL32 GZMA CALM1 HNRNPA1 IFITM2 BTG1 EIF3G GZMB PCNA PLAC8 SUMO2 TAGLN2 TALDO1 U2AF1 ANXA1 CALM3 CD7 FGFBP2 HNRNPF ID2 IDH2 IGFBP7 ITGB2 LDHA LY6E NDUFB11 NPM1 PPIA RHOC SAP18 SPON2 TYROBP ANP32B AP2S1 C19orf43 C9orf142 CLIC3 CTSW HIST1H4C NDUFA11 PSMA7 PTPRC SNORD3B-2 STK17A,MASKED_GENE MASKED_GENE STMN1 MASKED_GENE CLIC1 HMGB2 IL32 GZMA CALM1 HNRNPA1 IFITM2 BTG1 EIF3G GZMB PCNA PLAC8 SUMO2 TAGLN2 TALDO1 U2AF1 ANXA1 CALM3 CD7 FGFBP2 HNRNPF ID2 IDH2 IGFBP7 ITGB2 LDHA LY6E NDUFB11 NPM1 PPIA RHOC SAP18 SPON2 TYROBP ANP32B AP2S1 C19orf43 C9orf142 CLIC3 CTSW HIST1H4C NDUFA11 PSMA7 PTPRC SNORD3B-2 STK17A,NKG7 GNLY MASKED_GENE GZMH CLIC1 MASKED_GENE IL32 GZMA CALM1 MASKED_GENE IFITM2 BTG1 EIF3G GZMB PCNA PLAC8 SUMO2 TAGLN2 TALDO1 U2AF1 ANXA1 CALM3 CD7 FGFBP2 HNRNPF ID2 IDH2 IGFBP7 ITGB2 LDHA LY6E NDUFB11 NPM1 PPIA RHOC SAP18 SPON2 TYROBP ANP32B AP2S1 C19orf43 C9orf142 CLIC3 CTSW HIST1H4C NDUFA11 PSMA7 PTPRC SNORD3B-2 STK17A
pbmc68k:CACTGAGACGAACT-8,CACTGAGACGAACT-8,8,CD56+ NK,0,NK_identity,NKG7;GNLY;GZMB;FGFBP2;GZMH;PRF1,6,3,NKG7;GNLY;GZMB,4.496;4.454;3.419,FTL;PTPRCAP;S100A4,3.636;3.729;3.419,NKG7 GNLY CD7 PTPRCAP FTL GZMB IFITM1 IFITM2 S100A4 CCL5 FGFBP2 GZMA GZMH LDHB CD52 CLIC1 CST7 CTSW ITGB2 PRF1 PSME2 S100A6 SNORD3B-2 ATPIF1 CALM1 CD63 EIF4A1 LDHA PARK7 PPIB S100A10 SRGN TAGLN2 ARL6IP5 ARPC5L C19orf43 C9orf142 CD53 CLIC3 EIF3L HNRNPA1 IFITM3 IL32 IMP3 LSM4 NFKBIA POLR2G PPDPF SAP18 SOD1,MASKED_GENE MASKED_GENE CD7 PTPRCAP FTL MASKED_GENE IFITM1 IFITM2 S100A4 CCL5 FGFBP2 GZMA GZMH LDHB CD52 CLIC1 CST7 CTSW ITGB2 PRF1 PSME2 S100A6 SNORD3B-2 ATPIF1 CALM1 CD63 EIF4A1 LDHA PARK7 PPIB S100A10 SRGN TAGLN2 ARL6IP5 ARPC5L C19orf43 C9orf142 CD53 CLIC3 EIF3L HNRNPA1 IFITM3 IL32 IMP3 LSM4 NFKBIA POLR2G PPDPF SAP18 SOD1,NKG7 GNLY CD7 MASKED_GENE MASKED_GENE GZMB IFITM1 IFITM2 MASKED_GENE CCL5 FGFBP2 GZMA GZMH LDHB CD52 CLIC1 CST7 CTSW ITGB2 PRF1 PSME2 S100A6 SNORD3B-2 ATPIF1 CALM1 CD63 EIF4A1 LDHA PARK7 PPIB S100A10 SRGN TAGLN2 ARL6IP5 ARPC5L C19orf43 C9orf142 CD53 CLIC3 EIF3L HNRNPA1 IFITM3 IL32 IMP3 LSM4 NFKBIA POLR2G PPDPF SAP18 SOD1
pbmc68k:CGGCCAGAGGCAAG-8,CGGCCAGAGGCAAG-8,8,CD56+ NK,0,NK_identity,NKG7;GNLY;GZMB;GZMH;FCGR3A,5,3,NKG7;GNLY;GZMB,4.538;3.267;3.092,C9orf142;EIF4A1;PSMA7,3.416;3.092;3.092,NKG7 CTSW GZMA C9orf142 CD63 FCER1G IGFBP7 GNLY IFITM2 PPDPF PSME2 U2AF1 CALM1 CD7 EIF4A1 FTL GSTP1 GZMB GZMH IRF1 PSMA7 VIM HNRNPA1 HNRNPDL LDHA LDHB MATK PLAC8 ARPC5L ATP5B ATPIF1 CALR CD247 CD300A CLIC1 COX6A1 CRIP1 DCXR FCGR3A GIMAP7 GZMM IFITM1 LCK LMAN2 LY6E NEDD8 NPM1 PPIA PRDX6 PRMT2,MASKED_GENE CTSW GZMA C9orf142 CD63 FCER1G IGFBP7 MASKED_GENE IFITM2 PPDPF PSME2 U2AF1 CALM1 CD7 EIF4A1 FTL GSTP1 MASKED_GENE GZMH IRF1 PSMA7 VIM HNRNPA1 HNRNPDL LDHA LDHB MATK PLAC8 ARPC5L ATP5B ATPIF1 CALR CD247 CD300A CLIC1 COX6A1 CRIP1 DCXR FCGR3A GIMAP7 GZMM IFITM1 LCK LMAN2 LY6E NEDD8 NPM1 PPIA PRDX6 PRMT2,NKG7 CTSW GZMA MASKED_GENE CD63 FCER1G IGFBP7 GNLY IFITM2 PPDPF PSME2 U2AF1 CALM1 CD7 MASKED_GENE FTL GSTP1 GZMB GZMH IRF1 MASKED_GENE VIM HNRNPA1 HNRNPDL LDHA LDHB MATK PLAC8 ARPC5L ATP5B ATPIF1 CALR CD247 CD300A CLIC1 COX6A1 CRIP1 DCXR FCGR3A GIMAP7 GZMM IFITM1 LCK LMAN2 LY6E NEDD8 NPM1 PPIA PRDX6 PRMT2
pbmc68k:CTTTGATGTGTCAG-8,CTTTGATGTGTCAG-8,8,CD56+ NK,0,NK_identity,GNLY;NKG7;GZMB;FCGR3A,4,3,GNLY;NKG7;GZMB,3.919;3.523;3.071,FTL;S100A4;GPX4,3.523;3.245;3.071,LTB GNLY FTL NKG7 DDX5 GZMA JUNB BTG1 EIF4A1 PTPRCAP S100A4 CCL5 CTSW GPX4 GZMB CALM1 CD7 CST7 DHRS7 FCGR3A GIMAP7 HNRNPA1 HNRNPF LDHB PPIA SKP1 APEX1 ARL4C CD3E EIF3E ERP29 FCER1G GYPC IL2RG IL32 LAT LY6E NOSIP PPDPF PSAP PSME2 RSL1D1 SEC62 TEX264 ABHD17A ANAPC16 ATP5I C10orf54 CCNI CD247,LTB MASKED_GENE FTL MASKED_GENE DDX5 GZMA JUNB BTG1 EIF4A1 PTPRCAP S100A4 CCL5 CTSW GPX4 MASKED_GENE CALM1 CD7 CST7 DHRS7 FCGR3A GIMAP7 HNRNPA1 HNRNPF LDHB PPIA SKP1 APEX1 ARL4C CD3E EIF3E ERP29 FCER1G GYPC IL2RG IL32 LAT LY6E NOSIP PPDPF PSAP PSME2 RSL1D1 SEC62 TEX264 ABHD17A ANAPC16 ATP5I C10orf54 CCNI CD247,LTB GNLY MASKED_GENE NKG7 DDX5 GZMA JUNB BTG1 EIF4A1 PTPRCAP MASKED_GENE CCL5 CTSW MASKED_GENE GZMB CALM1 CD7 CST7 DHRS7 FCGR3A GIMAP7 HNRNPA1 HNRNPF LDHB PPIA SKP1 APEX1 ARL4C CD3E EIF3E ERP29 FCER1G GYPC IL2RG IL32 LAT LY6E NOSIP PPDPF PSAP PSME2 RSL1D1 SEC62 TEX264 ABHD17A ANAPC16 ATP5I C10orf54 CCNI CD247
pbmc68k:GCAGGGCTGTATGC-8,GCAGGGCTGTATGC-8,8,CD8+/CD45RA+ Naive Cytotoxic,1,CD8_identity,GZMK;CD3D;CD3G,3,3,GZMK;CD3D;CD3G,2.706;2.499;2.238,EIF3L;AES;LDHA,2.499;2.238;2.238,JUNB LTB FTL IL32 NPM1 GIMAP7 NOSIP LDHB CCL5 CD7 DDX5 GZMK HNRNPA1 IFITM2 NBEAL1 CD3D COX7C EIF3L EIF4A2 NDUFB11 PLAC8 S100A4 SERPINB1 AES C19orf53 CALM1 CD27 CD3G CLIC1 CLIC3 GZMM HCST HIST1H1E HNRNPK IL2RG LDHA LSM4 OST4 PARK7 PSME2 PTPRC PTPRCAP RBM39 S100A6 SSU72 TAGLN2 TCEB2 TRAPPC1 ABHD17A ALOX5AP,JUNB LTB FTL IL32 NPM1 GIMAP7 NOSIP LDHB CCL5 CD7 DDX5 MASKED_GENE HNRNPA1 IFITM2 NBEAL1 MASKED_GENE COX7C EIF3L EIF4A2 NDUFB11 PLAC8 S100A4 SERPINB1 AES C19orf53 CALM1 CD27 MASKED_GENE CLIC1 CLIC3 GZMM HCST HIST1H1E HNRNPK IL2RG LDHA LSM4 OST4 PARK7 PSME2 PTPRC PTPRCAP RBM39 S100A6 SSU72 TAGLN2 TCEB2 TRAPPC1 ABHD17A ALOX5AP,JUNB LTB FTL IL32 NPM1 GIMAP7 NOSIP LDHB CCL5 CD7 DDX5 GZMK HNRNPA1 IFITM2 NBEAL1 CD3D COX7C MASKED_GENE EIF4A2 NDUFB11 PLAC8 S100A4 SERPINB1 MASKED_GENE C19orf53 CALM1 CD27 CD3G CLIC1 CLIC3 GZMM HCST HIST1H1E HNRNPK IL2RG MASKED_GENE LSM4 OST4 PARK7 PSME2 PTPRC PTPRCAP RBM39 S100A6 SSU72 TAGLN2 TCEB2 TRAPPC1 ABHD17A ALOX5AP
pbmc68k:GGAAGGTGACGCAT-8,GGAAGGTGACGCAT-8,8,CD8+ Cytotoxic T,1,CD8_identity,CD3E;CD3D,2,2,CD3E;CD3D,3.3;3.172,S100A4;FTL,3.414;3.172,CCL5 GNLY NKG7 BTG1 IFITM2 S100A4 CD3E CD3D CD52 FTL LTB S100A6 CTSW GZMM NPM1 DDX5 FGFBP2 GIMAP7 GZMB HNRNPA1 NOSIP CALM1 CLIC1 EIF4A1 JUNB PARK7 PLAC8 S100A10 SRP14 TINF2 VIM CALR COPE EIF3I GSTK1 GZMA GZMH HSP90AB1 IL2RG IL32 ISG20 LAT LDHB MARCKSL1 NAP1L1 NDUFA4 PSMD7 ABI3 ADRM1 AES,CCL5 GNLY NKG7 BTG1 IFITM2 S100A4 MASKED_GENE MASKED_GENE CD52 FTL LTB S100A6 CTSW GZMM NPM1 DDX5 FGFBP2 GIMAP7 GZMB HNRNPA1 NOSIP CALM1 CLIC1 EIF4A1 JUNB PARK7 PLAC8 S100A10 SRP14 TINF2 VIM CALR COPE EIF3I GSTK1 GZMA GZMH HSP90AB1 IL2RG IL32 ISG20 LAT LDHB MARCKSL1 NAP1L1 NDUFA4 PSMD7 ABI3 ADRM1 AES,CCL5 GNLY NKG7 BTG1 IFITM2 MASKED_GENE CD3E CD3D CD52 MASKED_GENE LTB S100A6 CTSW GZMM NPM1 DDX5 FGFBP2 GIMAP7 GZMB HNRNPA1 NOSIP CALM1 CLIC1 EIF4A1 JUNB PARK7 PLAC8 S100A10 SRP14 TINF2 VIM CALR COPE EIF3I GSTK1 GZMA GZMH HSP90AB1 IL2RG IL32 ISG20 LAT LDHB MARCKSL1 NAP1L1 NDUFA4 PSMD7 ABI3 ADRM1 AES
pbmc68k:GGGATGGATTCCAT-8,GGGATGGATTCCAT-8,8,CD8+ Cytotoxic T,1,CD8_identity,CD3E,1,1,CD3E,2.919,HCST,2.709,CCL5 LTB NKG7 FTL GNLY JUNB PTPRCAP BTG1 CALM1 CD52 CLIC1 CST7 KLRG1 LDHB S100A4 S100A6 CD3E C19orf53 GPX4 HCST IL32 NPM1 PPDPF PSMB6 RWDD1 S100A10 SRGN VIM AES C10orf54 C6orf48 CD2 CD27 CD63 CD74 COPE CRIP1 CXCR4 GIMAP7 GZMH HLA-DPB1 HNRNPK ID2 IFITM2 ISCU LCK LY6E NDUFB11 OST4 PPA1,CCL5 LTB NKG7 FTL GNLY JUNB PTPRCAP BTG1 CALM1 CD52 CLIC1 CST7 KLRG1 LDHB S100A4 S100A6 MASKED_GENE C19orf53 GPX4 HCST IL32 NPM1 PPDPF PSMB6 RWDD1 S100A10 SRGN VIM AES C10orf54 C6orf48 CD2 CD27 CD63 CD74 COPE CRIP1 CXCR4 GIMAP7 GZMH HLA-DPB1 HNRNPK ID2 IFITM2 ISCU LCK LY6E NDUFB11 OST4 PPA1,CCL5 LTB NKG7 FTL GNLY JUNB PTPRCAP BTG1 CALM1 CD52 CLIC1 CST7 KLRG1 LDHB S100A4 S100A6 CD3E C19orf53 GPX4 MASKED_GENE IL32 NPM1 PPDPF PSMB6 RWDD1 S100A10 SRGN VIM AES C10orf54 C6orf48 CD2 CD27 CD63 CD74 COPE CRIP1 CXCR4 GIMAP7 GZMH HLA-DPB1 HNRNPK ID2 IFITM2 ISCU LCK LY6E NDUFB11 OST4 PPA1
pbmc68k:TACGCAGATGGTTG-8,TACGCAGATGGTTG-8,8,CD56+ NK,0,NK_identity,GNLY;NKG7;FGFBP2;PRF1,4,3,GNLY;NKG7;FGFBP2,3.819;3.584;2.356,NOSIP;FTL;COPE,3.276;3.389;2.356,GNLY LTB NKG7 FTL JUNB CD52 NOSIP CALM1 LDHB CTSW HNRNPA1 CD37 EIF3G ID2 PLAC8 PPDPF SEPT7 TAGLN2 AES APEX1 ATP6V0E1 ATP6V1G1 BTG1 C19orf43 CCNI CD53 CD7 CLIC3 COPE CST7 DDX5 FGFBP2 GIMAP7 GZMM HMGA1 IL7R IMP3 LY6E MZT2B NAP1L1 NDUFB11 NDUFB2 NPM1 PRF1 RGS19 RNASET2 S100A6 SOD1 SSB SUPT4H1,MASKED_GENE LTB MASKED_GENE FTL JUNB CD52 NOSIP CALM1 LDHB CTSW HNRNPA1 CD37 EIF3G ID2 PLAC8 PPDPF SEPT7 TAGLN2 AES APEX1 ATP6V0E1 ATP6V1G1 BTG1 C19orf43 CCNI CD53 CD7 CLIC3 COPE CST7 DDX5 MASKED_GENE GIMAP7 GZMM HMGA1 IL7R IMP3 LY6E MZT2B NAP1L1 NDUFB11 NDUFB2 NPM1 PRF1 RGS19 RNASET2 S100A6 SOD1 SSB SUPT4H1,GNLY LTB NKG7 MASKED_GENE JUNB CD52 MASKED_GENE CALM1 LDHB CTSW HNRNPA1 CD37 EIF3G ID2 PLAC8 PPDPF SEPT7 TAGLN2 AES APEX1 ATP6V0E1 ATP6V1G1 BTG1 C19orf43 CCNI CD53 CD7 CLIC3 MASKED_GENE CST7 DDX5 FGFBP2 GIMAP7 GZMM HMGA1 IL7R IMP3 LY6E MZT2B NAP1L1 NDUFB11 NDUFB2 NPM1 PRF1 RGS19 RNASET2 S100A6 SOD1 SSB SUPT4H1
pbmc68k:TAGCCCTGGAGGAC-8,TAGCCCTGGAGGAC-8,8,CD8+ Cytotoxic T,1,CD8_identity,CD3E;CD8A,2,2,CD3E;CD8A,2.145;2.145,CD53;EVL,2.145;2.145,CCL5 NKG7 PTPRCAP FTL SRP14 GIMAP7 GZMA JUNB CD2 IL32 S100A4 BTG1 NAP1L1 CD74 DDX5 GZMH PARK7 ANXA1 CD37 CD52 CLIC1 DNAJB1 HLA-DPB1 HLA-DRB1 ISG20 ITGB2 LDHB LTB LY6E MATK NUCB2 PPDPF PRDX6 SNHG7 SOD1 ARPC5L ATP6V1G1 C19orf43 C6orf48 C9orf142 CCNI CD3E CD53 CD8A CTSW EIF4A1 ERP29 EVL GYPC GZMM,CCL5 NKG7 PTPRCAP FTL SRP14 GIMAP7 GZMA JUNB CD2 IL32 S100A4 BTG1 NAP1L1 CD74 DDX5 GZMH PARK7 ANXA1 CD37 CD52 CLIC1 DNAJB1 HLA-DPB1 HLA-DRB1 ISG20 ITGB2 LDHB LTB LY6E MATK NUCB2 PPDPF PRDX6 SNHG7 SOD1 ARPC5L ATP6V1G1 C19orf43 C6orf48 C9orf142 CCNI MASKED_GENE CD53 MASKED_GENE CTSW EIF4A1 ERP29 EVL GYPC GZMM,CCL5 NKG7 PTPRCAP FTL SRP14 GIMAP7 GZMA JUNB CD2 IL32 S100A4 BTG1 NAP1L1 CD74 DDX5 GZMH PARK7 ANXA1 CD37 CD52 CLIC1 DNAJB1 HLA-DPB1 HLA-DRB1 ISG20 ITGB2 LDHB LTB LY6E MATK NUCB2 PPDPF PRDX6 SNHG7 SOD1 ARPC5L ATP6V1G1 C19orf43 C6orf48 C9orf142 CCNI CD3E MASKED_GENE CD8A CTSW EIF4A1 ERP29 MASKED_GENE GYPC GZMM
pbmc68k:TATAGCCTTTCAGG-8,TATAGCCTTTCAGG-8,8,CD8+/CD45RA+ Naive Cytotoxic,1,CD8_identity,CD3D;CD3E;GZMK,3,3,CD3D;CD3E;GZMK,3.275;2.717;2.717,FTL;NOSIP;IL2RG,3.468;2.888;2.51,JUNB FTL CD3D S100A6 IL32 LTB CALM1 DDX5 EIF4A2 NKG7 NOSIP VIM CD3E GZMK NPM1 PTPRCAP S100A4 TOMM7 AES CCL5 CD27 CD7 HIST1H1E HNRNPA1 IL2RG ISG20 LAT LDHB PLP2 TMBIM4-1 C6orf48 CD52 COX7C EID1 EIF3D FOS GSTK1 HNRNPDL MIEN1 NDUFB11 PPIA TAGLN2 TXNIP U2AF1 ALOX5AP ANAPC16 ATPIF1 BST2 BTG1 C16orf13,JUNB FTL MASKED_GENE S100A6 IL32 LTB CALM1 DDX5 EIF4A2 NKG7 NOSIP VIM MASKED_GENE MASKED_GENE NPM1 PTPRCAP S100A4 TOMM7 AES CCL5 CD27 CD7 HIST1H1E HNRNPA1 IL2RG ISG20 LAT LDHB PLP2 TMBIM4-1 C6orf48 CD52 COX7C EID1 EIF3D FOS GSTK1 HNRNPDL MIEN1 NDUFB11 PPIA TAGLN2 TXNIP U2AF1 ALOX5AP ANAPC16 ATPIF1 BST2 BTG1 C16orf13,JUNB MASKED_GENE CD3D S100A6 IL32 LTB CALM1 DDX5 EIF4A2 NKG7 MASKED_GENE VIM CD3E GZMK NPM1 PTPRCAP S100A4 TOMM7 AES CCL5 CD27 CD7 HIST1H1E HNRNPA1 MASKED_GENE ISG20 LAT LDHB PLP2 TMBIM4-1 C6orf48 CD52 COX7C EID1 EIF3D FOS GSTK1 HNRNPDL MIEN1 NDUFB11 PPIA TAGLN2 TXNIP U2AF1 ALOX5AP ANAPC16 ATPIF1 BST2 BTG1 C16orf13
