row_type,entity_id,cell_barcode,technical_group,reference_annotation,label_a,module,dose_k,module_hits,module_hit_count,target_genes,target_values,control_genes,control_values,control_rank_distance,control_expression_distance,control_prevalence_distance,control_token_length_distance,control_total_cost,original_sentence,module_mask_sentence,control_mask_sentence
base,pbmc68k:ACTGGCCTTTTCGT-1,ACTGGCCTTTTCGT-1,1,CD8+ Cytotoxic T,1,none,0,,0,,,,,,,,,,FTL GNLY CCL5 PTPRCAP JUNB CD52 HNRNPA1 NKG7 ID2 CD3D CD3E CTSW DEK HCST LTB AES ATP5O BTG1 CALM1 HLA-DPB1 HNRNPDL IL32 NBEAL1 NDUFA4 NPM1 PARK7 S100A4 TAGLN2 TCEB2 C6orf48 CD74 CST7 EIF3L GZMK GZMM HIGD2A HNRNPR IFITM2 NOSIP S100A10 S100A6 S100B SRP14 ZFP36L2 ANXA1 ATP6V0E1 ATP6V1G1 COX6A1 DCXR DUSP2,FTL GNLY CCL5 PTPRCAP JUNB CD52 HNRNPA1 NKG7 ID2 CD3D CD3E CTSW DEK HCST LTB AES ATP5O BTG1 CALM1 HLA-DPB1 HNRNPDL IL32 NBEAL1 NDUFA4 NPM1 PARK7 S100A4 TAGLN2 TCEB2 C6orf48 CD74 CST7 EIF3L GZMK GZMM HIGD2A HNRNPR IFITM2 NOSIP S100A10 S100A6 S100B SRP14 ZFP36L2 ANXA1 ATP6V0E1 ATP6V1G1 COX6A1 DCXR DUSP2,FTL GNLY CCL5 PTPRCAP JUNB CD52 HNRNPA1 NKG7 ID2 CD3D CD3E CTSW DEK HCST LTB AES ATP5O BTG1 CALM1 HLA-DPB1 HNRNPDL IL32 NBEAL1 NDUFA4 NPM1 PARK7 S100A4 TAGLN2 TCEB2 C6orf48 CD74 CST7 EIF3L GZMK GZMM HIGD2A HNRNPR IFITM2 NOSIP S100A10 S100A6 S100B SRP14 ZFP36L2 ANXA1 ATP6V0E1 ATP6V1G1 COX6A1 DCXR DUSP2
intervention,pbmc68k:ACTGGCCTTTTCGT-1,ACTGGCCTTTTCGT-1,1,CD8+ Cytotoxic T,1,T_TCR_CD8,1,CD3D;CD3E,2,CD3D,2.646,AES,2.478,6,0.168,0.0390625,1,3.05996,FTL GNLY CCL5 PTPRCAP JUNB CD52 HNRNPA1 NKG7 ID2 CD3D CD3E CTSW DEK HCST LTB AES ATP5O BTG1 CALM1 HLA-DPB1 HNRNPDL IL32 NBEAL1 NDUFA4 NPM1 PARK7 S100A4 TAGLN2 TCEB2 C6orf48 CD74 CST7 EIF3L GZMK GZMM HIGD2A HNRNPR IFITM2 NOSIP S100A10 S100A6 S100B SRP14 ZFP36L2 ANXA1 ATP6V0E1 ATP6V1G1 COX6A1 DCXR DUSP2,FTL GNLY CCL5 PTPRCAP JUNB CD52 HNRNPA1 NKG7 ID2 MASKED_GENE CD3E CTSW DEK HCST LTB AES ATP5O BTG1 CALM1 HLA-DPB1 HNRNPDL IL32 NBEAL1 NDUFA4 NPM1 PARK7 S100A4 TAGLN2 TCEB2 C6orf48 CD74 CST7 EIF3L GZMK GZMM HIGD2A HNRNPR IFITM2 NOSIP S100A10 S100A6 S100B SRP14 ZFP36L2 ANXA1 ATP6V0E1 ATP6V1G1 COX6A1 DCXR DUSP2,FTL GNLY CCL5 PTPRCAP JUNB CD52 HNRNPA1 NKG7 ID2 CD3D CD3E CTSW DEK HCST LTB MASKED_GENE ATP5O BTG1 CALM1 HLA-DPB1 HNRNPDL IL32 NBEAL1 NDUFA4 NPM1 PARK7 S100A4 TAGLN2 TCEB2 C6orf48 CD74 CST7 EIF3L GZMK GZMM HIGD2A HNRNPR IFITM2 NOSIP S100A10 S100A6 S100B SRP14 ZFP36L2 ANXA1 ATP6V0E1 ATP6V1G1 COX6A1 DCXR DUSP2
intervention,pbmc68k:ACTGGCCTTTTCGT-1,ACTGGCCTTTTCGT-1,1,CD8+ Cytotoxic T,1,cytotoxic_effector,1,GNLY;CCL5;NKG7;CTSW;GZMK,5,GNLY,3.581,PTPRCAP,3.303,2,0.278,0.242188,3,4.64454,FTL GNLY CCL5 PTPRCAP JUNB CD52 HNRNPA1 NKG7 ID2 CD3D CD3E CTSW DEK HCST LTB AES ATP5O BTG1 CALM1 HLA-DPB1 HNRNPDL IL32 NBEAL1 NDUFA4 NPM1 PARK7 S100A4 TAGLN2 TCEB2 C6orf48 CD74 CST7 EIF3L GZMK GZMM HIGD2A HNRNPR IFITM2 NOSIP S100A10 S100A6 S100B SRP14 ZFP36L2 ANXA1 ATP6V0E1 ATP6V1G1 COX6A1 DCXR DUSP2,FTL MASKED_GENE CCL5 PTPRCAP JUNB CD52 HNRNPA1 NKG7 ID2 CD3D CD3E CTSW DEK HCST LTB AES ATP5O BTG1 CALM1 HLA-DPB1 HNRNPDL IL32 NBEAL1 NDUFA4 NPM1 PARK7 S100A4 TAGLN2 TCEB2 C6orf48 CD74 CST7 EIF3L GZMK GZMM HIGD2A HNRNPR IFITM2 NOSIP S100A10 S100A6 S100B SRP14 ZFP36L2 ANXA1 ATP6V0E1 ATP6V1G1 COX6A1 DCXR DUSP2,FTL GNLY CCL5 MASKED_GENE JUNB CD52 HNRNPA1 NKG7 ID2 CD3D CD3E CTSW DEK HCST LTB AES ATP5O BTG1 CALM1 HLA-DPB1 HNRNPDL IL32 NBEAL1 NDUFA4 NPM1 PARK7 S100A4 TAGLN2 TCEB2 C6orf48 CD74 CST7 EIF3L GZMK GZMM HIGD2A HNRNPR IFITM2 NOSIP S100A10 S100A6 S100B SRP14 ZFP36L2 ANXA1 ATP6V0E1 ATP6V1G1 COX6A1 DCXR DUSP2
base,pbmc68k:AGAAAGTGTGAACC-1,AGAAAGTGTGAACC-1,1,CD8+ Cytotoxic T,1,none,0,,0,,,,,,,,,,GNLY NKG7 IL32 CCL5 LTB SRP14 HCST S100A4 S100A6 CD52 FTL NPM1 BTG1 CD3D CTSW FGFBP2 GYPC HNRNPA1 HOPX IFITM2 PTPRCAP AES C9orf142 CD27 CST7 DDX5 EIF4A1 ERP29 GIMAP7 GOLGA7 GSTK1 GZMB JUNB LY6E PPDPF TXNIP VIM ANAPC16 ANXA1 CALM1 CCDC107 CD3E CD63 CD74 CLIC1 COX7C DYNLRB1 ICAM3 IL2RG LAT,GNLY NKG7 IL32 CCL5 LTB SRP14 HCST S100A4 S100A6 CD52 FTL NPM1 BTG1 CD3D CTSW FGFBP2 GYPC HNRNPA1 HOPX IFITM2 PTPRCAP AES C9orf142 CD27 CST7 DDX5 EIF4A1 ERP29 GIMAP7 GOLGA7 GSTK1 GZMB JUNB LY6E PPDPF TXNIP VIM ANAPC16 ANXA1 CALM1 CCDC107 CD3E CD63 CD74 CLIC1 COX7C DYNLRB1 ICAM3 IL2RG LAT,GNLY NKG7 IL32 CCL5 LTB SRP14 HCST S100A4 S100A6 CD52 FTL NPM1 BTG1 CD3D CTSW FGFBP2 GYPC HNRNPA1 HOPX IFITM2 PTPRCAP AES C9orf142 CD27 CST7 DDX5 EIF4A1 ERP29 GIMAP7 GOLGA7 GSTK1 GZMB JUNB LY6E PPDPF TXNIP VIM ANAPC16 ANXA1 CALM1 CCDC107 CD3E CD63 CD74 CLIC1 COX7C DYNLRB1 ICAM3 IL2RG LAT
intervention,pbmc68k:AGAAAGTGTGAACC-1,AGAAAGTGTGAACC-1,1,CD8+ Cytotoxic T,1,T_TCR_CD8,1,CD3D;CD3E,2,CD3D,2.733,GYPC,2.733,3,0,0.21875,0,3.1875,GNLY NKG7 IL32 CCL5 LTB SRP14 HCST S100A4 S100A6 CD52 FTL NPM1 BTG1 CD3D CTSW FGFBP2 GYPC HNRNPA1 HOPX IFITM2 PTPRCAP AES C9orf142 CD27 CST7 DDX5 EIF4A1 ERP29 GIMAP7 GOLGA7 GSTK1 GZMB JUNB LY6E PPDPF TXNIP VIM ANAPC16 ANXA1 CALM1 CCDC107 CD3E CD63 CD74 CLIC1 COX7C DYNLRB1 ICAM3 IL2RG LAT,GNLY NKG7 IL32 CCL5 LTB SRP14 HCST S100A4 S100A6 CD52 FTL NPM1 BTG1 MASKED_GENE CTSW FGFBP2 GYPC HNRNPA1 HOPX IFITM2 PTPRCAP AES C9orf142 CD27 CST7 DDX5 EIF4A1 ERP29 GIMAP7 GOLGA7 GSTK1 GZMB JUNB LY6E PPDPF TXNIP VIM ANAPC16 ANXA1 CALM1 CCDC107 CD3E CD63 CD74 CLIC1 COX7C DYNLRB1 ICAM3 IL2RG LAT,GNLY NKG7 IL32 CCL5 LTB SRP14 HCST S100A4 S100A6 CD52 FTL NPM1 BTG1 CD3D CTSW FGFBP2 MASKED_GENE HNRNPA1 HOPX IFITM2 PTPRCAP AES C9orf142 CD27 CST7 DDX5 EIF4A1 ERP29 GIMAP7 GOLGA7 GSTK1 GZMB JUNB LY6E PPDPF TXNIP VIM ANAPC16 ANXA1 CALM1 CCDC107 CD3E CD63 CD74 CLIC1 COX7C DYNLRB1 ICAM3 IL2RG LAT
intervention,pbmc68k:AGAAAGTGTGAACC-1,AGAAAGTGTGAACC-1,1,CD8+ Cytotoxic T,1,cytotoxic_effector,1,GNLY;NKG7;CCL5;CTSW;FGFBP2;GZMB,6,GNLY,4.163,SRP14,3.393,5,0.77,0.164062,1,5.18063,GNLY NKG7 IL32 CCL5 LTB SRP14 HCST S100A4 S100A6 CD52 FTL NPM1 BTG1 CD3D CTSW FGFBP2 GYPC HNRNPA1 HOPX IFITM2 PTPRCAP AES C9orf142 CD27 CST7 DDX5 EIF4A1 ERP29 GIMAP7 GOLGA7 GSTK1 GZMB JUNB LY6E PPDPF TXNIP VIM ANAPC16 ANXA1 CALM1 CCDC107 CD3E CD63 CD74 CLIC1 COX7C DYNLRB1 ICAM3 IL2RG LAT,MASKED_GENE NKG7 IL32 CCL5 LTB SRP14 HCST S100A4 S100A6 CD52 FTL NPM1 BTG1 CD3D CTSW FGFBP2 GYPC HNRNPA1 HOPX IFITM2 PTPRCAP AES C9orf142 CD27 CST7 DDX5 EIF4A1 ERP29 GIMAP7 GOLGA7 GSTK1 GZMB JUNB LY6E PPDPF TXNIP VIM ANAPC16 ANXA1 CALM1 CCDC107 CD3E CD63 CD74 CLIC1 COX7C DYNLRB1 ICAM3 IL2RG LAT,GNLY NKG7 IL32 CCL5 LTB MASKED_GENE HCST S100A4 S100A6 CD52 FTL NPM1 BTG1 CD3D CTSW FGFBP2 GYPC HNRNPA1 HOPX IFITM2 PTPRCAP AES C9orf142 CD27 CST7 DDX5 EIF4A1 ERP29 GIMAP7 GOLGA7 GSTK1 GZMB JUNB LY6E PPDPF TXNIP VIM ANAPC16 ANXA1 CALM1 CCDC107 CD3E CD63 CD74 CLIC1 COX7C DYNLRB1 ICAM3 IL2RG LAT
base,pbmc68k:CGGACCGATTTCGT-1,CGGACCGATTTCGT-1,1,CD8+/CD45RA+ Naive Cytotoxic,1,none,0,,0,,,,,,,,,,LTB FTL CCL5 LDHB NPM1 BTG1 DDX5 CALM1 CD3D CD3E CD74 EIF3L GZMA NKG7 CD7 CUTA EIF3G EVL GZMM HNRNPA1 JUNB S100A6 TALDO1 ZFAS1 ALKBH7 CD27 CD52 CLIC1 CST7 LAT ARL6IP5 C19orf43 C9orf142 CD53 EID1 EIF4A1 ERH GZMK HCST MTDH NAP1L1 NOSIP PPIA PTPRCAP S100B TMIGD2 TOMM7 ADRM1 ANAPC16 ATP5O,LTB FTL CCL5 LDHB NPM1 BTG1 DDX5 CALM1 CD3D CD3E CD74 EIF3L GZMA NKG7 CD7 CUTA EIF3G EVL GZMM HNRNPA1 JUNB S100A6 TALDO1 ZFAS1 ALKBH7 CD27 CD52 CLIC1 CST7 LAT ARL6IP5 C19orf43 C9orf142 CD53 EID1 EIF4A1 ERH GZMK HCST MTDH NAP1L1 NOSIP PPIA PTPRCAP S100B TMIGD2 TOMM7 ADRM1 ANAPC16 ATP5O,LTB FTL CCL5 LDHB NPM1 BTG1 DDX5 CALM1 CD3D CD3E CD74 EIF3L GZMA NKG7 CD7 CUTA EIF3G EVL GZMM HNRNPA1 JUNB S100A6 TALDO1 ZFAS1 ALKBH7 CD27 CD52 CLIC1 CST7 LAT ARL6IP5 C19orf43 C9orf142 CD53 EID1 EIF4A1 ERH GZMK HCST MTDH NAP1L1 NOSIP PPIA PTPRCAP S100B TMIGD2 TOMM7 ADRM1 ANAPC16 ATP5O
intervention,pbmc68k:CGGACCGATTTCGT-1,CGGACCGATTTCGT-1,1,CD8+/CD45RA+ Naive Cytotoxic,1,T_TCR_CD8,1,CD3D;CD3E,2,CD3D,3,CD74,3,2,0,0.148438,0,2.15104,LTB FTL CCL5 LDHB NPM1 BTG1 DDX5 CALM1 CD3D CD3E CD74 EIF3L GZMA NKG7 CD7 CUTA EIF3G EVL GZMM HNRNPA1 JUNB S100A6 TALDO1 ZFAS1 ALKBH7 CD27 CD52 CLIC1 CST7 LAT ARL6IP5 C19orf43 C9orf142 CD53 EID1 EIF4A1 ERH GZMK HCST MTDH NAP1L1 NOSIP PPIA PTPRCAP S100B TMIGD2 TOMM7 ADRM1 ANAPC16 ATP5O,LTB FTL CCL5 LDHB NPM1 BTG1 DDX5 CALM1 MASKED_GENE CD3E CD74 EIF3L GZMA NKG7 CD7 CUTA EIF3G EVL GZMM HNRNPA1 JUNB S100A6 TALDO1 ZFAS1 ALKBH7 CD27 CD52 CLIC1 CST7 LAT ARL6IP5 C19orf43 C9orf142 CD53 EID1 EIF4A1 ERH GZMK HCST MTDH NAP1L1 NOSIP PPIA PTPRCAP S100B TMIGD2 TOMM7 ADRM1 ANAPC16 ATP5O,LTB FTL CCL5 LDHB NPM1 BTG1 DDX5 CALM1 CD3D CD3E MASKED_GENE EIF3L GZMA NKG7 CD7 CUTA EIF3G EVL GZMM HNRNPA1 JUNB S100A6 TALDO1 ZFAS1 ALKBH7 CD27 CD52 CLIC1 CST7 LAT ARL6IP5 C19orf43 C9orf142 CD53 EID1 EIF4A1 ERH GZMK HCST MTDH NAP1L1 NOSIP PPIA PTPRCAP S100B TMIGD2 TOMM7 ADRM1 ANAPC16 ATP5O
intervention,pbmc68k:CGGACCGATTTCGT-1,CGGACCGATTTCGT-1,1,CD8+/CD45RA+ Naive Cytotoxic,1,cytotoxic_effector,1,CCL5;GZMA;NKG7;GZMK,4,CCL5,3.389,CD74,3,8,0.389,0.132812,0,4.77279,LTB FTL CCL5 LDHB NPM1 BTG1 DDX5 CALM1 CD3D CD3E CD74 EIF3L GZMA NKG7 CD7 CUTA EIF3G EVL GZMM HNRNPA1 JUNB S100A6 TALDO1 ZFAS1 ALKBH7 CD27 CD52 CLIC1 CST7 LAT ARL6IP5 C19orf43 C9orf142 CD53 EID1 EIF4A1 ERH GZMK HCST MTDH NAP1L1 NOSIP PPIA PTPRCAP S100B TMIGD2 TOMM7 ADRM1 ANAPC16 ATP5O,LTB FTL MASKED_GENE LDHB NPM1 BTG1 DDX5 CALM1 CD3D CD3E CD74 EIF3L GZMA NKG7 CD7 CUTA EIF3G EVL GZMM HNRNPA1 JUNB S100A6 TALDO1 ZFAS1 ALKBH7 CD27 CD52 CLIC1 CST7 LAT ARL6IP5 C19orf43 C9orf142 CD53 EID1 EIF4A1 ERH GZMK HCST MTDH NAP1L1 NOSIP PPIA PTPRCAP S100B TMIGD2 TOMM7 ADRM1 ANAPC16 ATP5O,LTB FTL CCL5 LDHB NPM1 BTG1 DDX5 CALM1 CD3D CD3E MASKED_GENE EIF3L GZMA NKG7 CD7 CUTA EIF3G EVL GZMM HNRNPA1 JUNB S100A6 TALDO1 ZFAS1 ALKBH7 CD27 CD52 CLIC1 CST7 LAT ARL6IP5 C19orf43 C9orf142 CD53 EID1 EIF4A1 ERH GZMK HCST MTDH NAP1L1 NOSIP PPIA PTPRCAP S100B TMIGD2 TOMM7 ADRM1 ANAPC16 ATP5O
base,pbmc68k:CTAGGTGATACGAC-1,CTAGGTGATACGAC-1,1,CD8+/CD45RA+ Naive Cytotoxic,1,none,0,,0,,,,,,,,,,LTB BTG1 JUNB GIMAP7 NPM1 FTL LDHB S100A6 GYPC SEPT7 CD27 CD3D CD7 DDX5 HNRNPA1 SOD1 C9orf78 CALM1 CD52 ERP29 IFITM2 AES CD37 CD3G CORO1B DENND2D EIF3E EIF3L GZMK HIGD2A IL2RG IL32 OSBPL8 OST4 PKM PPDPF SRP14 TOMM7 TXNIP ZFP36L2 ALOX5AP ARL4C ATP5O ATP6V1G1 CCR7 CD3E CD74 EIF3D EIF3G FOS,LTB BTG1 JUNB GIMAP7 NPM1 FTL LDHB S100A6 GYPC SEPT7 CD27 CD3D CD7 DDX5 HNRNPA1 SOD1 C9orf78 CALM1 CD52 ERP29 IFITM2 AES CD37 CD3G CORO1B DENND2D EIF3E EIF3L GZMK HIGD2A IL2RG IL32 OSBPL8 OST4 PKM PPDPF SRP14 TOMM7 TXNIP ZFP36L2 ALOX5AP ARL4C ATP5O ATP6V1G1 CCR7 CD3E CD74 EIF3D EIF3G FOS,LTB BTG1 JUNB GIMAP7 NPM1 FTL LDHB S100A6 GYPC SEPT7 CD27 CD3D CD7 DDX5 HNRNPA1 SOD1 C9orf78 CALM1 CD52 ERP29 IFITM2 AES CD37 CD3G CORO1B DENND2D EIF3E EIF3L GZMK HIGD2A IL2RG IL32 OSBPL8 OST4 PKM PPDPF SRP14 TOMM7 TXNIP ZFP36L2 ALOX5AP ARL4C ATP5O ATP6V1G1 CCR7 CD3E CD74 EIF3D EIF3G FOS
intervention,pbmc68k:CTAGGTGATACGAC-1,CTAGGTGATACGAC-1,1,CD8+/CD45RA+ Naive Cytotoxic,1,T_TCR_CD8,1,CD3D;CD3G;CD3E,3,CD3D,2.675,GYPC,2.845,3,0.17,0.21875,0,3.5275,LTB BTG1 JUNB GIMAP7 NPM1 FTL LDHB S100A6 GYPC SEPT7 CD27 CD3D CD7 DDX5 HNRNPA1 SOD1 C9orf78 CALM1 CD52 ERP29 IFITM2 AES CD37 CD3G CORO1B DENND2D EIF3E EIF3L GZMK HIGD2A IL2RG IL32 OSBPL8 OST4 PKM PPDPF SRP14 TOMM7 TXNIP ZFP36L2 ALOX5AP ARL4C ATP5O ATP6V1G1 CCR7 CD3E CD74 EIF3D EIF3G FOS,LTB BTG1 JUNB GIMAP7 NPM1 FTL LDHB S100A6 GYPC SEPT7 CD27 MASKED_GENE CD7 DDX5 HNRNPA1 SOD1 C9orf78 CALM1 CD52 ERP29 IFITM2 AES CD37 CD3G CORO1B DENND2D EIF3E EIF3L GZMK HIGD2A IL2RG IL32 OSBPL8 OST4 PKM PPDPF SRP14 TOMM7 TXNIP ZFP36L2 ALOX5AP ARL4C ATP5O ATP6V1G1 CCR7 CD3E CD74 EIF3D EIF3G FOS,LTB BTG1 JUNB GIMAP7 NPM1 FTL LDHB S100A6 MASKED_GENE SEPT7 CD27 CD3D CD7 DDX5 HNRNPA1 SOD1 C9orf78 CALM1 CD52 ERP29 IFITM2 AES CD37 CD3G CORO1B DENND2D EIF3E EIF3L GZMK HIGD2A IL2RG IL32 OSBPL8 OST4 PKM PPDPF SRP14 TOMM7 TXNIP ZFP36L2 ALOX5AP ARL4C ATP5O ATP6V1G1 CCR7 CD3E CD74 EIF3D EIF3G FOS
intervention,pbmc68k:CTAGGTGATACGAC-1,CTAGGTGATACGAC-1,1,CD8+/CD45RA+ Naive Cytotoxic,1,cytotoxic_effector,1,GZMK,1,GZMK,2.209,EIF3L,2.209,1,0,0.0625,1,1.29167,LTB BTG1 JUNB GIMAP7 NPM1 FTL LDHB S100A6 GYPC SEPT7 CD27 CD3D CD7 DDX5 HNRNPA1 SOD1 C9orf78 CALM1 CD52 ERP29 IFITM2 AES CD37 CD3G CORO1B DENND2D EIF3E EIF3L GZMK HIGD2A IL2RG IL32 OSBPL8 OST4 PKM PPDPF SRP14 TOMM7 TXNIP ZFP36L2 ALOX5AP ARL4C ATP5O ATP6V1G1 CCR7 CD3E CD74 EIF3D EIF3G FOS,LTB BTG1 JUNB GIMAP7 NPM1 FTL LDHB S100A6 GYPC SEPT7 CD27 CD3D CD7 DDX5 HNRNPA1 SOD1 C9orf78 CALM1 CD52 ERP29 IFITM2 AES CD37 CD3G CORO1B DENND2D EIF3E EIF3L MASKED_GENE HIGD2A IL2RG IL32 OSBPL8 OST4 PKM PPDPF SRP14 TOMM7 TXNIP ZFP36L2 ALOX5AP ARL4C ATP5O ATP6V1G1 CCR7 CD3E CD74 EIF3D EIF3G FOS,LTB BTG1 JUNB GIMAP7 NPM1 FTL LDHB S100A6 GYPC SEPT7 CD27 CD3D CD7 DDX5 HNRNPA1 SOD1 C9orf78 CALM1 CD52 ERP29 IFITM2 AES CD37 CD3G CORO1B DENND2D EIF3E MASKED_GENE GZMK HIGD2A IL2RG IL32 OSBPL8 OST4 PKM PPDPF SRP14 TOMM7 TXNIP ZFP36L2 ALOX5AP ARL4C ATP5O ATP6V1G1 CCR7 CD3E CD74 EIF3D EIF3G FOS
base,pbmc68k:GACGTCCTAAGGCG-1,GACGTCCTAAGGCG-1,1,CD56+ NK,0,none,0,,0,,,,,,,,,,GNLY NKG7 GZMB CD7 EIF4A1 LDHB ANXA1 GZMM HCST IFITM2 ITGB2 NOSIP CD52 FTL BTG1 CLIC3 CTSW GZMH NPM1 NUCB2 S100A6 SRGN CORO1B EIF3E EIF3G EIF3L GSTP1 HNRNPA1 ICAM3 ISG20 ITM2A JUNB LCK MIEN1 PPDPF RGS19 S100A10 SPON2 TRAF3IP3 TRAM1 UQCRFS1 ABI3 AES ATP6V1G1 BBX C19orf24 C19orf43 CALM1 CD247 CD3E,GNLY NKG7 GZMB CD7 EIF4A1 LDHB ANXA1 GZMM HCST IFITM2 ITGB2 NOSIP CD52 FTL BTG1 CLIC3 CTSW GZMH NPM1 NUCB2 S100A6 SRGN CORO1B EIF3E EIF3G EIF3L GSTP1 HNRNPA1 ICAM3 ISG20 ITM2A JUNB LCK MIEN1 PPDPF RGS19 S100A10 SPON2 TRAF3IP3 TRAM1 UQCRFS1 ABI3 AES ATP6V1G1 BBX C19orf24 C19orf43 CALM1 CD247 CD3E,GNLY NKG7 GZMB CD7 EIF4A1 LDHB ANXA1 GZMM HCST IFITM2 ITGB2 NOSIP CD52 FTL BTG1 CLIC3 CTSW GZMH NPM1 NUCB2 S100A6 SRGN CORO1B EIF3E EIF3G EIF3L GSTP1 HNRNPA1 ICAM3 ISG20 ITM2A JUNB LCK MIEN1 PPDPF RGS19 S100A10 SPON2 TRAF3IP3 TRAM1 UQCRFS1 ABI3 AES ATP6V1G1 BBX C19orf24 C19orf43 CALM1 CD247 CD3E
intervention,pbmc68k:GACGTCCTAAGGCG-1,GACGTCCTAAGGCG-1,1,CD56+ NK,0,T_TCR_CD8,1,CD3E,1,CD3E,1.981,C19orf43,1.981,3,0,0.046875,4,2.80208,GNLY NKG7 GZMB CD7 EIF4A1 LDHB ANXA1 GZMM HCST IFITM2 ITGB2 NOSIP CD52 FTL BTG1 CLIC3 CTSW GZMH NPM1 NUCB2 S100A6 SRGN CORO1B EIF3E EIF3G EIF3L GSTP1 HNRNPA1 ICAM3 ISG20 ITM2A JUNB LCK MIEN1 PPDPF RGS19 S100A10 SPON2 TRAF3IP3 TRAM1 UQCRFS1 ABI3 AES ATP6V1G1 BBX C19orf24 C19orf43 CALM1 CD247 CD3E,GNLY NKG7 GZMB CD7 EIF4A1 LDHB ANXA1 GZMM HCST IFITM2 ITGB2 NOSIP CD52 FTL BTG1 CLIC3 CTSW GZMH NPM1 NUCB2 S100A6 SRGN CORO1B EIF3E EIF3G EIF3L GSTP1 HNRNPA1 ICAM3 ISG20 ITM2A JUNB LCK MIEN1 PPDPF RGS19 S100A10 SPON2 TRAF3IP3 TRAM1 UQCRFS1 ABI3 AES ATP6V1G1 BBX C19orf24 C19orf43 CALM1 CD247 MASKED_GENE,GNLY NKG7 GZMB CD7 EIF4A1 LDHB ANXA1 GZMM HCST IFITM2 ITGB2 NOSIP CD52 FTL BTG1 CLIC3 CTSW GZMH NPM1 NUCB2 S100A6 SRGN CORO1B EIF3E EIF3G EIF3L GSTP1 HNRNPA1 ICAM3 ISG20 ITM2A JUNB LCK MIEN1 PPDPF RGS19 S100A10 SPON2 TRAF3IP3 TRAM1 UQCRFS1 ABI3 AES ATP6V1G1 BBX C19orf24 MASKED_GENE CALM1 CD247 CD3E
intervention,pbmc68k:GACGTCCTAAGGCG-1,GACGTCCTAAGGCG-1,1,CD56+ NK,0,cytotoxic_effector,1,GNLY;NKG7;GZMB;CTSW;GZMH,5,GNLY,3.869,EIF4A1,3.13,4,0.739,0.179688,2,5.27487,GNLY NKG7 GZMB CD7 EIF4A1 LDHB ANXA1 GZMM HCST IFITM2 ITGB2 NOSIP CD52 FTL BTG1 CLIC3 CTSW GZMH NPM1 NUCB2 S100A6 SRGN CORO1B EIF3E EIF3G EIF3L GSTP1 HNRNPA1 ICAM3 ISG20 ITM2A JUNB LCK MIEN1 PPDPF RGS19 S100A10 SPON2 TRAF3IP3 TRAM1 UQCRFS1 ABI3 AES ATP6V1G1 BBX C19orf24 C19orf43 CALM1 CD247 CD3E,MASKED_GENE NKG7 GZMB CD7 EIF4A1 LDHB ANXA1 GZMM HCST IFITM2 ITGB2 NOSIP CD52 FTL BTG1 CLIC3 CTSW GZMH NPM1 NUCB2 S100A6 SRGN CORO1B EIF3E EIF3G EIF3L GSTP1 HNRNPA1 ICAM3 ISG20 ITM2A JUNB LCK MIEN1 PPDPF RGS19 S100A10 SPON2 TRAF3IP3 TRAM1 UQCRFS1 ABI3 AES ATP6V1G1 BBX C19orf24 C19orf43 CALM1 CD247 CD3E,GNLY NKG7 GZMB CD7 MASKED_GENE LDHB ANXA1 GZMM HCST IFITM2 ITGB2 NOSIP CD52 FTL BTG1 CLIC3 CTSW GZMH NPM1 NUCB2 S100A6 SRGN CORO1B EIF3E EIF3G EIF3L GSTP1 HNRNPA1 ICAM3 ISG20 ITM2A JUNB LCK MIEN1 PPDPF RGS19 S100A10 SPON2 TRAF3IP3 TRAM1 UQCRFS1 ABI3 AES ATP6V1G1 BBX C19orf24 C19orf43 CALM1 CD247 CD3E
base,pbmc68k:GAGCGCACAGAGGC-1,GAGCGCACAGAGGC-1,1,CD8+ Cytotoxic T,1,none,0,,0,,,,,,,,,,CCL5 CD74 HNRNPA1 CD52 GZMK LDHB NOSIP FTL S100A6 NKG7 NPM1 PTPRCAP S100A4 VIM ATP5O CD8B EIF3G GZMM HIGD2A HLA-DRA MZT2B PPIA SNHG8 TPR ANP32B CD3D COX6A1 DDX5 DUSP2 JAK1 NAP1L1 NDUFA1 NDUFA4 NDUFB7 NECAP2 PARK7 PSMA7 PSMC5 S100A10 SKP1 SRP14 TBC1D10C ANAPC16 ANXA1 ANXA5 AP2S1 BTG1 C9orf78 CD27 CD53,CCL5 CD74 HNRNPA1 CD52 GZMK LDHB NOSIP FTL S100A6 NKG7 NPM1 PTPRCAP S100A4 VIM ATP5O CD8B EIF3G GZMM HIGD2A HLA-DRA MZT2B PPIA SNHG8 TPR ANP32B CD3D COX6A1 DDX5 DUSP2 JAK1 NAP1L1 NDUFA1 NDUFA4 NDUFB7 NECAP2 PARK7 PSMA7 PSMC5 S100A10 SKP1 SRP14 TBC1D10C ANAPC16 ANXA1 ANXA5 AP2S1 BTG1 C9orf78 CD27 CD53,CCL5 CD74 HNRNPA1 CD52 GZMK LDHB NOSIP FTL S100A6 NKG7 NPM1 PTPRCAP S100A4 VIM ATP5O CD8B EIF3G GZMM HIGD2A HLA-DRA MZT2B PPIA SNHG8 TPR ANP32B CD3D COX6A1 DDX5 DUSP2 JAK1 NAP1L1 NDUFA1 NDUFA4 NDUFB7 NECAP2 PARK7 PSMA7 PSMC5 S100A10 SKP1 SRP14 TBC1D10C ANAPC16 ANXA1 ANXA5 AP2S1 BTG1 C9orf78 CD27 CD53
intervention,pbmc68k:GAGCGCACAGAGGC-1,GAGCGCACAGAGGC-1,1,CD8+ Cytotoxic T,1,T_TCR_CD8,1,CD8B;CD3D,2,CD8B,2.668,EIF3G,2.668,1,0,0.117188,1,1.83854,CCL5 CD74 HNRNPA1 CD52 GZMK LDHB NOSIP FTL S100A6 NKG7 NPM1 PTPRCAP S100A4 VIM ATP5O CD8B EIF3G GZMM HIGD2A HLA-DRA MZT2B PPIA SNHG8 TPR ANP32B CD3D COX6A1 DDX5 DUSP2 JAK1 NAP1L1 NDUFA1 NDUFA4 NDUFB7 NECAP2 PARK7 PSMA7 PSMC5 S100A10 SKP1 SRP14 TBC1D10C ANAPC16 ANXA1 ANXA5 AP2S1 BTG1 C9orf78 CD27 CD53,CCL5 CD74 HNRNPA1 CD52 GZMK LDHB NOSIP FTL S100A6 NKG7 NPM1 PTPRCAP S100A4 VIM ATP5O MASKED_GENE EIF3G GZMM HIGD2A HLA-DRA MZT2B PPIA SNHG8 TPR ANP32B CD3D COX6A1 DDX5 DUSP2 JAK1 NAP1L1 NDUFA1 NDUFA4 NDUFB7 NECAP2 PARK7 PSMA7 PSMC5 S100A10 SKP1 SRP14 TBC1D10C ANAPC16 ANXA1 ANXA5 AP2S1 BTG1 C9orf78 CD27 CD53,CCL5 CD74 HNRNPA1 CD52 GZMK LDHB NOSIP FTL S100A6 NKG7 NPM1 PTPRCAP S100A4 VIM ATP5O CD8B MASKED_GENE GZMM HIGD2A HLA-DRA MZT2B PPIA SNHG8 TPR ANP32B CD3D COX6A1 DDX5 DUSP2 JAK1 NAP1L1 NDUFA1 NDUFA4 NDUFB7 NECAP2 PARK7 PSMA7 PSMC5 S100A10 SKP1 SRP14 TBC1D10C ANAPC16 ANXA1 ANXA5 AP2S1 BTG1 C9orf78 CD27 CD53
intervention,pbmc68k:GAGCGCACAGAGGC-1,GAGCGCACAGAGGC-1,1,CD8+ Cytotoxic T,1,cytotoxic_effector,1,CCL5;GZMK;NKG7,3,CCL5,3.326,CD74,3.326,1,0,0.132812,0,1.66146,CCL5 CD74 HNRNPA1 CD52 GZMK LDHB NOSIP FTL S100A6 NKG7 NPM1 PTPRCAP S100A4 VIM ATP5O CD8B EIF3G GZMM HIGD2A HLA-DRA MZT2B PPIA SNHG8 TPR ANP32B CD3D COX6A1 DDX5 DUSP2 JAK1 NAP1L1 NDUFA1 NDUFA4 NDUFB7 NECAP2 PARK7 PSMA7 PSMC5 S100A10 SKP1 SRP14 TBC1D10C ANAPC16 ANXA1 ANXA5 AP2S1 BTG1 C9orf78 CD27 CD53,MASKED_GENE CD74 HNRNPA1 CD52 GZMK LDHB NOSIP FTL S100A6 NKG7 NPM1 PTPRCAP S100A4 VIM ATP5O CD8B EIF3G GZMM HIGD2A HLA-DRA MZT2B PPIA SNHG8 TPR ANP32B CD3D COX6A1 DDX5 DUSP2 JAK1 NAP1L1 NDUFA1 NDUFA4 NDUFB7 NECAP2 PARK7 PSMA7 PSMC5 S100A10 SKP1 SRP14 TBC1D10C ANAPC16 ANXA1 ANXA5 AP2S1 BTG1 C9orf78 CD27 CD53,CCL5 MASKED_GENE HNRNPA1 CD52 GZMK LDHB NOSIP FTL S100A6 NKG7 NPM1 PTPRCAP S100A4 VIM ATP5O CD8B EIF3G GZMM HIGD2A HLA-DRA MZT2B PPIA SNHG8 TPR ANP32B CD3D COX6A1 DDX5 DUSP2 JAK1 NAP1L1 NDUFA1 NDUFA4 NDUFB7 NECAP2 PARK7 PSMA7 PSMC5 S100A10 SKP1 SRP14 TBC1D10C ANAPC16 ANXA1 ANXA5 AP2S1 BTG1 C9orf78 CD27 CD53
base,pbmc68k:TAAACAACTACTTC-1,TAAACAACTACTTC-1,1,CD56+ NK,0,none,0,,0,,,,,,,,,,NKG7 GNLY CD7 FTL PTPRCAP C19orf43 HNRNPDL HOPX IFITM2 ITGB2 PPIA S100A4 CST7 GZMM LTB PRF1 SRGN SRP14 TYROBP ZFAS1 ATP5O CALM1 CD47 CRIP1 FCER1G GSTP1 GZMA HNRNPA1 HNRNPK IL32 LCK MZT2B TXNIP YWHAB ABI3 ANXA1 AOAH ARPC5L BST2 CD3E CD63 CNN2 CTSD DDX5 ERP29 GIMAP7 JUNB LY6E PARK7 RHOC,NKG7 GNLY CD7 FTL PTPRCAP C19orf43 HNRNPDL HOPX IFITM2 ITGB2 PPIA S100A4 CST7 GZMM LTB PRF1 SRGN SRP14 TYROBP ZFAS1 ATP5O CALM1 CD47 CRIP1 FCER1G GSTP1 GZMA HNRNPA1 HNRNPK IL32 LCK MZT2B TXNIP YWHAB ABI3 ANXA1 AOAH ARPC5L BST2 CD3E CD63 CNN2 CTSD DDX5 ERP29 GIMAP7 JUNB LY6E PARK7 RHOC,NKG7 GNLY CD7 FTL PTPRCAP C19orf43 HNRNPDL HOPX IFITM2 ITGB2 PPIA S100A4 CST7 GZMM LTB PRF1 SRGN SRP14 TYROBP ZFAS1 ATP5O CALM1 CD47 CRIP1 FCER1G GSTP1 GZMA HNRNPA1 HNRNPK IL32 LCK MZT2B TXNIP YWHAB ABI3 ANXA1 AOAH ARPC5L BST2 CD3E CD63 CNN2 CTSD DDX5 ERP29 GIMAP7 JUNB LY6E PARK7 RHOC
intervention,pbmc68k:TAAACAACTACTTC-1,TAAACAACTACTTC-1,1,CD56+ NK,0,T_TCR_CD8,1,CD3E,1,CD3E,2.311,ANXA1,2.311,4,0,0.0390625,1,2.05729,NKG7 GNLY CD7 FTL PTPRCAP C19orf43 HNRNPDL HOPX IFITM2 ITGB2 PPIA S100A4 CST7 GZMM LTB PRF1 SRGN SRP14 TYROBP ZFAS1 ATP5O CALM1 CD47 CRIP1 FCER1G GSTP1 GZMA HNRNPA1 HNRNPK IL32 LCK MZT2B TXNIP YWHAB ABI3 ANXA1 AOAH ARPC5L BST2 CD3E CD63 CNN2 CTSD DDX5 ERP29 GIMAP7 JUNB LY6E PARK7 RHOC,NKG7 GNLY CD7 FTL PTPRCAP C19orf43 HNRNPDL HOPX IFITM2 ITGB2 PPIA S100A4 CST7 GZMM LTB PRF1 SRGN SRP14 TYROBP ZFAS1 ATP5O CALM1 CD47 CRIP1 FCER1G GSTP1 GZMA HNRNPA1 HNRNPK IL32 LCK MZT2B TXNIP YWHAB ABI3 ANXA1 AOAH ARPC5L BST2 MASKED_GENE CD63 CNN2 CTSD DDX5 ERP29 GIMAP7 JUNB LY6E PARK7 RHOC,NKG7 GNLY CD7 FTL PTPRCAP C19orf43 HNRNPDL HOPX IFITM2 ITGB2 PPIA S100A4 CST7 GZMM LTB PRF1 SRGN SRP14 TYROBP ZFAS1 ATP5O CALM1 CD47 CRIP1 FCER1G GSTP1 GZMA HNRNPA1 HNRNPK IL32 LCK MZT2B TXNIP YWHAB ABI3 MASKED_GENE AOAH ARPC5L BST2 CD3E CD63 CNN2 CTSD DDX5 ERP29 GIMAP7 JUNB LY6E PARK7 RHOC
intervention,pbmc68k:TAAACAACTACTTC-1,TAAACAACTACTTC-1,1,CD56+ NK,0,cytotoxic_effector,1,NKG7;GNLY;PRF1;GZMA,4,NKG7,4.07,FTL,3.536,3,0.534,0.296875,1,5.37008,NKG7 GNLY CD7 FTL PTPRCAP C19orf43 HNRNPDL HOPX IFITM2 ITGB2 PPIA S100A4 CST7 GZMM LTB PRF1 SRGN SRP14 TYROBP ZFAS1 ATP5O CALM1 CD47 CRIP1 FCER1G GSTP1 GZMA HNRNPA1 HNRNPK IL32 LCK MZT2B TXNIP YWHAB ABI3 ANXA1 AOAH ARPC5L BST2 CD3E CD63 CNN2 CTSD DDX5 ERP29 GIMAP7 JUNB LY6E PARK7 RHOC,MASKED_GENE GNLY CD7 FTL PTPRCAP C19orf43 HNRNPDL HOPX IFITM2 ITGB2 PPIA S100A4 CST7 GZMM LTB PRF1 SRGN SRP14 TYROBP ZFAS1 ATP5O CALM1 CD47 CRIP1 FCER1G GSTP1 GZMA HNRNPA1 HNRNPK IL32 LCK MZT2B TXNIP YWHAB ABI3 ANXA1 AOAH ARPC5L BST2 CD3E CD63 CNN2 CTSD DDX5 ERP29 GIMAP7 JUNB LY6E PARK7 RHOC,NKG7 GNLY CD7 MASKED_GENE PTPRCAP C19orf43 HNRNPDL HOPX IFITM2 ITGB2 PPIA S100A4 CST7 GZMM LTB PRF1 SRGN SRP14 TYROBP ZFAS1 ATP5O CALM1 CD47 CRIP1 FCER1G GSTP1 GZMA HNRNPA1 HNRNPK IL32 LCK MZT2B TXNIP YWHAB ABI3 ANXA1 AOAH ARPC5L BST2 CD3E CD63 CNN2 CTSD DDX5 ERP29 GIMAP7 JUNB LY6E PARK7 RHOC
base,pbmc68k:TACAATGATTAGGC-1,TACAATGATTAGGC-1,1,CD8+ Cytotoxic T,1,none,0,,0,,,,,,,,,,S100A4 IL32 CD52 CALM3 NKG7 CALM1 PTPRCAP VIM CCL5 CD3D CD53 FTL GNLY MRFAP1 S100A6 TCEB2 HMGB2 IFITM2 ANP32B ATP6V1G1 CD3E CLIC1 COX6A1 CTSW EIF1B GZMB ISG20 ITM2A NOSIP PKM S100A10 SAP18 TPM3 YWHAB AP2S1 BST2 C19orf43 C6orf48 COX7C EIF3G GABARAPL2 HNRNPA1 IL2RG LY6E NAP1L1 NOP10 NPM1 OST4 OSTF1 PPIB,S100A4 IL32 CD52 CALM3 NKG7 CALM1 PTPRCAP VIM CCL5 CD3D CD53 FTL GNLY MRFAP1 S100A6 TCEB2 HMGB2 IFITM2 ANP32B ATP6V1G1 CD3E CLIC1 COX6A1 CTSW EIF1B GZMB ISG20 ITM2A NOSIP PKM S100A10 SAP18 TPM3 YWHAB AP2S1 BST2 C19orf43 C6orf48 COX7C EIF3G GABARAPL2 HNRNPA1 IL2RG LY6E NAP1L1 NOP10 NPM1 OST4 OSTF1 PPIB,S100A4 IL32 CD52 CALM3 NKG7 CALM1 PTPRCAP VIM CCL5 CD3D CD53 FTL GNLY MRFAP1 S100A6 TCEB2 HMGB2 IFITM2 ANP32B ATP6V1G1 CD3E CLIC1 COX6A1 CTSW EIF1B GZMB ISG20 ITM2A NOSIP PKM S100A10 SAP18 TPM3 YWHAB AP2S1 BST2 C19orf43 C6orf48 COX7C EIF3G GABARAPL2 HNRNPA1 IL2RG LY6E NAP1L1 NOP10 NPM1 OST4 OSTF1 PPIB
intervention,pbmc68k:TACAATGATTAGGC-1,TACAATGATTAGGC-1,1,CD8+ Cytotoxic T,1,T_TCR_CD8,1,CD3D;CD3E,2,CD3D,3.117,CD53,3.117,1,0,0.257812,0,2.91146,S100A4 IL32 CD52 CALM3 NKG7 CALM1 PTPRCAP VIM CCL5 CD3D CD53 FTL GNLY MRFAP1 S100A6 TCEB2 HMGB2 IFITM2 ANP32B ATP6V1G1 CD3E CLIC1 COX6A1 CTSW EIF1B GZMB ISG20 ITM2A NOSIP PKM S100A10 SAP18 TPM3 YWHAB AP2S1 BST2 C19orf43 C6orf48 COX7C EIF3G GABARAPL2 HNRNPA1 IL2RG LY6E NAP1L1 NOP10 NPM1 OST4 OSTF1 PPIB,S100A4 IL32 CD52 CALM3 NKG7 CALM1 PTPRCAP VIM CCL5 MASKED_GENE CD53 FTL GNLY MRFAP1 S100A6 TCEB2 HMGB2 IFITM2 ANP32B ATP6V1G1 CD3E CLIC1 COX6A1 CTSW EIF1B GZMB ISG20 ITM2A NOSIP PKM S100A10 SAP18 TPM3 YWHAB AP2S1 BST2 C19orf43 C6orf48 COX7C EIF3G GABARAPL2 HNRNPA1 IL2RG LY6E NAP1L1 NOP10 NPM1 OST4 OSTF1 PPIB,S100A4 IL32 CD52 CALM3 NKG7 CALM1 PTPRCAP VIM CCL5 CD3D MASKED_GENE FTL GNLY MRFAP1 S100A6 TCEB2 HMGB2 IFITM2 ANP32B ATP6V1G1 CD3E CLIC1 COX6A1 CTSW EIF1B GZMB ISG20 ITM2A NOSIP PKM S100A10 SAP18 TPM3 YWHAB AP2S1 BST2 C19orf43 C6orf48 COX7C EIF3G GABARAPL2 HNRNPA1 IL2RG LY6E NAP1L1 NOP10 NPM1 OST4 OSTF1 PPIB
intervention,pbmc68k:TACAATGATTAGGC-1,TACAATGATTAGGC-1,1,CD8+ Cytotoxic T,1,cytotoxic_effector,1,NKG7;CCL5;GNLY;CTSW;GZMB,5,NKG7,3.507,PTPRCAP,3.393,2,0.114,0.148438,3,3.37904,S100A4 IL32 CD52 CALM3 NKG7 CALM1 PTPRCAP VIM CCL5 CD3D CD53 FTL GNLY MRFAP1 S100A6 TCEB2 HMGB2 IFITM2 ANP32B ATP6V1G1 CD3E CLIC1 COX6A1 CTSW EIF1B GZMB ISG20 ITM2A NOSIP PKM S100A10 SAP18 TPM3 YWHAB AP2S1 BST2 C19orf43 C6orf48 COX7C EIF3G GABARAPL2 HNRNPA1 IL2RG LY6E NAP1L1 NOP10 NPM1 OST4 OSTF1 PPIB,S100A4 IL32 CD52 CALM3 MASKED_GENE CALM1 PTPRCAP VIM CCL5 CD3D CD53 FTL GNLY MRFAP1 S100A6 TCEB2 HMGB2 IFITM2 ANP32B ATP6V1G1 CD3E CLIC1 COX6A1 CTSW EIF1B GZMB ISG20 ITM2A NOSIP PKM S100A10 SAP18 TPM3 YWHAB AP2S1 BST2 C19orf43 C6orf48 COX7C EIF3G GABARAPL2 HNRNPA1 IL2RG LY6E NAP1L1 NOP10 NPM1 OST4 OSTF1 PPIB,S100A4 IL32 CD52 CALM3 NKG7 CALM1 MASKED_GENE VIM CCL5 CD3D CD53 FTL GNLY MRFAP1 S100A6 TCEB2 HMGB2 IFITM2 ANP32B ATP6V1G1 CD3E CLIC1 COX6A1 CTSW EIF1B GZMB ISG20 ITM2A NOSIP PKM S100A10 SAP18 TPM3 YWHAB AP2S1 BST2 C19orf43 C6orf48 COX7C EIF3G GABARAPL2 HNRNPA1 IL2RG LY6E NAP1L1 NOP10 NPM1 OST4 OSTF1 PPIB
base,pbmc68k:TCTAAGCTGGGTGA-1,TCTAAGCTGGGTGA-1,1,CD56+ NK,0,none,0,,0,,,,,,,,,,NKG7 GNLY NPM1 GZMB HNRNPA1 JUNB EIF3G GIMAP7 IL32 LTB BTG1 C6orf48 CCL5 CST7 CTSD CTSW DDX5 FGFBP2 IFITM2 TYROBP CALM1 CD7 FTL GSTK1 GZMA JAK1 LY6E NEDD8 PPIA SSR4 C9orf142 CD247 EIF4A2 FOS GZMM HCST HOPX IFITM1 ITGB2 NOSIP SRRM2 ALKBH7 ANP32B ARL4C ATP6V0E1 CD3D CD53 CLIC3 CNPY3 DGCR6L,NKG7 GNLY NPM1 GZMB HNRNPA1 JUNB EIF3G GIMAP7 IL32 LTB BTG1 C6orf48 CCL5 CST7 CTSD CTSW DDX5 FGFBP2 IFITM2 TYROBP CALM1 CD7 FTL GSTK1 GZMA JAK1 LY6E NEDD8 PPIA SSR4 C9orf142 CD247 EIF4A2 FOS GZMM HCST HOPX IFITM1 ITGB2 NOSIP SRRM2 ALKBH7 ANP32B ARL4C ATP6V0E1 CD3D CD53 CLIC3 CNPY3 DGCR6L,NKG7 GNLY NPM1 GZMB HNRNPA1 JUNB EIF3G GIMAP7 IL32 LTB BTG1 C6orf48 CCL5 CST7 CTSD CTSW DDX5 FGFBP2 IFITM2 TYROBP CALM1 CD7 FTL GSTK1 GZMA JAK1 LY6E NEDD8 PPIA SSR4 C9orf142 CD247 EIF4A2 FOS GZMM HCST HOPX IFITM1 ITGB2 NOSIP SRRM2 ALKBH7 ANP32B ARL4C ATP6V0E1 CD3D CD53 CLIC3 CNPY3 DGCR6L
intervention,pbmc68k:TCTAAGCTGGGTGA-1,TCTAAGCTGGGTGA-1,1,CD56+ NK,0,T_TCR_CD8,1,CD3D,1,CD3D,2.015,CD53,2.015,1,0,0.257812,0,2.91146,NKG7 GNLY NPM1 GZMB HNRNPA1 JUNB EIF3G GIMAP7 IL32 LTB BTG1 C6orf48 CCL5 CST7 CTSD CTSW DDX5 FGFBP2 IFITM2 TYROBP CALM1 CD7 FTL GSTK1 GZMA JAK1 LY6E NEDD8 PPIA SSR4 C9orf142 CD247 EIF4A2 FOS GZMM HCST HOPX IFITM1 ITGB2 NOSIP SRRM2 ALKBH7 ANP32B ARL4C ATP6V0E1 CD3D CD53 CLIC3 CNPY3 DGCR6L,NKG7 GNLY NPM1 GZMB HNRNPA1 JUNB EIF3G GIMAP7 IL32 LTB BTG1 C6orf48 CCL5 CST7 CTSD CTSW DDX5 FGFBP2 IFITM2 TYROBP CALM1 CD7 FTL GSTK1 GZMA JAK1 LY6E NEDD8 PPIA SSR4 C9orf142 CD247 EIF4A2 FOS GZMM HCST HOPX IFITM1 ITGB2 NOSIP SRRM2 ALKBH7 ANP32B ARL4C ATP6V0E1 MASKED_GENE CD53 CLIC3 CNPY3 DGCR6L,NKG7 GNLY NPM1 GZMB HNRNPA1 JUNB EIF3G GIMAP7 IL32 LTB BTG1 C6orf48 CCL5 CST7 CTSD CTSW DDX5 FGFBP2 IFITM2 TYROBP CALM1 CD7 FTL GSTK1 GZMA JAK1 LY6E NEDD8 PPIA SSR4 C9orf142 CD247 EIF4A2 FOS GZMM HCST HOPX IFITM1 ITGB2 NOSIP SRRM2 ALKBH7 ANP32B ARL4C ATP6V0E1 CD3D MASKED_GENE CLIC3 CNPY3 DGCR6L
intervention,pbmc68k:TCTAAGCTGGGTGA-1,TCTAAGCTGGGTGA-1,1,CD56+ NK,0,cytotoxic_effector,1,NKG7;GNLY;GZMB;CCL5;CTSW;FGFBP2;GZMA,7,NKG7,4.238,HNRNPA1,3.168,4,1.07,0.132812,3,5.80146,NKG7 GNLY NPM1 GZMB HNRNPA1 JUNB EIF3G GIMAP7 IL32 LTB BTG1 C6orf48 CCL5 CST7 CTSD CTSW DDX5 FGFBP2 IFITM2 TYROBP CALM1 CD7 FTL GSTK1 GZMA JAK1 LY6E NEDD8 PPIA SSR4 C9orf142 CD247 EIF4A2 FOS GZMM HCST HOPX IFITM1 ITGB2 NOSIP SRRM2 ALKBH7 ANP32B ARL4C ATP6V0E1 CD3D CD53 CLIC3 CNPY3 DGCR6L,MASKED_GENE GNLY NPM1 GZMB HNRNPA1 JUNB EIF3G GIMAP7 IL32 LTB BTG1 C6orf48 CCL5 CST7 CTSD CTSW DDX5 FGFBP2 IFITM2 TYROBP CALM1 CD7 FTL GSTK1 GZMA JAK1 LY6E NEDD8 PPIA SSR4 C9orf142 CD247 EIF4A2 FOS GZMM HCST HOPX IFITM1 ITGB2 NOSIP SRRM2 ALKBH7 ANP32B ARL4C ATP6V0E1 CD3D CD53 CLIC3 CNPY3 DGCR6L,NKG7 GNLY NPM1 GZMB MASKED_GENE JUNB EIF3G GIMAP7 IL32 LTB BTG1 C6orf48 CCL5 CST7 CTSD CTSW DDX5 FGFBP2 IFITM2 TYROBP CALM1 CD7 FTL GSTK1 GZMA JAK1 LY6E NEDD8 PPIA SSR4 C9orf142 CD247 EIF4A2 FOS GZMM HCST HOPX IFITM1 ITGB2 NOSIP SRRM2 ALKBH7 ANP32B ARL4C ATP6V0E1 CD3D CD53 CLIC3 CNPY3 DGCR6L
base,pbmc68k:TCTCCACTGGGAGT-1,TCTCCACTGGGAGT-1,1,CD8+/CD45RA+ Naive Cytotoxic,1,none,0,,0,,,,,,,,,,JUNB FTL LDHB HCST CD52 NPM1 EIF3L GZMK LTB SRP14 BTG1 CD3E COX7C HIGD2A HNRNPA1 IL32 NOSIP ANAPC16 EIF4A2 GIMAP7 PPDPF PTPRCAP VIM ATP6V0E1 ATP6V1G1 C9orf78 CAP1 CCL5 CCNI CCR7 CD37 CD3D CD7 CD74 CHCHD10 CLIC1 DUSP2 GYPC GZMM HSP90AB1 HSPB1 LDHA PSMA7 S100A6 TRAPPC1 YWHAB ZFAS1 ZNF706 AES ANP32B,JUNB FTL LDHB HCST CD52 NPM1 EIF3L GZMK LTB SRP14 BTG1 CD3E COX7C HIGD2A HNRNPA1 IL32 NOSIP ANAPC16 EIF4A2 GIMAP7 PPDPF PTPRCAP VIM ATP6V0E1 ATP6V1G1 C9orf78 CAP1 CCL5 CCNI CCR7 CD37 CD3D CD7 CD74 CHCHD10 CLIC1 DUSP2 GYPC GZMM HSP90AB1 HSPB1 LDHA PSMA7 S100A6 TRAPPC1 YWHAB ZFAS1 ZNF706 AES ANP32B,JUNB FTL LDHB HCST CD52 NPM1 EIF3L GZMK LTB SRP14 BTG1 CD3E COX7C HIGD2A HNRNPA1 IL32 NOSIP ANAPC16 EIF4A2 GIMAP7 PPDPF PTPRCAP VIM ATP6V0E1 ATP6V1G1 C9orf78 CAP1 CCL5 CCNI CCR7 CD37 CD3D CD7 CD74 CHCHD10 CLIC1 DUSP2 GYPC GZMM HSP90AB1 HSPB1 LDHA PSMA7 S100A6 TRAPPC1 YWHAB ZFAS1 ZNF706 AES ANP32B
intervention,pbmc68k:TCTCCACTGGGAGT-1,TCTCCACTGGGAGT-1,1,CD8+/CD45RA+ Naive Cytotoxic,1,T_TCR_CD8,1,CD3E;CD3D,2,CD3E,2.7,SRP14,2.871,2,0.171,0.0078125,1,1.42013,JUNB FTL LDHB HCST CD52 NPM1 EIF3L GZMK LTB SRP14 BTG1 CD3E COX7C HIGD2A HNRNPA1 IL32 NOSIP ANAPC16 EIF4A2 GIMAP7 PPDPF PTPRCAP VIM ATP6V0E1 ATP6V1G1 C9orf78 CAP1 CCL5 CCNI CCR7 CD37 CD3D CD7 CD74 CHCHD10 CLIC1 DUSP2 GYPC GZMM HSP90AB1 HSPB1 LDHA PSMA7 S100A6 TRAPPC1 YWHAB ZFAS1 ZNF706 AES ANP32B,JUNB FTL LDHB HCST CD52 NPM1 EIF3L GZMK LTB SRP14 BTG1 MASKED_GENE COX7C HIGD2A HNRNPA1 IL32 NOSIP ANAPC16 EIF4A2 GIMAP7 PPDPF PTPRCAP VIM ATP6V0E1 ATP6V1G1 C9orf78 CAP1 CCL5 CCNI CCR7 CD37 CD3D CD7 CD74 CHCHD10 CLIC1 DUSP2 GYPC GZMM HSP90AB1 HSPB1 LDHA PSMA7 S100A6 TRAPPC1 YWHAB ZFAS1 ZNF706 AES ANP32B,JUNB FTL LDHB HCST CD52 NPM1 EIF3L GZMK LTB MASKED_GENE BTG1 CD3E COX7C HIGD2A HNRNPA1 IL32 NOSIP ANAPC16 EIF4A2 GIMAP7 PPDPF PTPRCAP VIM ATP6V0E1 ATP6V1G1 C9orf78 CAP1 CCL5 CCNI CCR7 CD37 CD3D CD7 CD74 CHCHD10 CLIC1 DUSP2 GYPC GZMM HSP90AB1 HSPB1 LDHA PSMA7 S100A6 TRAPPC1 YWHAB ZFAS1 ZNF706 AES ANP32B
intervention,pbmc68k:TCTCCACTGGGAGT-1,TCTCCACTGGGAGT-1,1,CD8+/CD45RA+ Naive Cytotoxic,1,cytotoxic_effector,1,GZMK;CCL5,2,GZMK,2.871,EIF3L,2.871,1,0,0.0625,1,1.29167,JUNB FTL LDHB HCST CD52 NPM1 EIF3L GZMK LTB SRP14 BTG1 CD3E COX7C HIGD2A HNRNPA1 IL32 NOSIP ANAPC16 EIF4A2 GIMAP7 PPDPF PTPRCAP VIM ATP6V0E1 ATP6V1G1 C9orf78 CAP1 CCL5 CCNI CCR7 CD37 CD3D CD7 CD74 CHCHD10 CLIC1 DUSP2 GYPC GZMM HSP90AB1 HSPB1 LDHA PSMA7 S100A6 TRAPPC1 YWHAB ZFAS1 ZNF706 AES ANP32B,JUNB FTL LDHB HCST CD52 NPM1 EIF3L MASKED_GENE LTB SRP14 BTG1 CD3E COX7C HIGD2A HNRNPA1 IL32 NOSIP ANAPC16 EIF4A2 GIMAP7 PPDPF PTPRCAP VIM ATP6V0E1 ATP6V1G1 C9orf78 CAP1 CCL5 CCNI CCR7 CD37 CD3D CD7 CD74 CHCHD10 CLIC1 DUSP2 GYPC GZMM HSP90AB1 HSPB1 LDHA PSMA7 S100A6 TRAPPC1 YWHAB ZFAS1 ZNF706 AES ANP32B,JUNB FTL LDHB HCST CD52 NPM1 MASKED_GENE GZMK LTB SRP14 BTG1 CD3E COX7C HIGD2A HNRNPA1 IL32 NOSIP ANAPC16 EIF4A2 GIMAP7 PPDPF PTPRCAP VIM ATP6V0E1 ATP6V1G1 C9orf78 CAP1 CCL5 CCNI CCR7 CD37 CD3D CD7 CD74 CHCHD10 CLIC1 DUSP2 GYPC GZMM HSP90AB1 HSPB1 LDHA PSMA7 S100A6 TRAPPC1 YWHAB ZFAS1 ZNF706 AES ANP32B
base,pbmc68k:TGAGCTGAGTAGGG-1,TGAGCTGAGTAGGG-1,1,CD8+ Cytotoxic T,1,none,0,,0,,,,,,,,,,CCL5 FTL CD52 IL32 VIM PTPRCAP HLA-DRB1 CD74 HCST NKG7 CALM1 GZMH NPM1 COX6A1 HLA-DRB5 HMOX2 HNRNPA1 ANXA1 ANXA5 ATP5O ATP6V1G1 CD3D CTSW HLA-DPB1 ISG20 LTB PPDPF PPIA PPIB PRDX1 S100A4 SAP18 SRGN TCEB2 CNN2 CSTB EIF3L EIF4A2 GZMK HLA-DQB1 NAP1L1 PARK7 PSMA7 ANAPC16 BID C19orf43 C6orf48 CAP1 CCDC167 CCT8,CCL5 FTL CD52 IL32 VIM PTPRCAP HLA-DRB1 CD74 HCST NKG7 CALM1 GZMH NPM1 COX6A1 HLA-DRB5 HMOX2 HNRNPA1 ANXA1 ANXA5 ATP5O ATP6V1G1 CD3D CTSW HLA-DPB1 ISG20 LTB PPDPF PPIA PPIB PRDX1 S100A4 SAP18 SRGN TCEB2 CNN2 CSTB EIF3L EIF4A2 GZMK HLA-DQB1 NAP1L1 PARK7 PSMA7 ANAPC16 BID C19orf43 C6orf48 CAP1 CCDC167 CCT8,CCL5 FTL CD52 IL32 VIM PTPRCAP HLA-DRB1 CD74 HCST NKG7 CALM1 GZMH NPM1 COX6A1 HLA-DRB5 HMOX2 HNRNPA1 ANXA1 ANXA5 ATP5O ATP6V1G1 CD3D CTSW HLA-DPB1 ISG20 LTB PPDPF PPIA PPIB PRDX1 S100A4 SAP18 SRGN TCEB2 CNN2 CSTB EIF3L EIF4A2 GZMK HLA-DQB1 NAP1L1 PARK7 PSMA7 ANAPC16 BID C19orf43 C6orf48 CAP1 CCDC167 CCT8
intervention,pbmc68k:TGAGCTGAGTAGGG-1,TGAGCTGAGTAGGG-1,1,CD8+ Cytotoxic T,1,T_TCR_CD8,1,CD3D,1,CD3D,2.573,PPIA,2.573,6,0,0.117188,0,3.17188,CCL5 FTL CD52 IL32 VIM PTPRCAP HLA-DRB1 CD74 HCST NKG7 CALM1 GZMH NPM1 COX6A1 HLA-DRB5 HMOX2 HNRNPA1 ANXA1 ANXA5 ATP5O ATP6V1G1 CD3D CTSW HLA-DPB1 ISG20 LTB PPDPF PPIA PPIB PRDX1 S100A4 SAP18 SRGN TCEB2 CNN2 CSTB EIF3L EIF4A2 GZMK HLA-DQB1 NAP1L1 PARK7 PSMA7 ANAPC16 BID C19orf43 C6orf48 CAP1 CCDC167 CCT8,CCL5 FTL CD52 IL32 VIM PTPRCAP HLA-DRB1 CD74 HCST NKG7 CALM1 GZMH NPM1 COX6A1 HLA-DRB5 HMOX2 HNRNPA1 ANXA1 ANXA5 ATP5O ATP6V1G1 MASKED_GENE CTSW HLA-DPB1 ISG20 LTB PPDPF PPIA PPIB PRDX1 S100A4 SAP18 SRGN TCEB2 CNN2 CSTB EIF3L EIF4A2 GZMK HLA-DQB1 NAP1L1 PARK7 PSMA7 ANAPC16 BID C19orf43 C6orf48 CAP1 CCDC167 CCT8,CCL5 FTL CD52 IL32 VIM PTPRCAP HLA-DRB1 CD74 HCST NKG7 CALM1 GZMH NPM1 COX6A1 HLA-DRB5 HMOX2 HNRNPA1 ANXA1 ANXA5 ATP5O ATP6V1G1 CD3D CTSW HLA-DPB1 ISG20 LTB PPDPF MASKED_GENE PPIB PRDX1 S100A4 SAP18 SRGN TCEB2 CNN2 CSTB EIF3L EIF4A2 GZMK HLA-DQB1 NAP1L1 PARK7 PSMA7 ANAPC16 BID C19orf43 C6orf48 CAP1 CCDC167 CCT8
intervention,pbmc68k:TGAGCTGAGTAGGG-1,TGAGCTGAGTAGGG-1,1,CD8+ Cytotoxic T,1,cytotoxic_effector,1,CCL5;NKG7;GZMH;CTSW;GZMK,5,CCL5,4.037,FTL,3.682,1,0.355,0.390625,1,5.28292,CCL5 FTL CD52 IL32 VIM PTPRCAP HLA-DRB1 CD74 HCST NKG7 CALM1 GZMH NPM1 COX6A1 HLA-DRB5 HMOX2 HNRNPA1 ANXA1 ANXA5 ATP5O ATP6V1G1 CD3D CTSW HLA-DPB1 ISG20 LTB PPDPF PPIA PPIB PRDX1 S100A4 SAP18 SRGN TCEB2 CNN2 CSTB EIF3L EIF4A2 GZMK HLA-DQB1 NAP1L1 PARK7 PSMA7 ANAPC16 BID C19orf43 C6orf48 CAP1 CCDC167 CCT8,MASKED_GENE FTL CD52 IL32 VIM PTPRCAP HLA-DRB1 CD74 HCST NKG7 CALM1 GZMH NPM1 COX6A1 HLA-DRB5 HMOX2 HNRNPA1 ANXA1 ANXA5 ATP5O ATP6V1G1 CD3D CTSW HLA-DPB1 ISG20 LTB PPDPF PPIA PPIB PRDX1 S100A4 SAP18 SRGN TCEB2 CNN2 CSTB EIF3L EIF4A2 GZMK HLA-DQB1 NAP1L1 PARK7 PSMA7 ANAPC16 BID C19orf43 C6orf48 CAP1 CCDC167 CCT8,CCL5 MASKED_GENE CD52 IL32 VIM PTPRCAP HLA-DRB1 CD74 HCST NKG7 CALM1 GZMH NPM1 COX6A1 HLA-DRB5 HMOX2 HNRNPA1 ANXA1 ANXA5 ATP5O ATP6V1G1 CD3D CTSW HLA-DPB1 ISG20 LTB PPDPF PPIA PPIB PRDX1 S100A4 SAP18 SRGN TCEB2 CNN2 CSTB EIF3L EIF4A2 GZMK HLA-DQB1 NAP1L1 PARK7 PSMA7 ANAPC16 BID C19orf43 C6orf48 CAP1 CCDC167 CCT8
base,pbmc68k:AATCTCACTGATGC-2,AATCTCACTGATGC-2,2,CD8+ Cytotoxic T,1,none,0,,0,,,,,,,,,,CD74 HLA-DRA GNLY PTPRCAP HLA-DPA1 LTB HLA-DPB1 NKG7 CD79A S100A6 FTL GZMH HIGD2A HLA-DRB1 VIM CD53 PPDPF S100A4 SMARCB1 BTG1 CD37 CD52 CD79B CTSW HNRNPA1 HOPX AES CD3G EIF4A2 IL32 LAMTOR4 TRAPPC1 TYROBP AGTRAP AL928768.3 ANAPC16 ANP32B ANXA1 ATP5O BLK C19orf43 CD3D CD8B CLIC1 DDX5 EIF3L EVL GSTK1 GYPC GZMB,CD74 HLA-DRA GNLY PTPRCAP HLA-DPA1 LTB HLA-DPB1 NKG7 CD79A S100A6 FTL GZMH HIGD2A HLA-DRB1 VIM CD53 PPDPF S100A4 SMARCB1 BTG1 CD37 CD52 CD79B CTSW HNRNPA1 HOPX AES CD3G EIF4A2 IL32 LAMTOR4 TRAPPC1 TYROBP AGTRAP AL928768.3 ANAPC16 ANP32B ANXA1 ATP5O BLK C19orf43 CD3D CD8B CLIC1 DDX5 EIF3L EVL GSTK1 GYPC GZMB,CD74 HLA-DRA GNLY PTPRCAP HLA-DPA1 LTB HLA-DPB1 NKG7 CD79A S100A6 FTL GZMH HIGD2A HLA-DRB1 VIM CD53 PPDPF S100A4 SMARCB1 BTG1 CD37 CD52 CD79B CTSW HNRNPA1 HOPX AES CD3G EIF4A2 IL32 LAMTOR4 TRAPPC1 TYROBP AGTRAP AL928768.3 ANAPC16 ANP32B ANXA1 ATP5O BLK C19orf43 CD3D CD8B CLIC1 DDX5 EIF3L EVL GSTK1 GYPC GZMB
intervention,pbmc68k:AATCTCACTGATGC-2,AATCTCACTGATGC-2,2,CD8+ Cytotoxic T,1,T_TCR_CD8,1,CD3G;CD3D;CD8B,3,CD3G,2.667,LAMTOR4,2.667,3,0,0.015625,3,2.15625,CD74 HLA-DRA GNLY PTPRCAP HLA-DPA1 LTB HLA-DPB1 NKG7 CD79A S100A6 FTL GZMH HIGD2A HLA-DRB1 VIM CD53 PPDPF S100A4 SMARCB1 BTG1 CD37 CD52 CD79B CTSW HNRNPA1 HOPX AES CD3G EIF4A2 IL32 LAMTOR4 TRAPPC1 TYROBP AGTRAP AL928768.3 ANAPC16 ANP32B ANXA1 ATP5O BLK C19orf43 CD3D CD8B CLIC1 DDX5 EIF3L EVL GSTK1 GYPC GZMB,CD74 HLA-DRA GNLY PTPRCAP HLA-DPA1 LTB HLA-DPB1 NKG7 CD79A S100A6 FTL GZMH HIGD2A HLA-DRB1 VIM CD53 PPDPF S100A4 SMARCB1 BTG1 CD37 CD52 CD79B CTSW HNRNPA1 HOPX AES MASKED_GENE EIF4A2 IL32 LAMTOR4 TRAPPC1 TYROBP AGTRAP AL928768.3 ANAPC16 ANP32B ANXA1 ATP5O BLK C19orf43 CD3D CD8B CLIC1 DDX5 EIF3L EVL GSTK1 GYPC GZMB,CD74 HLA-DRA GNLY PTPRCAP HLA-DPA1 LTB HLA-DPB1 NKG7 CD79A S100A6 FTL GZMH HIGD2A HLA-DRB1 VIM CD53 PPDPF S100A4 SMARCB1 BTG1 CD37 CD52 CD79B CTSW HNRNPA1 HOPX AES CD3G EIF4A2 IL32 MASKED_GENE TRAPPC1 TYROBP AGTRAP AL928768.3 ANAPC16 ANP32B ANXA1 ATP5O BLK C19orf43 CD3D CD8B CLIC1 DDX5 EIF3L EVL GSTK1 GYPC GZMB
intervention,pbmc68k:AATCTCACTGATGC-2,AATCTCACTGATGC-2,2,CD8+ Cytotoxic T,1,cytotoxic_effector,1,GNLY;NKG7;GZMH;CTSW;GZMB,5,GNLY,3.937,PTPRCAP,3.869,1,0.0680001,0.242188,3,3.89121,CD74 HLA-DRA GNLY PTPRCAP HLA-DPA1 LTB HLA-DPB1 NKG7 CD79A S100A6 FTL GZMH HIGD2A HLA-DRB1 VIM CD53 PPDPF S100A4 SMARCB1 BTG1 CD37 CD52 CD79B CTSW HNRNPA1 HOPX AES CD3G EIF4A2 IL32 LAMTOR4 TRAPPC1 TYROBP AGTRAP AL928768.3 ANAPC16 ANP32B ANXA1 ATP5O BLK C19orf43 CD3D CD8B CLIC1 DDX5 EIF3L EVL GSTK1 GYPC GZMB,CD74 HLA-DRA MASKED_GENE PTPRCAP HLA-DPA1 LTB HLA-DPB1 NKG7 CD79A S100A6 FTL GZMH HIGD2A HLA-DRB1 VIM CD53 PPDPF S100A4 SMARCB1 BTG1 CD37 CD52 CD79B CTSW HNRNPA1 HOPX AES CD3G EIF4A2 IL32 LAMTOR4 TRAPPC1 TYROBP AGTRAP AL928768.3 ANAPC16 ANP32B ANXA1 ATP5O BLK C19orf43 CD3D CD8B CLIC1 DDX5 EIF3L EVL GSTK1 GYPC GZMB,CD74 HLA-DRA GNLY MASKED_GENE HLA-DPA1 LTB HLA-DPB1 NKG7 CD79A S100A6 FTL GZMH HIGD2A HLA-DRB1 VIM CD53 PPDPF S100A4 SMARCB1 BTG1 CD37 CD52 CD79B CTSW HNRNPA1 HOPX AES CD3G EIF4A2 IL32 LAMTOR4 TRAPPC1 TYROBP AGTRAP AL928768.3 ANAPC16 ANP32B ANXA1 ATP5O BLK C19orf43 CD3D CD8B CLIC1 DDX5 EIF3L EVL GSTK1 GYPC GZMB
base,pbmc68k:ATTTCGTGGACTAC-2,ATTTCGTGGACTAC-2,2,CD8+ Cytotoxic T,1,none,0,,0,,,,,,,,,,GNLY S100A4 CCL5 LTB CD52 FTL IL32 NKG7 NAP1L1 S100A10 TOMM7 VIM CD37 CD3D CD8B HNRNPA1 CALM1 CD74 GIMAP7 GZMA HCST JUNB LDHB PSMA7 S100A6 SRGN SSU72 TAGLN2 TXNIP ATP5O C9orf142 FGFBP2 HIGD2A HNRNPDL HOPX HSPB1 NDUFB11 NEDD8 PRDX2 PSME2 PTPRCAP SP100 SRP14 ANAPC16 ANKRD12 APEX1 ARL6IP5 BTG1 C6orf48 CCDC109B,GNLY S100A4 CCL5 LTB CD52 FTL IL32 NKG7 NAP1L1 S100A10 TOMM7 VIM CD37 CD3D CD8B HNRNPA1 CALM1 CD74 GIMAP7 GZMA HCST JUNB LDHB PSMA7 S100A6 SRGN SSU72 TAGLN2 TXNIP ATP5O C9orf142 FGFBP2 HIGD2A HNRNPDL HOPX HSPB1 NDUFB11 NEDD8 PRDX2 PSME2 PTPRCAP SP100 SRP14 ANAPC16 ANKRD12 APEX1 ARL6IP5 BTG1 C6orf48 CCDC109B,GNLY S100A4 CCL5 LTB CD52 FTL IL32 NKG7 NAP1L1 S100A10 TOMM7 VIM CD37 CD3D CD8B HNRNPA1 CALM1 CD74 GIMAP7 GZMA HCST JUNB LDHB PSMA7 S100A6 SRGN SSU72 TAGLN2 TXNIP ATP5O C9orf142 FGFBP2 HIGD2A HNRNPDL HOPX HSPB1 NDUFB11 NEDD8 PRDX2 PSME2 PTPRCAP SP100 SRP14 ANAPC16 ANKRD12 APEX1 ARL6IP5 BTG1 C6orf48 CCDC109B
intervention,pbmc68k:ATTTCGTGGACTAC-2,ATTTCGTGGACTAC-2,2,CD8+ Cytotoxic T,1,T_TCR_CD8,1,CD3D;CD8B,2,CD3D,2.887,CD37,2.887,1,0,0.15625,0,1.89583,GNLY S100A4 CCL5 LTB CD52 FTL IL32 NKG7 NAP1L1 S100A10 TOMM7 VIM CD37 CD3D CD8B HNRNPA1 CALM1 CD74 GIMAP7 GZMA HCST JUNB LDHB PSMA7 S100A6 SRGN SSU72 TAGLN2 TXNIP ATP5O C9orf142 FGFBP2 HIGD2A HNRNPDL HOPX HSPB1 NDUFB11 NEDD8 PRDX2 PSME2 PTPRCAP SP100 SRP14 ANAPC16 ANKRD12 APEX1 ARL6IP5 BTG1 C6orf48 CCDC109B,GNLY S100A4 CCL5 LTB CD52 FTL IL32 NKG7 NAP1L1 S100A10 TOMM7 VIM CD37 MASKED_GENE CD8B HNRNPA1 CALM1 CD74 GIMAP7 GZMA HCST JUNB LDHB PSMA7 S100A6 SRGN SSU72 TAGLN2 TXNIP ATP5O C9orf142 FGFBP2 HIGD2A HNRNPDL HOPX HSPB1 NDUFB11 NEDD8 PRDX2 PSME2 PTPRCAP SP100 SRP14 ANAPC16 ANKRD12 APEX1 ARL6IP5 BTG1 C6orf48 CCDC109B,GNLY S100A4 CCL5 LTB CD52 FTL IL32 NKG7 NAP1L1 S100A10 TOMM7 VIM MASKED_GENE CD3D CD8B HNRNPA1 CALM1 CD74 GIMAP7 GZMA HCST JUNB LDHB PSMA7 S100A6 SRGN SSU72 TAGLN2 TXNIP ATP5O C9orf142 FGFBP2 HIGD2A HNRNPDL HOPX HSPB1 NDUFB11 NEDD8 PRDX2 PSME2 PTPRCAP SP100 SRP14 ANAPC16 ANKRD12 APEX1 ARL6IP5 BTG1 C6orf48 CCDC109B
intervention,pbmc68k:ATTTCGTGGACTAC-2,ATTTCGTGGACTAC-2,2,CD8+ Cytotoxic T,1,cytotoxic_effector,1,GNLY;CCL5;NKG7;GZMA;FGFBP2,5,GNLY,4.18,S100A4,4.071,1,0.109,0.15625,2,2.7805,GNLY S100A4 CCL5 LTB CD52 FTL IL32 NKG7 NAP1L1 S100A10 TOMM7 VIM CD37 CD3D CD8B HNRNPA1 CALM1 CD74 GIMAP7 GZMA HCST JUNB LDHB PSMA7 S100A6 SRGN SSU72 TAGLN2 TXNIP ATP5O C9orf142 FGFBP2 HIGD2A HNRNPDL HOPX HSPB1 NDUFB11 NEDD8 PRDX2 PSME2 PTPRCAP SP100 SRP14 ANAPC16 ANKRD12 APEX1 ARL6IP5 BTG1 C6orf48 CCDC109B,MASKED_GENE S100A4 CCL5 LTB CD52 FTL IL32 NKG7 NAP1L1 S100A10 TOMM7 VIM CD37 CD3D CD8B HNRNPA1 CALM1 CD74 GIMAP7 GZMA HCST JUNB LDHB PSMA7 S100A6 SRGN SSU72 TAGLN2 TXNIP ATP5O C9orf142 FGFBP2 HIGD2A HNRNPDL HOPX HSPB1 NDUFB11 NEDD8 PRDX2 PSME2 PTPRCAP SP100 SRP14 ANAPC16 ANKRD12 APEX1 ARL6IP5 BTG1 C6orf48 CCDC109B,GNLY MASKED_GENE CCL5 LTB CD52 FTL IL32 NKG7 NAP1L1 S100A10 TOMM7 VIM CD37 CD3D CD8B HNRNPA1 CALM1 CD74 GIMAP7 GZMA HCST JUNB LDHB PSMA7 S100A6 SRGN SSU72 TAGLN2 TXNIP ATP5O C9orf142 FGFBP2 HIGD2A HNRNPDL HOPX HSPB1 NDUFB11 NEDD8 PRDX2 PSME2 PTPRCAP SP100 SRP14 ANAPC16 ANKRD12 APEX1 ARL6IP5 BTG1 C6orf48 CCDC109B
base,pbmc68k:CTTAAAGATCTCAT-2,CTTAAAGATCTCAT-2,2,CD8+/CD45RA+ Naive Cytotoxic,1,none,0,,0,,,,,,,,,,LTB IL32 FTL BTG1 CD3D CD7 GNLY CD52 JUNB S100A4 C9orf142 CLIC1 ZFP36L2 C19orf43 CD3G CD8A DDX5 ID2 IFITM2 NPM1 OST4 PRDX2 PTPRCAP TAGLN2 TCEB2 ANXA1 CD27 CD74 CORO1B EIF4A2 HNRNPA1 NDUFS5 NSA2 PPDPF TOMM7 AES ALOX5AP ANKRD12 CALM1 CD53 COX6A1 CTSW DCXR DUSP2 FOS GATA3 GLRX GZMM HIGD2A HOPX,LTB IL32 FTL BTG1 CD3D CD7 GNLY CD52 JUNB S100A4 C9orf142 CLIC1 ZFP36L2 C19orf43 CD3G CD8A DDX5 ID2 IFITM2 NPM1 OST4 PRDX2 PTPRCAP TAGLN2 TCEB2 ANXA1 CD27 CD74 CORO1B EIF4A2 HNRNPA1 NDUFS5 NSA2 PPDPF TOMM7 AES ALOX5AP ANKRD12 CALM1 CD53 COX6A1 CTSW DCXR DUSP2 FOS GATA3 GLRX GZMM HIGD2A HOPX,LTB IL32 FTL BTG1 CD3D CD7 GNLY CD52 JUNB S100A4 C9orf142 CLIC1 ZFP36L2 C19orf43 CD3G CD8A DDX5 ID2 IFITM2 NPM1 OST4 PRDX2 PTPRCAP TAGLN2 TCEB2 ANXA1 CD27 CD74 CORO1B EIF4A2 HNRNPA1 NDUFS5 NSA2 PPDPF TOMM7 AES ALOX5AP ANKRD12 CALM1 CD53 COX6A1 CTSW DCXR DUSP2 FOS GATA3 GLRX GZMM HIGD2A HOPX
intervention,pbmc68k:CTTAAAGATCTCAT-2,CTTAAAGATCTCAT-2,2,CD8+/CD45RA+ Naive Cytotoxic,1,T_TCR_CD8,1,CD3D;CD3G;CD8A,3,CD3D,3.385,S100A4,3.109,5,0.276,0.140625,2,4.29158,LTB IL32 FTL BTG1 CD3D CD7 GNLY CD52 JUNB S100A4 C9orf142 CLIC1 ZFP36L2 C19orf43 CD3G CD8A DDX5 ID2 IFITM2 NPM1 OST4 PRDX2 PTPRCAP TAGLN2 TCEB2 ANXA1 CD27 CD74 CORO1B EIF4A2 HNRNPA1 NDUFS5 NSA2 PPDPF TOMM7 AES ALOX5AP ANKRD12 CALM1 CD53 COX6A1 CTSW DCXR DUSP2 FOS GATA3 GLRX GZMM HIGD2A HOPX,LTB IL32 FTL BTG1 MASKED_GENE CD7 GNLY CD52 JUNB S100A4 C9orf142 CLIC1 ZFP36L2 C19orf43 CD3G CD8A DDX5 ID2 IFITM2 NPM1 OST4 PRDX2 PTPRCAP TAGLN2 TCEB2 ANXA1 CD27 CD74 CORO1B EIF4A2 HNRNPA1 NDUFS5 NSA2 PPDPF TOMM7 AES ALOX5AP ANKRD12 CALM1 CD53 COX6A1 CTSW DCXR DUSP2 FOS GATA3 GLRX GZMM HIGD2A HOPX,LTB IL32 FTL BTG1 CD3D CD7 GNLY CD52 JUNB MASKED_GENE C9orf142 CLIC1 ZFP36L2 C19orf43 CD3G CD8A DDX5 ID2 IFITM2 NPM1 OST4 PRDX2 PTPRCAP TAGLN2 TCEB2 ANXA1 CD27 CD74 CORO1B EIF4A2 HNRNPA1 NDUFS5 NSA2 PPDPF TOMM7 AES ALOX5AP ANKRD12 CALM1 CD53 COX6A1 CTSW DCXR DUSP2 FOS GATA3 GLRX GZMM HIGD2A HOPX
intervention,pbmc68k:CTTAAAGATCTCAT-2,CTTAAAGATCTCAT-2,2,CD8+/CD45RA+ Naive Cytotoxic,1,cytotoxic_effector,1,GNLY;CTSW,2,GNLY,3.385,S100A4,3.109,3,0.276,0.15625,2,3.78117,LTB IL32 FTL BTG1 CD3D CD7 GNLY CD52 JUNB S100A4 C9orf142 CLIC1 ZFP36L2 C19orf43 CD3G CD8A DDX5 ID2 IFITM2 NPM1 OST4 PRDX2 PTPRCAP TAGLN2 TCEB2 ANXA1 CD27 CD74 CORO1B EIF4A2 HNRNPA1 NDUFS5 NSA2 PPDPF TOMM7 AES ALOX5AP ANKRD12 CALM1 CD53 COX6A1 CTSW DCXR DUSP2 FOS GATA3 GLRX GZMM HIGD2A HOPX,LTB IL32 FTL BTG1 CD3D CD7 MASKED_GENE CD52 JUNB S100A4 C9orf142 CLIC1 ZFP36L2 C19orf43 CD3G CD8A DDX5 ID2 IFITM2 NPM1 OST4 PRDX2 PTPRCAP TAGLN2 TCEB2 ANXA1 CD27 CD74 CORO1B EIF4A2 HNRNPA1 NDUFS5 NSA2 PPDPF TOMM7 AES ALOX5AP ANKRD12 CALM1 CD53 COX6A1 CTSW DCXR DUSP2 FOS GATA3 GLRX GZMM HIGD2A HOPX,LTB IL32 FTL BTG1 CD3D CD7 GNLY CD52 JUNB MASKED_GENE C9orf142 CLIC1 ZFP36L2 C19orf43 CD3G CD8A DDX5 ID2 IFITM2 NPM1 OST4 PRDX2 PTPRCAP TAGLN2 TCEB2 ANXA1 CD27 CD74 CORO1B EIF4A2 HNRNPA1 NDUFS5 NSA2 PPDPF TOMM7 AES ALOX5AP ANKRD12 CALM1 CD53 COX6A1 CTSW DCXR DUSP2 FOS GATA3 GLRX GZMM HIGD2A HOPX
base,pbmc68k:GCGTACCTGAAGGC-2,GCGTACCTGAAGGC-2,2,CD8+ Cytotoxic T,1,none,0,,0,,,,,,,,,,LTB VIM BTG1 JUNB CCL5 FTL S100A4 S100A6 DDX5 IL32 C19orf43 C6orf48 DUSP2 HNRNPA1 NPM1 ANXA1 CD3E CD52 EIF3E EIF4A2 GNLY GPX4 GZMA LDHB MZT2B PARK7 PPIA PTPRCAP SUMO2 TOMM7 ARF6 ATP5O ATP6V1G1 CD3D CD3G CLIC1 CST7 CXCR4 EIF3D GSTK1 ID2 IFITM2 ISCU LCK LMAN2 LY6E MTDH NOSIP POP5 PQBP1,LTB VIM BTG1 JUNB CCL5 FTL S100A4 S100A6 DDX5 IL32 C19orf43 C6orf48 DUSP2 HNRNPA1 NPM1 ANXA1 CD3E CD52 EIF3E EIF4A2 GNLY GPX4 GZMA LDHB MZT2B PARK7 PPIA PTPRCAP SUMO2 TOMM7 ARF6 ATP5O ATP6V1G1 CD3D CD3G CLIC1 CST7 CXCR4 EIF3D GSTK1 ID2 IFITM2 ISCU LCK LMAN2 LY6E MTDH NOSIP POP5 PQBP1,LTB VIM BTG1 JUNB CCL5 FTL S100A4 S100A6 DDX5 IL32 C19orf43 C6orf48 DUSP2 HNRNPA1 NPM1 ANXA1 CD3E CD52 EIF3E EIF4A2 GNLY GPX4 GZMA LDHB MZT2B PARK7 PPIA PTPRCAP SUMO2 TOMM7 ARF6 ATP5O ATP6V1G1 CD3D CD3G CLIC1 CST7 CXCR4 EIF3D GSTK1 ID2 IFITM2 ISCU LCK LMAN2 LY6E MTDH NOSIP POP5 PQBP1
intervention,pbmc68k:GCGTACCTGAAGGC-2,GCGTACCTGAAGGC-2,2,CD8+ Cytotoxic T,1,T_TCR_CD8,1,CD3E;CD3D;CD3G,3,CD3E,2.58,ANXA1,2.58,1,0,0.0390625,1,1.05729,LTB VIM BTG1 JUNB CCL5 FTL S100A4 S100A6 DDX5 IL32 C19orf43 C6orf48 DUSP2 HNRNPA1 NPM1 ANXA1 CD3E CD52 EIF3E EIF4A2 GNLY GPX4 GZMA LDHB MZT2B PARK7 PPIA PTPRCAP SUMO2 TOMM7 ARF6 ATP5O ATP6V1G1 CD3D CD3G CLIC1 CST7 CXCR4 EIF3D GSTK1 ID2 IFITM2 ISCU LCK LMAN2 LY6E MTDH NOSIP POP5 PQBP1,LTB VIM BTG1 JUNB CCL5 FTL S100A4 S100A6 DDX5 IL32 C19orf43 C6orf48 DUSP2 HNRNPA1 NPM1 ANXA1 MASKED_GENE CD52 EIF3E EIF4A2 GNLY GPX4 GZMA LDHB MZT2B PARK7 PPIA PTPRCAP SUMO2 TOMM7 ARF6 ATP5O ATP6V1G1 CD3D CD3G CLIC1 CST7 CXCR4 EIF3D GSTK1 ID2 IFITM2 ISCU LCK LMAN2 LY6E MTDH NOSIP POP5 PQBP1,LTB VIM BTG1 JUNB CCL5 FTL S100A4 S100A6 DDX5 IL32 C19orf43 C6orf48 DUSP2 HNRNPA1 NPM1 MASKED_GENE CD3E CD52 EIF3E EIF4A2 GNLY GPX4 GZMA LDHB MZT2B PARK7 PPIA PTPRCAP SUMO2 TOMM7 ARF6 ATP5O ATP6V1G1 CD3D CD3G CLIC1 CST7 CXCR4 EIF3D GSTK1 ID2 IFITM2 ISCU LCK LMAN2 LY6E MTDH NOSIP POP5 PQBP1
intervention,pbmc68k:GCGTACCTGAAGGC-2,GCGTACCTGAAGGC-2,2,CD8+ Cytotoxic T,1,cytotoxic_effector,1,CCL5;GNLY;GZMA,3,CCL5,3.107,S100A4,3.107,2,0,0.15625,2,2.89583,LTB VIM BTG1 JUNB CCL5 FTL S100A4 S100A6 DDX5 IL32 C19orf43 C6orf48 DUSP2 HNRNPA1 NPM1 ANXA1 CD3E CD52 EIF3E EIF4A2 GNLY GPX4 GZMA LDHB MZT2B PARK7 PPIA PTPRCAP SUMO2 TOMM7 ARF6 ATP5O ATP6V1G1 CD3D CD3G CLIC1 CST7 CXCR4 EIF3D GSTK1 ID2 IFITM2 ISCU LCK LMAN2 LY6E MTDH NOSIP POP5 PQBP1,LTB VIM BTG1 JUNB MASKED_GENE FTL S100A4 S100A6 DDX5 IL32 C19orf43 C6orf48 DUSP2 HNRNPA1 NPM1 ANXA1 CD3E CD52 EIF3E EIF4A2 GNLY GPX4 GZMA LDHB MZT2B PARK7 PPIA PTPRCAP SUMO2 TOMM7 ARF6 ATP5O ATP6V1G1 CD3D CD3G CLIC1 CST7 CXCR4 EIF3D GSTK1 ID2 IFITM2 ISCU LCK LMAN2 LY6E MTDH NOSIP POP5 PQBP1,LTB VIM BTG1 JUNB CCL5 FTL MASKED_GENE S100A6 DDX5 IL32 C19orf43 C6orf48 DUSP2 HNRNPA1 NPM1 ANXA1 CD3E CD52 EIF3E EIF4A2 GNLY GPX4 GZMA LDHB MZT2B PARK7 PPIA PTPRCAP SUMO2 TOMM7 ARF6 ATP5O ATP6V1G1 CD3D CD3G CLIC1 CST7 CXCR4 EIF3D GSTK1 ID2 IFITM2 ISCU LCK LMAN2 LY6E MTDH NOSIP POP5 PQBP1
base,pbmc68k:GGGATGGAATGCCA-2,GGGATGGAATGCCA-2,2,CD8+/CD45RA+ Naive Cytotoxic,1,none,0,,0,,,,,,,,,,FTL JUNB S100A4 IL32 CCL5 BTG1 C6orf48 CALM1 PTPRCAP CD52 DUSP2 ID2 LTB NDFIP1 S100A6 SRP14 SSR4 VIM AMICA1 FOS GPX4 GSTK1 MZT2B NPM1 ARF6 CD3E COPE CSTB EVL HCST HIGD2A LDHB NFKBIA SNHG8 TOMM7 AGTRAP ANAPC16 C10orf54 CCDC107 CD47 CD63 CLIC1 EIF3G ERP29 IL7R ITGB2 KLF6 LAMTOR4 LCK MAD2L2,FTL JUNB S100A4 IL32 CCL5 BTG1 C6orf48 CALM1 PTPRCAP CD52 DUSP2 ID2 LTB NDFIP1 S100A6 SRP14 SSR4 VIM AMICA1 FOS GPX4 GSTK1 MZT2B NPM1 ARF6 CD3E COPE CSTB EVL HCST HIGD2A LDHB NFKBIA SNHG8 TOMM7 AGTRAP ANAPC16 C10orf54 CCDC107 CD47 CD63 CLIC1 EIF3G ERP29 IL7R ITGB2 KLF6 LAMTOR4 LCK MAD2L2,FTL JUNB S100A4 IL32 CCL5 BTG1 C6orf48 CALM1 PTPRCAP CD52 DUSP2 ID2 LTB NDFIP1 S100A6 SRP14 SSR4 VIM AMICA1 FOS GPX4 GSTK1 MZT2B NPM1 ARF6 CD3E COPE CSTB EVL HCST HIGD2A LDHB NFKBIA SNHG8 TOMM7 AGTRAP ANAPC16 C10orf54 CCDC107 CD47 CD63 CLIC1 EIF3G ERP29 IL7R ITGB2 KLF6 LAMTOR4 LCK MAD2L2
intervention,pbmc68k:GGGATGGAATGCCA-2,GGGATGGAATGCCA-2,2,CD8+/CD45RA+ Naive Cytotoxic,1,T_TCR_CD8,1,CD3E,1,CD3E,2.533,HCST,2.533,4,0,0.0390625,0,1.72396,FTL JUNB S100A4 IL32 CCL5 BTG1 C6orf48 CALM1 PTPRCAP CD52 DUSP2 ID2 LTB NDFIP1 S100A6 SRP14 SSR4 VIM AMICA1 FOS GPX4 GSTK1 MZT2B NPM1 ARF6 CD3E COPE CSTB EVL HCST HIGD2A LDHB NFKBIA SNHG8 TOMM7 AGTRAP ANAPC16 C10orf54 CCDC107 CD47 CD63 CLIC1 EIF3G ERP29 IL7R ITGB2 KLF6 LAMTOR4 LCK MAD2L2,FTL JUNB S100A4 IL32 CCL5 BTG1 C6orf48 CALM1 PTPRCAP CD52 DUSP2 ID2 LTB NDFIP1 S100A6 SRP14 SSR4 VIM AMICA1 FOS GPX4 GSTK1 MZT2B NPM1 ARF6 MASKED_GENE COPE CSTB EVL HCST HIGD2A LDHB NFKBIA SNHG8 TOMM7 AGTRAP ANAPC16 C10orf54 CCDC107 CD47 CD63 CLIC1 EIF3G ERP29 IL7R ITGB2 KLF6 LAMTOR4 LCK MAD2L2,FTL JUNB S100A4 IL32 CCL5 BTG1 C6orf48 CALM1 PTPRCAP CD52 DUSP2 ID2 LTB NDFIP1 S100A6 SRP14 SSR4 VIM AMICA1 FOS GPX4 GSTK1 MZT2B NPM1 ARF6 CD3E COPE CSTB EVL MASKED_GENE HIGD2A LDHB NFKBIA SNHG8 TOMM7 AGTRAP ANAPC16 C10orf54 CCDC107 CD47 CD63 CLIC1 EIF3G ERP29 IL7R ITGB2 KLF6 LAMTOR4 LCK MAD2L2
intervention,pbmc68k:GGGATGGAATGCCA-2,GGGATGGAATGCCA-2,2,CD8+/CD45RA+ Naive Cytotoxic,1,cytotoxic_effector,1,CCL5,1,CCL5,3.186,S100A4,3.493,2,0.307,0.15625,2,3.50983,FTL JUNB S100A4 IL32 CCL5 BTG1 C6orf48 CALM1 PTPRCAP CD52 DUSP2 ID2 LTB NDFIP1 S100A6 SRP14 SSR4 VIM AMICA1 FOS GPX4 GSTK1 MZT2B NPM1 ARF6 CD3E COPE CSTB EVL HCST HIGD2A LDHB NFKBIA SNHG8 TOMM7 AGTRAP ANAPC16 C10orf54 CCDC107 CD47 CD63 CLIC1 EIF3G ERP29 IL7R ITGB2 KLF6 LAMTOR4 LCK MAD2L2,FTL JUNB S100A4 IL32 MASKED_GENE BTG1 C6orf48 CALM1 PTPRCAP CD52 DUSP2 ID2 LTB NDFIP1 S100A6 SRP14 SSR4 VIM AMICA1 FOS GPX4 GSTK1 MZT2B NPM1 ARF6 CD3E COPE CSTB EVL HCST HIGD2A LDHB NFKBIA SNHG8 TOMM7 AGTRAP ANAPC16 C10orf54 CCDC107 CD47 CD63 CLIC1 EIF3G ERP29 IL7R ITGB2 KLF6 LAMTOR4 LCK MAD2L2,FTL JUNB MASKED_GENE IL32 CCL5 BTG1 C6orf48 CALM1 PTPRCAP CD52 DUSP2 ID2 LTB NDFIP1 S100A6 SRP14 SSR4 VIM AMICA1 FOS GPX4 GSTK1 MZT2B NPM1 ARF6 CD3E COPE CSTB EVL HCST HIGD2A LDHB NFKBIA SNHG8 TOMM7 AGTRAP ANAPC16 C10orf54 CCDC107 CD47 CD63 CLIC1 EIF3G ERP29 IL7R ITGB2 KLF6 LAMTOR4 LCK MAD2L2
base,pbmc68k:TACTAAGAAGCGGA-2,TACTAAGAAGCGGA-2,2,CD8+ Cytotoxic T,1,none,0,,0,,,,,,,,,,LTB GIMAP7 HNRNPA1 IL32 S100A4 FTL CD52 GYPC RGS10 CD37 PTPRCAP BTG1 CLIC1 NHP2 NOSIP ANP32B CCL5 CD3D ERP29 NDUFA11 NPM1 PPIB SOD1 SSR4 TCEB2 ATP5J2 ATP6V1G1 C10orf118 CCDC109B COX7C DUSP2 EID1 EIF4A2 GABARAPL2 GZMK HNRNPF IL7R ISG20 ITGB2 LMAN2 NDUFB2 PTPRC SAP18 SUMO2 TOMM7 AES ANXA1 C9orf78 CALM1 CD27,LTB GIMAP7 HNRNPA1 IL32 S100A4 FTL CD52 GYPC RGS10 CD37 PTPRCAP BTG1 CLIC1 NHP2 NOSIP ANP32B CCL5 CD3D ERP29 NDUFA11 NPM1 PPIB SOD1 SSR4 TCEB2 ATP5J2 ATP6V1G1 C10orf118 CCDC109B COX7C DUSP2 EID1 EIF4A2 GABARAPL2 GZMK HNRNPF IL7R ISG20 ITGB2 LMAN2 NDUFB2 PTPRC SAP18 SUMO2 TOMM7 AES ANXA1 C9orf78 CALM1 CD27,LTB GIMAP7 HNRNPA1 IL32 S100A4 FTL CD52 GYPC RGS10 CD37 PTPRCAP BTG1 CLIC1 NHP2 NOSIP ANP32B CCL5 CD3D ERP29 NDUFA11 NPM1 PPIB SOD1 SSR4 TCEB2 ATP5J2 ATP6V1G1 C10orf118 CCDC109B COX7C DUSP2 EID1 EIF4A2 GABARAPL2 GZMK HNRNPF IL7R ISG20 ITGB2 LMAN2 NDUFB2 PTPRC SAP18 SUMO2 TOMM7 AES ANXA1 C9orf78 CALM1 CD27
intervention,pbmc68k:TACTAAGAAGCGGA-2,TACTAAGAAGCGGA-2,2,CD8+ Cytotoxic T,1,T_TCR_CD8,1,CD3D,1,CD3D,2.594,NOSIP,2.802,3,0.208,0.171875,1,3.46808,LTB GIMAP7 HNRNPA1 IL32 S100A4 FTL CD52 GYPC RGS10 CD37 PTPRCAP BTG1 CLIC1 NHP2 NOSIP ANP32B CCL5 CD3D ERP29 NDUFA11 NPM1 PPIB SOD1 SSR4 TCEB2 ATP5J2 ATP6V1G1 C10orf118 CCDC109B COX7C DUSP2 EID1 EIF4A2 GABARAPL2 GZMK HNRNPF IL7R ISG20 ITGB2 LMAN2 NDUFB2 PTPRC SAP18 SUMO2 TOMM7 AES ANXA1 C9orf78 CALM1 CD27,LTB GIMAP7 HNRNPA1 IL32 S100A4 FTL CD52 GYPC RGS10 CD37 PTPRCAP BTG1 CLIC1 NHP2 NOSIP ANP32B CCL5 MASKED_GENE ERP29 NDUFA11 NPM1 PPIB SOD1 SSR4 TCEB2 ATP5J2 ATP6V1G1 C10orf118 CCDC109B COX7C DUSP2 EID1 EIF4A2 GABARAPL2 GZMK HNRNPF IL7R ISG20 ITGB2 LMAN2 NDUFB2 PTPRC SAP18 SUMO2 TOMM7 AES ANXA1 C9orf78 CALM1 CD27,LTB GIMAP7 HNRNPA1 IL32 S100A4 FTL CD52 GYPC RGS10 CD37 PTPRCAP BTG1 CLIC1 NHP2 MASKED_GENE ANP32B CCL5 CD3D ERP29 NDUFA11 NPM1 PPIB SOD1 SSR4 TCEB2 ATP5J2 ATP6V1G1 C10orf118 CCDC109B COX7C DUSP2 EID1 EIF4A2 GABARAPL2 GZMK HNRNPF IL7R ISG20 ITGB2 LMAN2 NDUFB2 PTPRC SAP18 SUMO2 TOMM7 AES ANXA1 C9orf78 CALM1 CD27
intervention,pbmc68k:TACTAAGAAGCGGA-2,TACTAAGAAGCGGA-2,2,CD8+ Cytotoxic T,1,cytotoxic_effector,1,CCL5;GZMK,2,CCL5,2.594,NOSIP,2.802,2,0.208,0.15625,1,2.9785,LTB GIMAP7 HNRNPA1 IL32 S100A4 FTL CD52 GYPC RGS10 CD37 PTPRCAP BTG1 CLIC1 NHP2 NOSIP ANP32B CCL5 CD3D ERP29 NDUFA11 NPM1 PPIB SOD1 SSR4 TCEB2 ATP5J2 ATP6V1G1 C10orf118 CCDC109B COX7C DUSP2 EID1 EIF4A2 GABARAPL2 GZMK HNRNPF IL7R ISG20 ITGB2 LMAN2 NDUFB2 PTPRC SAP18 SUMO2 TOMM7 AES ANXA1 C9orf78 CALM1 CD27,LTB GIMAP7 HNRNPA1 IL32 S100A4 FTL CD52 GYPC RGS10 CD37 PTPRCAP BTG1 CLIC1 NHP2 NOSIP ANP32B MASKED_GENE CD3D ERP29 NDUFA11 NPM1 PPIB SOD1 SSR4 TCEB2 ATP5J2 ATP6V1G1 C10orf118 CCDC109B COX7C DUSP2 EID1 EIF4A2 GABARAPL2 GZMK HNRNPF IL7R ISG20 ITGB2 LMAN2 NDUFB2 PTPRC SAP18 SUMO2 TOMM7 AES ANXA1 C9orf78 CALM1 CD27,LTB GIMAP7 HNRNPA1 IL32 S100A4 FTL CD52 GYPC RGS10 CD37 PTPRCAP BTG1 CLIC1 NHP2 MASKED_GENE ANP32B CCL5 CD3D ERP29 NDUFA11 NPM1 PPIB SOD1 SSR4 TCEB2 ATP5J2 ATP6V1G1 C10orf118 CCDC109B COX7C DUSP2 EID1 EIF4A2 GABARAPL2 GZMK HNRNPF IL7R ISG20 ITGB2 LMAN2 NDUFB2 PTPRC SAP18 SUMO2 TOMM7 AES ANXA1 C9orf78 CALM1 CD27
base,pbmc68k:AACGCCCTGTTGGT-3,AACGCCCTGTTGGT-3,3,CD8+ Cytotoxic T,1,none,0,,0,,,,,,,,,,LTB FTL CCL5 CD52 NPM1 BTG1 HNRNPA1 IFITM2 JUNB CD27 DDX5 GIMAP7 IFITM1 U2AF1 AES C19orf43 CD3D DUSP2 EIF3E NHP2 PPDPF PPIA PTPRCAP SOD1 TPR TXNIP CCNI CD74 COX6A1 CRIP1 EIF3G FLT3LG LDHB NAP1L1 PKM S100A6 SRP14 SUMO2 AMICA1 ANAPC16 ANXA1 ARL6IP5 C1orf162 CAP1 CCDC167 CD2 CD53 CLIC1 COPE CSTB,LTB FTL CCL5 CD52 NPM1 BTG1 HNRNPA1 IFITM2 JUNB CD27 DDX5 GIMAP7 IFITM1 U2AF1 AES C19orf43 CD3D DUSP2 EIF3E NHP2 PPDPF PPIA PTPRCAP SOD1 TPR TXNIP CCNI CD74 COX6A1 CRIP1 EIF3G FLT3LG LDHB NAP1L1 PKM S100A6 SRP14 SUMO2 AMICA1 ANAPC16 ANXA1 ARL6IP5 C1orf162 CAP1 CCDC167 CD2 CD53 CLIC1 COPE CSTB,LTB FTL CCL5 CD52 NPM1 BTG1 HNRNPA1 IFITM2 JUNB CD27 DDX5 GIMAP7 IFITM1 U2AF1 AES C19orf43 CD3D DUSP2 EIF3E NHP2 PPDPF PPIA PTPRCAP SOD1 TPR TXNIP CCNI CD74 COX6A1 CRIP1 EIF3G FLT3LG LDHB NAP1L1 PKM S100A6 SRP14 SUMO2 AMICA1 ANAPC16 ANXA1 ARL6IP5 C1orf162 CAP1 CCDC167 CD2 CD53 CLIC1 COPE CSTB
intervention,pbmc68k:AACGCCCTGTTGGT-3,AACGCCCTGTTGGT-3,3,CD8+ Cytotoxic T,1,T_TCR_CD8,1,CD3D,1,CD3D,2.588,AES,2.588,2,0,0.0390625,1,1.39062,LTB FTL CCL5 CD52 NPM1 BTG1 HNRNPA1 IFITM2 JUNB CD27 DDX5 GIMAP7 IFITM1 U2AF1 AES C19orf43 CD3D DUSP2 EIF3E NHP2 PPDPF PPIA PTPRCAP SOD1 TPR TXNIP CCNI CD74 COX6A1 CRIP1 EIF3G FLT3LG LDHB NAP1L1 PKM S100A6 SRP14 SUMO2 AMICA1 ANAPC16 ANXA1 ARL6IP5 C1orf162 CAP1 CCDC167 CD2 CD53 CLIC1 COPE CSTB,LTB FTL CCL5 CD52 NPM1 BTG1 HNRNPA1 IFITM2 JUNB CD27 DDX5 GIMAP7 IFITM1 U2AF1 AES C19orf43 MASKED_GENE DUSP2 EIF3E NHP2 PPDPF PPIA PTPRCAP SOD1 TPR TXNIP CCNI CD74 COX6A1 CRIP1 EIF3G FLT3LG LDHB NAP1L1 PKM S100A6 SRP14 SUMO2 AMICA1 ANAPC16 ANXA1 ARL6IP5 C1orf162 CAP1 CCDC167 CD2 CD53 CLIC1 COPE CSTB,LTB FTL CCL5 CD52 NPM1 BTG1 HNRNPA1 IFITM2 JUNB CD27 DDX5 GIMAP7 IFITM1 U2AF1 MASKED_GENE C19orf43 CD3D DUSP2 EIF3E NHP2 PPDPF PPIA PTPRCAP SOD1 TPR TXNIP CCNI CD74 COX6A1 CRIP1 EIF3G FLT3LG LDHB NAP1L1 PKM S100A6 SRP14 SUMO2 AMICA1 ANAPC16 ANXA1 ARL6IP5 C1orf162 CAP1 CCDC167 CD2 CD53 CLIC1 COPE CSTB
intervention,pbmc68k:AACGCCCTGTTGGT-3,AACGCCCTGTTGGT-3,3,CD8+ Cytotoxic T,1,cytotoxic_effector,1,CCL5,1,CCL5,3.458,FTL,3.551,1,0.0930002,0.390625,1,4.75892,LTB FTL CCL5 CD52 NPM1 BTG1 HNRNPA1 IFITM2 JUNB CD27 DDX5 GIMAP7 IFITM1 U2AF1 AES C19orf43 CD3D DUSP2 EIF3E NHP2 PPDPF PPIA PTPRCAP SOD1 TPR TXNIP CCNI CD74 COX6A1 CRIP1 EIF3G FLT3LG LDHB NAP1L1 PKM S100A6 SRP14 SUMO2 AMICA1 ANAPC16 ANXA1 ARL6IP5 C1orf162 CAP1 CCDC167 CD2 CD53 CLIC1 COPE CSTB,LTB FTL MASKED_GENE CD52 NPM1 BTG1 HNRNPA1 IFITM2 JUNB CD27 DDX5 GIMAP7 IFITM1 U2AF1 AES C19orf43 CD3D DUSP2 EIF3E NHP2 PPDPF PPIA PTPRCAP SOD1 TPR TXNIP CCNI CD74 COX6A1 CRIP1 EIF3G FLT3LG LDHB NAP1L1 PKM S100A6 SRP14 SUMO2 AMICA1 ANAPC16 ANXA1 ARL6IP5 C1orf162 CAP1 CCDC167 CD2 CD53 CLIC1 COPE CSTB,LTB MASKED_GENE CCL5 CD52 NPM1 BTG1 HNRNPA1 IFITM2 JUNB CD27 DDX5 GIMAP7 IFITM1 U2AF1 AES C19orf43 CD3D DUSP2 EIF3E NHP2 PPDPF PPIA PTPRCAP SOD1 TPR TXNIP CCNI CD74 COX6A1 CRIP1 EIF3G FLT3LG LDHB NAP1L1 PKM S100A6 SRP14 SUMO2 AMICA1 ANAPC16 ANXA1 ARL6IP5 C1orf162 CAP1 CCDC167 CD2 CD53 CLIC1 COPE CSTB
base,pbmc68k:ACGCTCACGTCTGA-3,ACGCTCACGTCTGA-3,3,CD8+ Cytotoxic T,1,none,0,,0,,,,,,,,,,GNLY LTB S100A4 IFITM2 IL32 CD52 NKG7 C19orf43 GZMB S100A10 AES BTG1 CALM1 NOSIP PPDPF SOD1 TAGLN2 CD3D CD3G DDX5 EIF3G FTL HNRNPA1 JUNB LDHB NAP1L1 CALM3 CCDC167 CCL5 CD27 CD3E CD7 CST7 CUTA DEK DYNLRB1 EIF4A1 GIMAP7 GSTK1 HIGD2A NDUFA4 PTPRCAP RNASET2 TXN TYROBP VIM ANAPC16 ANXA1 AP2S1 ARL4C,GNLY LTB S100A4 IFITM2 IL32 CD52 NKG7 C19orf43 GZMB S100A10 AES BTG1 CALM1 NOSIP PPDPF SOD1 TAGLN2 CD3D CD3G DDX5 EIF3G FTL HNRNPA1 JUNB LDHB NAP1L1 CALM3 CCDC167 CCL5 CD27 CD3E CD7 CST7 CUTA DEK DYNLRB1 EIF4A1 GIMAP7 GSTK1 HIGD2A NDUFA4 PTPRCAP RNASET2 TXN TYROBP VIM ANAPC16 ANXA1 AP2S1 ARL4C,GNLY LTB S100A4 IFITM2 IL32 CD52 NKG7 C19orf43 GZMB S100A10 AES BTG1 CALM1 NOSIP PPDPF SOD1 TAGLN2 CD3D CD3G DDX5 EIF3G FTL HNRNPA1 JUNB LDHB NAP1L1 CALM3 CCDC167 CCL5 CD27 CD3E CD7 CST7 CUTA DEK DYNLRB1 EIF4A1 GIMAP7 GSTK1 HIGD2A NDUFA4 PTPRCAP RNASET2 TXN TYROBP VIM ANAPC16 ANXA1 AP2S1 ARL4C
intervention,pbmc68k:ACGCTCACGTCTGA-3,ACGCTCACGTCTGA-3,3,CD8+ Cytotoxic T,1,T_TCR_CD8,1,CD3D;CD3G;CD3E,3,CD3D,2.718,AES,2.928,7,0.21,0.0390625,1,3.47729,GNLY LTB S100A4 IFITM2 IL32 CD52 NKG7 C19orf43 GZMB S100A10 AES BTG1 CALM1 NOSIP PPDPF SOD1 TAGLN2 CD3D CD3G DDX5 EIF3G FTL HNRNPA1 JUNB LDHB NAP1L1 CALM3 CCDC167 CCL5 CD27 CD3E CD7 CST7 CUTA DEK DYNLRB1 EIF4A1 GIMAP7 GSTK1 HIGD2A NDUFA4 PTPRCAP RNASET2 TXN TYROBP VIM ANAPC16 ANXA1 AP2S1 ARL4C,GNLY LTB S100A4 IFITM2 IL32 CD52 NKG7 C19orf43 GZMB S100A10 AES BTG1 CALM1 NOSIP PPDPF SOD1 TAGLN2 MASKED_GENE CD3G DDX5 EIF3G FTL HNRNPA1 JUNB LDHB NAP1L1 CALM3 CCDC167 CCL5 CD27 CD3E CD7 CST7 CUTA DEK DYNLRB1 EIF4A1 GIMAP7 GSTK1 HIGD2A NDUFA4 PTPRCAP RNASET2 TXN TYROBP VIM ANAPC16 ANXA1 AP2S1 ARL4C,GNLY LTB S100A4 IFITM2 IL32 CD52 NKG7 C19orf43 GZMB S100A10 MASKED_GENE BTG1 CALM1 NOSIP PPDPF SOD1 TAGLN2 CD3D CD3G DDX5 EIF3G FTL HNRNPA1 JUNB LDHB NAP1L1 CALM3 CCDC167 CCL5 CD27 CD3E CD7 CST7 CUTA DEK DYNLRB1 EIF4A1 GIMAP7 GSTK1 HIGD2A NDUFA4 PTPRCAP RNASET2 TXN TYROBP VIM ANAPC16 ANXA1 AP2S1 ARL4C
intervention,pbmc68k:ACGCTCACGTCTGA-3,ACGCTCACGTCTGA-3,3,CD8+ Cytotoxic T,1,cytotoxic_effector,1,GNLY;NKG7;GZMB;CCL5,4,GNLY,4.223,S100A4,3.772,2,0.451,0.15625,2,3.79783,GNLY LTB S100A4 IFITM2 IL32 CD52 NKG7 C19orf43 GZMB S100A10 AES BTG1 CALM1 NOSIP PPDPF SOD1 TAGLN2 CD3D CD3G DDX5 EIF3G FTL HNRNPA1 JUNB LDHB NAP1L1 CALM3 CCDC167 CCL5 CD27 CD3E CD7 CST7 CUTA DEK DYNLRB1 EIF4A1 GIMAP7 GSTK1 HIGD2A NDUFA4 PTPRCAP RNASET2 TXN TYROBP VIM ANAPC16 ANXA1 AP2S1 ARL4C,MASKED_GENE LTB S100A4 IFITM2 IL32 CD52 NKG7 C19orf43 GZMB S100A10 AES BTG1 CALM1 NOSIP PPDPF SOD1 TAGLN2 CD3D CD3G DDX5 EIF3G FTL HNRNPA1 JUNB LDHB NAP1L1 CALM3 CCDC167 CCL5 CD27 CD3E CD7 CST7 CUTA DEK DYNLRB1 EIF4A1 GIMAP7 GSTK1 HIGD2A NDUFA4 PTPRCAP RNASET2 TXN TYROBP VIM ANAPC16 ANXA1 AP2S1 ARL4C,GNLY LTB MASKED_GENE IFITM2 IL32 CD52 NKG7 C19orf43 GZMB S100A10 AES BTG1 CALM1 NOSIP PPDPF SOD1 TAGLN2 CD3D CD3G DDX5 EIF3G FTL HNRNPA1 JUNB LDHB NAP1L1 CALM3 CCDC167 CCL5 CD27 CD3E CD7 CST7 CUTA DEK DYNLRB1 EIF4A1 GIMAP7 GSTK1 HIGD2A NDUFA4 PTPRCAP RNASET2 TXN TYROBP VIM ANAPC16 ANXA1 AP2S1 ARL4C
base,pbmc68k:ATTTCCGACATGAC-3,ATTTCCGACATGAC-3,3,CD8+ Cytotoxic T,1,none,0,,0,,,,,,,,,,CD74 CCL5 NKG7 EIF4A1 LDHB HLA-DRB1 HNRNPA1 IL32 NUCKS1 FTL S100A4 CLIC1 CTSW GZMK HLA-DPB1 PPDPF PPIA PTPRCAP SRGN VIM ANP32B CALM1 COX6A1 DEK GZMA HLA-DPA1 HLA-DRB5 HNRNPDL PRDX2 COX7C DDX5 GIMAP7 GYPC GZMM ITGB2 LY6E MANF MIF NEDD8 NPM1 PSMA7 PSME2 RBX1 SRP14 STMN1 ANXA5 BTG1 C19orf53 CD52 CD8A,CD74 CCL5 NKG7 EIF4A1 LDHB HLA-DRB1 HNRNPA1 IL32 NUCKS1 FTL S100A4 CLIC1 CTSW GZMK HLA-DPB1 PPDPF PPIA PTPRCAP SRGN VIM ANP32B CALM1 COX6A1 DEK GZMA HLA-DPA1 HLA-DRB5 HNRNPDL PRDX2 COX7C DDX5 GIMAP7 GYPC GZMM ITGB2 LY6E MANF MIF NEDD8 NPM1 PSMA7 PSME2 RBX1 SRP14 STMN1 ANXA5 BTG1 C19orf53 CD52 CD8A,CD74 CCL5 NKG7 EIF4A1 LDHB HLA-DRB1 HNRNPA1 IL32 NUCKS1 FTL S100A4 CLIC1 CTSW GZMK HLA-DPB1 PPDPF PPIA PTPRCAP SRGN VIM ANP32B CALM1 COX6A1 DEK GZMA HLA-DPA1 HLA-DRB5 HNRNPDL PRDX2 COX7C DDX5 GIMAP7 GYPC GZMM ITGB2 LY6E MANF MIF NEDD8 NPM1 PSMA7 PSME2 RBX1 SRP14 STMN1 ANXA5 BTG1 C19orf53 CD52 CD8A
intervention,pbmc68k:ATTTCCGACATGAC-3,ATTTCCGACATGAC-3,3,CD8+ Cytotoxic T,1,T_TCR_CD8,1,CD8A,1,CD8A,2.259,ANXA5,2.259,4,0,0.0625,1,2.29167,CD74 CCL5 NKG7 EIF4A1 LDHB HLA-DRB1 HNRNPA1 IL32 NUCKS1 FTL S100A4 CLIC1 CTSW GZMK HLA-DPB1 PPDPF PPIA PTPRCAP SRGN VIM ANP32B CALM1 COX6A1 DEK GZMA HLA-DPA1 HLA-DRB5 HNRNPDL PRDX2 COX7C DDX5 GIMAP7 GYPC GZMM ITGB2 LY6E MANF MIF NEDD8 NPM1 PSMA7 PSME2 RBX1 SRP14 STMN1 ANXA5 BTG1 C19orf53 CD52 CD8A,CD74 CCL5 NKG7 EIF4A1 LDHB HLA-DRB1 HNRNPA1 IL32 NUCKS1 FTL S100A4 CLIC1 CTSW GZMK HLA-DPB1 PPDPF PPIA PTPRCAP SRGN VIM ANP32B CALM1 COX6A1 DEK GZMA HLA-DPA1 HLA-DRB5 HNRNPDL PRDX2 COX7C DDX5 GIMAP7 GYPC GZMM ITGB2 LY6E MANF MIF NEDD8 NPM1 PSMA7 PSME2 RBX1 SRP14 STMN1 ANXA5 BTG1 C19orf53 CD52 MASKED_GENE,CD74 CCL5 NKG7 EIF4A1 LDHB HLA-DRB1 HNRNPA1 IL32 NUCKS1 FTL S100A4 CLIC1 CTSW GZMK HLA-DPB1 PPDPF PPIA PTPRCAP SRGN VIM ANP32B CALM1 COX6A1 DEK GZMA HLA-DPA1 HLA-DRB5 HNRNPDL PRDX2 COX7C DDX5 GIMAP7 GYPC GZMM ITGB2 LY6E MANF MIF NEDD8 NPM1 PSMA7 PSME2 RBX1 SRP14 STMN1 MASKED_GENE BTG1 C19orf53 CD52 CD8A
intervention,pbmc68k:ATTTCCGACATGAC-3,ATTTCCGACATGAC-3,3,CD8+ Cytotoxic T,1,cytotoxic_effector,1,CCL5;NKG7;CTSW;GZMK;GZMA,5,CCL5,3.563,CD74,4.157,1,0.594,0.132812,0,2.84946,CD74 CCL5 NKG7 EIF4A1 LDHB HLA-DRB1 HNRNPA1 IL32 NUCKS1 FTL S100A4 CLIC1 CTSW GZMK HLA-DPB1 PPDPF PPIA PTPRCAP SRGN VIM ANP32B CALM1 COX6A1 DEK GZMA HLA-DPA1 HLA-DRB5 HNRNPDL PRDX2 COX7C DDX5 GIMAP7 GYPC GZMM ITGB2 LY6E MANF MIF NEDD8 NPM1 PSMA7 PSME2 RBX1 SRP14 STMN1 ANXA5 BTG1 C19orf53 CD52 CD8A,CD74 MASKED_GENE NKG7 EIF4A1 LDHB HLA-DRB1 HNRNPA1 IL32 NUCKS1 FTL S100A4 CLIC1 CTSW GZMK HLA-DPB1 PPDPF PPIA PTPRCAP SRGN VIM ANP32B CALM1 COX6A1 DEK GZMA HLA-DPA1 HLA-DRB5 HNRNPDL PRDX2 COX7C DDX5 GIMAP7 GYPC GZMM ITGB2 LY6E MANF MIF NEDD8 NPM1 PSMA7 PSME2 RBX1 SRP14 STMN1 ANXA5 BTG1 C19orf53 CD52 CD8A,MASKED_GENE CCL5 NKG7 EIF4A1 LDHB HLA-DRB1 HNRNPA1 IL32 NUCKS1 FTL S100A4 CLIC1 CTSW GZMK HLA-DPB1 PPDPF PPIA PTPRCAP SRGN VIM ANP32B CALM1 COX6A1 DEK GZMA HLA-DPA1 HLA-DRB5 HNRNPDL PRDX2 COX7C DDX5 GIMAP7 GYPC GZMM ITGB2 LY6E MANF MIF NEDD8 NPM1 PSMA7 PSME2 RBX1 SRP14 STMN1 ANXA5 BTG1 C19orf53 CD52 CD8A
base,pbmc68k:CTATAGCTGTTCGA-3,CTATAGCTGTTCGA-3,3,CD8+ Cytotoxic T,1,none,0,,0,,,,,,,,,,GNLY CCL5 NKG7 FTL CD52 GZMA IL32 GZMH STMN1 PPDPF HNRNPA1 S100A4 CST7 GZMB PCNA FGFBP2 S100A6 SUMO2 AP2S1 CALM1 CD3D CLIC1 CRIP1 CTSW DEK EID1 EVL ITGB2 LY6E NUCB2 VIM ANXA1 BLOC1S4 BTG1 C19orf43 CD2 CD247 CD63 COX16 DDX5 GIMAP7 HIGD2A HLA-DPA1 HLA-DPB1 HLA-DRB1 HMGB2 HP1BP3 KLRG1 LDHA NPM1,GNLY CCL5 NKG7 FTL CD52 GZMA IL32 GZMH STMN1 PPDPF HNRNPA1 S100A4 CST7 GZMB PCNA FGFBP2 S100A6 SUMO2 AP2S1 CALM1 CD3D CLIC1 CRIP1 CTSW DEK EID1 EVL ITGB2 LY6E NUCB2 VIM ANXA1 BLOC1S4 BTG1 C19orf43 CD2 CD247 CD63 COX16 DDX5 GIMAP7 HIGD2A HLA-DPA1 HLA-DPB1 HLA-DRB1 HMGB2 HP1BP3 KLRG1 LDHA NPM1,GNLY CCL5 NKG7 FTL CD52 GZMA IL32 GZMH STMN1 PPDPF HNRNPA1 S100A4 CST7 GZMB PCNA FGFBP2 S100A6 SUMO2 AP2S1 CALM1 CD3D CLIC1 CRIP1 CTSW DEK EID1 EVL ITGB2 LY6E NUCB2 VIM ANXA1 BLOC1S4 BTG1 C19orf43 CD2 CD247 CD63 COX16 DDX5 GIMAP7 HIGD2A HLA-DPA1 HLA-DPB1 HLA-DRB1 HMGB2 HP1BP3 KLRG1 LDHA NPM1
intervention,pbmc68k:CTATAGCTGTTCGA-3,CTATAGCTGTTCGA-3,3,CD8+ Cytotoxic T,1,T_TCR_CD8,1,CD3D,1,CD3D,2.673,AP2S1,2.673,2,0,0.414062,1,5.14062,GNLY CCL5 NKG7 FTL CD52 GZMA IL32 GZMH STMN1 PPDPF HNRNPA1 S100A4 CST7 GZMB PCNA FGFBP2 S100A6 SUMO2 AP2S1 CALM1 CD3D CLIC1 CRIP1 CTSW DEK EID1 EVL ITGB2 LY6E NUCB2 VIM ANXA1 BLOC1S4 BTG1 C19orf43 CD2 CD247 CD63 COX16 DDX5 GIMAP7 HIGD2A HLA-DPA1 HLA-DPB1 HLA-DRB1 HMGB2 HP1BP3 KLRG1 LDHA NPM1,GNLY CCL5 NKG7 FTL CD52 GZMA IL32 GZMH STMN1 PPDPF HNRNPA1 S100A4 CST7 GZMB PCNA FGFBP2 S100A6 SUMO2 AP2S1 CALM1 MASKED_GENE CLIC1 CRIP1 CTSW DEK EID1 EVL ITGB2 LY6E NUCB2 VIM ANXA1 BLOC1S4 BTG1 C19orf43 CD2 CD247 CD63 COX16 DDX5 GIMAP7 HIGD2A HLA-DPA1 HLA-DPB1 HLA-DRB1 HMGB2 HP1BP3 KLRG1 LDHA NPM1,GNLY CCL5 NKG7 FTL CD52 GZMA IL32 GZMH STMN1 PPDPF HNRNPA1 S100A4 CST7 GZMB PCNA FGFBP2 S100A6 SUMO2 MASKED_GENE CALM1 CD3D CLIC1 CRIP1 CTSW DEK EID1 EVL ITGB2 LY6E NUCB2 VIM ANXA1 BLOC1S4 BTG1 C19orf43 CD2 CD247 CD63 COX16 DDX5 GIMAP7 HIGD2A HLA-DPA1 HLA-DPB1 HLA-DRB1 HMGB2 HP1BP3 KLRG1 LDHA NPM1
intervention,pbmc68k:CTATAGCTGTTCGA-3,CTATAGCTGTTCGA-3,3,CD8+ Cytotoxic T,1,cytotoxic_effector,1,GNLY;CCL5;NKG7;GZMA;GZMH;GZMB;FGFBP2;CTSW,8,GNLY,4.226,FTL,3.725,3,0.501,0.390625,1,6.24158,GNLY CCL5 NKG7 FTL CD52 GZMA IL32 GZMH STMN1 PPDPF HNRNPA1 S100A4 CST7 GZMB PCNA FGFBP2 S100A6 SUMO2 AP2S1 CALM1 CD3D CLIC1 CRIP1 CTSW DEK EID1 EVL ITGB2 LY6E NUCB2 VIM ANXA1 BLOC1S4 BTG1 C19orf43 CD2 CD247 CD63 COX16 DDX5 GIMAP7 HIGD2A HLA-DPA1 HLA-DPB1 HLA-DRB1 HMGB2 HP1BP3 KLRG1 LDHA NPM1,MASKED_GENE CCL5 NKG7 FTL CD52 GZMA IL32 GZMH STMN1 PPDPF HNRNPA1 S100A4 CST7 GZMB PCNA FGFBP2 S100A6 SUMO2 AP2S1 CALM1 CD3D CLIC1 CRIP1 CTSW DEK EID1 EVL ITGB2 LY6E NUCB2 VIM ANXA1 BLOC1S4 BTG1 C19orf43 CD2 CD247 CD63 COX16 DDX5 GIMAP7 HIGD2A HLA-DPA1 HLA-DPB1 HLA-DRB1 HMGB2 HP1BP3 KLRG1 LDHA NPM1,GNLY CCL5 NKG7 MASKED_GENE CD52 GZMA IL32 GZMH STMN1 PPDPF HNRNPA1 S100A4 CST7 GZMB PCNA FGFBP2 S100A6 SUMO2 AP2S1 CALM1 CD3D CLIC1 CRIP1 CTSW DEK EID1 EVL ITGB2 LY6E NUCB2 VIM ANXA1 BLOC1S4 BTG1 C19orf43 CD2 CD247 CD63 COX16 DDX5 GIMAP7 HIGD2A HLA-DPA1 HLA-DPB1 HLA-DRB1 HMGB2 HP1BP3 KLRG1 LDHA NPM1
base,pbmc68k:GGGAAGTGCAGGAG-3,GGGAAGTGCAGGAG-3,3,CD8+/CD45RA+ Naive Cytotoxic,1,none,0,,0,,,,,,,,,,FTL HNRNPA1 CCL5 S100A4 CD52 JUNB CCNI CD27 CD3D DDX5 GPX1 GZMM IL32 NKG7 TOMM7 CD37 CD3E CD7 CD74 CTSW GIMAP7 GZMH HNRNPDL SRP14 SSR4 TXNDC15 C19orf53 CNPY2 COPE GNLY GZMB HSD17B11 ICAM3 LDHB LTB MRFAP1 MZT2B NDUFS8 NPM1 PIK3IP1 POLR2I PPDPF PRMT2 PSMA7 PTPRCAP S100A6 TXNIP YWHAB AES ATP5B,FTL HNRNPA1 CCL5 S100A4 CD52 JUNB CCNI CD27 CD3D DDX5 GPX1 GZMM IL32 NKG7 TOMM7 CD37 CD3E CD7 CD74 CTSW GIMAP7 GZMH HNRNPDL SRP14 SSR4 TXNDC15 C19orf53 CNPY2 COPE GNLY GZMB HSD17B11 ICAM3 LDHB LTB MRFAP1 MZT2B NDUFS8 NPM1 PIK3IP1 POLR2I PPDPF PRMT2 PSMA7 PTPRCAP S100A6 TXNIP YWHAB AES ATP5B,FTL HNRNPA1 CCL5 S100A4 CD52 JUNB CCNI CD27 CD3D DDX5 GPX1 GZMM IL32 NKG7 TOMM7 CD37 CD3E CD7 CD74 CTSW GIMAP7 GZMH HNRNPDL SRP14 SSR4 TXNDC15 C19orf53 CNPY2 COPE GNLY GZMB HSD17B11 ICAM3 LDHB LTB MRFAP1 MZT2B NDUFS8 NPM1 PIK3IP1 POLR2I PPDPF PRMT2 PSMA7 PTPRCAP S100A6 TXNIP YWHAB AES ATP5B
intervention,pbmc68k:GGGAAGTGCAGGAG-3,GGGAAGTGCAGGAG-3,3,CD8+/CD45RA+ Naive Cytotoxic,1,T_TCR_CD8,1,CD3D;CD3E,2,CD3D,2.746,CD37,2.539,7,0.207,0.15625,0,4.30983,FTL HNRNPA1 CCL5 S100A4 CD52 JUNB CCNI CD27 CD3D DDX5 GPX1 GZMM IL32 NKG7 TOMM7 CD37 CD3E CD7 CD74 CTSW GIMAP7 GZMH HNRNPDL SRP14 SSR4 TXNDC15 C19orf53 CNPY2 COPE GNLY GZMB HSD17B11 ICAM3 LDHB LTB MRFAP1 MZT2B NDUFS8 NPM1 PIK3IP1 POLR2I PPDPF PRMT2 PSMA7 PTPRCAP S100A6 TXNIP YWHAB AES ATP5B,FTL HNRNPA1 CCL5 S100A4 CD52 JUNB CCNI CD27 MASKED_GENE DDX5 GPX1 GZMM IL32 NKG7 TOMM7 CD37 CD3E CD7 CD74 CTSW GIMAP7 GZMH HNRNPDL SRP14 SSR4 TXNDC15 C19orf53 CNPY2 COPE GNLY GZMB HSD17B11 ICAM3 LDHB LTB MRFAP1 MZT2B NDUFS8 NPM1 PIK3IP1 POLR2I PPDPF PRMT2 PSMA7 PTPRCAP S100A6 TXNIP YWHAB AES ATP5B,FTL HNRNPA1 CCL5 S100A4 CD52 JUNB CCNI CD27 CD3D DDX5 GPX1 GZMM IL32 NKG7 TOMM7 MASKED_GENE CD3E CD7 CD74 CTSW GIMAP7 GZMH HNRNPDL SRP14 SSR4 TXNDC15 C19orf53 CNPY2 COPE GNLY GZMB HSD17B11 ICAM3 LDHB LTB MRFAP1 MZT2B NDUFS8 NPM1 PIK3IP1 POLR2I PPDPF PRMT2 PSMA7 PTPRCAP S100A6 TXNIP YWHAB AES ATP5B
intervention,pbmc68k:GGGAAGTGCAGGAG-3,GGGAAGTGCAGGAG-3,3,CD8+/CD45RA+ Naive Cytotoxic,1,cytotoxic_effector,1,CCL5;NKG7;CTSW;GZMH;GNLY;GZMB,6,CCL5,3.191,S100A4,3.191,1,0,0.15625,2,2.5625,FTL HNRNPA1 CCL5 S100A4 CD52 JUNB CCNI CD27 CD3D DDX5 GPX1 GZMM IL32 NKG7 TOMM7 CD37 CD3E CD7 CD74 CTSW GIMAP7 GZMH HNRNPDL SRP14 SSR4 TXNDC15 C19orf53 CNPY2 COPE GNLY GZMB HSD17B11 ICAM3 LDHB LTB MRFAP1 MZT2B NDUFS8 NPM1 PIK3IP1 POLR2I PPDPF PRMT2 PSMA7 PTPRCAP S100A6 TXNIP YWHAB AES ATP5B,FTL HNRNPA1 MASKED_GENE S100A4 CD52 JUNB CCNI CD27 CD3D DDX5 GPX1 GZMM IL32 NKG7 TOMM7 CD37 CD3E CD7 CD74 CTSW GIMAP7 GZMH HNRNPDL SRP14 SSR4 TXNDC15 C19orf53 CNPY2 COPE GNLY GZMB HSD17B11 ICAM3 LDHB LTB MRFAP1 MZT2B NDUFS8 NPM1 PIK3IP1 POLR2I PPDPF PRMT2 PSMA7 PTPRCAP S100A6 TXNIP YWHAB AES ATP5B,FTL HNRNPA1 CCL5 MASKED_GENE CD52 JUNB CCNI CD27 CD3D DDX5 GPX1 GZMM IL32 NKG7 TOMM7 CD37 CD3E CD7 CD74 CTSW GIMAP7 GZMH HNRNPDL SRP14 SSR4 TXNDC15 C19orf53 CNPY2 COPE GNLY GZMB HSD17B11 ICAM3 LDHB LTB MRFAP1 MZT2B NDUFS8 NPM1 PIK3IP1 POLR2I PPDPF PRMT2 PSMA7 PTPRCAP S100A6 TXNIP YWHAB AES ATP5B
base,pbmc68k:GGGCAAGAAGGCGA-3,GGGCAAGAAGGCGA-3,3,CD8+/CD45RA+ Naive Cytotoxic,1,none,0,,0,,,,,,,,,,NKG7 CCL5 CD3D NPM1 SRP14 TXNIP BTG1 GZMA LTB C6orf48 CD247 DDX5 FTL GZMK HIGD2A PPIA PQBP1 SDHC ARL4C ATP5O CALM1 CD37 CD52 DEK DUSP2 EIF4A2 ERP29 FGFR1OP2 FKBP11 FOS GIMAP7 HMGA1 JUNB LEPROTL1 LGALS3 LMAN2 PRDX2 PTPRC PTPRCAP SUMO2 TIMP1 TOMM7 AES ANP32B ATP5I ATP6V1G1 C16orf13 C19orf43 CCL4 CCNI,NKG7 CCL5 CD3D NPM1 SRP14 TXNIP BTG1 GZMA LTB C6orf48 CD247 DDX5 FTL GZMK HIGD2A PPIA PQBP1 SDHC ARL4C ATP5O CALM1 CD37 CD52 DEK DUSP2 EIF4A2 ERP29 FGFR1OP2 FKBP11 FOS GIMAP7 HMGA1 JUNB LEPROTL1 LGALS3 LMAN2 PRDX2 PTPRC PTPRCAP SUMO2 TIMP1 TOMM7 AES ANP32B ATP5I ATP6V1G1 C16orf13 C19orf43 CCL4 CCNI,NKG7 CCL5 CD3D NPM1 SRP14 TXNIP BTG1 GZMA LTB C6orf48 CD247 DDX5 FTL GZMK HIGD2A PPIA PQBP1 SDHC ARL4C ATP5O CALM1 CD37 CD52 DEK DUSP2 EIF4A2 ERP29 FGFR1OP2 FKBP11 FOS GIMAP7 HMGA1 JUNB LEPROTL1 LGALS3 LMAN2 PRDX2 PTPRC PTPRCAP SUMO2 TIMP1 TOMM7 AES ANP32B ATP5I ATP6V1G1 C16orf13 C19orf43 CCL4 CCNI
intervention,pbmc68k:GGGCAAGAAGGCGA-3,GGGCAAGAAGGCGA-3,3,CD8+/CD45RA+ Naive Cytotoxic,1,T_TCR_CD8,1,CD3D,1,CD3D,3.015,SRP14,3.015,2,0,0.179688,1,2.79688,NKG7 CCL5 CD3D NPM1 SRP14 TXNIP BTG1 GZMA LTB C6orf48 CD247 DDX5 FTL GZMK HIGD2A PPIA PQBP1 SDHC ARL4C ATP5O CALM1 CD37 CD52 DEK DUSP2 EIF4A2 ERP29 FGFR1OP2 FKBP11 FOS GIMAP7 HMGA1 JUNB LEPROTL1 LGALS3 LMAN2 PRDX2 PTPRC PTPRCAP SUMO2 TIMP1 TOMM7 AES ANP32B ATP5I ATP6V1G1 C16orf13 C19orf43 CCL4 CCNI,NKG7 CCL5 MASKED_GENE NPM1 SRP14 TXNIP BTG1 GZMA LTB C6orf48 CD247 DDX5 FTL GZMK HIGD2A PPIA PQBP1 SDHC ARL4C ATP5O CALM1 CD37 CD52 DEK DUSP2 EIF4A2 ERP29 FGFR1OP2 FKBP11 FOS GIMAP7 HMGA1 JUNB LEPROTL1 LGALS3 LMAN2 PRDX2 PTPRC PTPRCAP SUMO2 TIMP1 TOMM7 AES ANP32B ATP5I ATP6V1G1 C16orf13 C19orf43 CCL4 CCNI,NKG7 CCL5 CD3D NPM1 MASKED_GENE TXNIP BTG1 GZMA LTB C6orf48 CD247 DDX5 FTL GZMK HIGD2A PPIA PQBP1 SDHC ARL4C ATP5O CALM1 CD37 CD52 DEK DUSP2 EIF4A2 ERP29 FGFR1OP2 FKBP11 FOS GIMAP7 HMGA1 JUNB LEPROTL1 LGALS3 LMAN2 PRDX2 PTPRC PTPRCAP SUMO2 TIMP1 TOMM7 AES ANP32B ATP5I ATP6V1G1 C16orf13 C19orf43 CCL4 CCNI
intervention,pbmc68k:GGGCAAGAAGGCGA-3,GGGCAAGAAGGCGA-3,3,CD8+/CD45RA+ Naive Cytotoxic,1,cytotoxic_effector,1,NKG7;CCL5;GZMA;GZMK,4,NKG7,3.291,SRP14,3.015,4,0.276,0.257812,1,4.79679,NKG7 CCL5 CD3D NPM1 SRP14 TXNIP BTG1 GZMA LTB C6orf48 CD247 DDX5 FTL GZMK HIGD2A PPIA PQBP1 SDHC ARL4C ATP5O CALM1 CD37 CD52 DEK DUSP2 EIF4A2 ERP29 FGFR1OP2 FKBP11 FOS GIMAP7 HMGA1 JUNB LEPROTL1 LGALS3 LMAN2 PRDX2 PTPRC PTPRCAP SUMO2 TIMP1 TOMM7 AES ANP32B ATP5I ATP6V1G1 C16orf13 C19orf43 CCL4 CCNI,MASKED_GENE CCL5 CD3D NPM1 SRP14 TXNIP BTG1 GZMA LTB C6orf48 CD247 DDX5 FTL GZMK HIGD2A PPIA PQBP1 SDHC ARL4C ATP5O CALM1 CD37 CD52 DEK DUSP2 EIF4A2 ERP29 FGFR1OP2 FKBP11 FOS GIMAP7 HMGA1 JUNB LEPROTL1 LGALS3 LMAN2 PRDX2 PTPRC PTPRCAP SUMO2 TIMP1 TOMM7 AES ANP32B ATP5I ATP6V1G1 C16orf13 C19orf43 CCL4 CCNI,NKG7 CCL5 CD3D NPM1 MASKED_GENE TXNIP BTG1 GZMA LTB C6orf48 CD247 DDX5 FTL GZMK HIGD2A PPIA PQBP1 SDHC ARL4C ATP5O CALM1 CD37 CD52 DEK DUSP2 EIF4A2 ERP29 FGFR1OP2 FKBP11 FOS GIMAP7 HMGA1 JUNB LEPROTL1 LGALS3 LMAN2 PRDX2 PTPRC PTPRCAP SUMO2 TIMP1 TOMM7 AES ANP32B ATP5I ATP6V1G1 C16orf13 C19orf43 CCL4 CCNI
base,pbmc68k:GTTGGATGTTTGTC-3,GTTGGATGTTTGTC-3,3,CD8+ Cytotoxic T,1,none,0,,0,,,,,,,,,,PTPRCAP GZMK IL32 CD52 CD53 GIMAP7 HNRNPA1 LTB CD74 FTL GBP2 GZMA LCK NOSIP PPIA PSMB6 SRP14 TRAF3IP3 AES CALM1 CD3G CNN2 EIF4A1 GPX4 GSTK1 HLA-DPB1 LDHB LY6E NDUFA4 NDUFS5 OSTF1 PSME2 SSU72 C19orf43 C19orf53 C6orf48 CD3D CD82 COPE CSTB DDX5 EIF3G ERP29 EVL H2AFY HIGD2A HLA-DRA HLA-DRB1 ISG20 JAK1,PTPRCAP GZMK IL32 CD52 CD53 GIMAP7 HNRNPA1 LTB CD74 FTL GBP2 GZMA LCK NOSIP PPIA PSMB6 SRP14 TRAF3IP3 AES CALM1 CD3G CNN2 EIF4A1 GPX4 GSTK1 HLA-DPB1 LDHB LY6E NDUFA4 NDUFS5 OSTF1 PSME2 SSU72 C19orf43 C19orf53 C6orf48 CD3D CD82 COPE CSTB DDX5 EIF3G ERP29 EVL H2AFY HIGD2A HLA-DRA HLA-DRB1 ISG20 JAK1,PTPRCAP GZMK IL32 CD52 CD53 GIMAP7 HNRNPA1 LTB CD74 FTL GBP2 GZMA LCK NOSIP PPIA PSMB6 SRP14 TRAF3IP3 AES CALM1 CD3G CNN2 EIF4A1 GPX4 GSTK1 HLA-DPB1 LDHB LY6E NDUFA4 NDUFS5 OSTF1 PSME2 SSU72 C19orf43 C19orf53 C6orf48 CD3D CD82 COPE CSTB DDX5 EIF3G ERP29 EVL H2AFY HIGD2A HLA-DRA HLA-DRB1 ISG20 JAK1
intervention,pbmc68k:GTTGGATGTTTGTC-3,GTTGGATGTTTGTC-3,3,CD8+ Cytotoxic T,1,T_TCR_CD8,1,CD3G;CD3D,2,CD3G,2.596,CNN2,2.596,1,0,0,0,0.333333,PTPRCAP GZMK IL32 CD52 CD53 GIMAP7 HNRNPA1 LTB CD74 FTL GBP2 GZMA LCK NOSIP PPIA PSMB6 SRP14 TRAF3IP3 AES CALM1 CD3G CNN2 EIF4A1 GPX4 GSTK1 HLA-DPB1 LDHB LY6E NDUFA4 NDUFS5 OSTF1 PSME2 SSU72 C19orf43 C19orf53 C6orf48 CD3D CD82 COPE CSTB DDX5 EIF3G ERP29 EVL H2AFY HIGD2A HLA-DRA HLA-DRB1 ISG20 JAK1,PTPRCAP GZMK IL32 CD52 CD53 GIMAP7 HNRNPA1 LTB CD74 FTL GBP2 GZMA LCK NOSIP PPIA PSMB6 SRP14 TRAF3IP3 AES CALM1 MASKED_GENE CNN2 EIF4A1 GPX4 GSTK1 HLA-DPB1 LDHB LY6E NDUFA4 NDUFS5 OSTF1 PSME2 SSU72 C19orf43 C19orf53 C6orf48 CD3D CD82 COPE CSTB DDX5 EIF3G ERP29 EVL H2AFY HIGD2A HLA-DRA HLA-DRB1 ISG20 JAK1,PTPRCAP GZMK IL32 CD52 CD53 GIMAP7 HNRNPA1 LTB CD74 FTL GBP2 GZMA LCK NOSIP PPIA PSMB6 SRP14 TRAF3IP3 AES CALM1 CD3G MASKED_GENE EIF4A1 GPX4 GSTK1 HLA-DPB1 LDHB LY6E NDUFA4 NDUFS5 OSTF1 PSME2 SSU72 C19orf43 C19orf53 C6orf48 CD3D CD82 COPE CSTB DDX5 EIF3G ERP29 EVL H2AFY HIGD2A HLA-DRA HLA-DRB1 ISG20 JAK1
intervention,pbmc68k:GTTGGATGTTTGTC-3,GTTGGATGTTTGTC-3,3,CD8+ Cytotoxic T,1,cytotoxic_effector,1,GZMK;GZMA,2,GZMK,3.747,CD53,3.077,3,0.67,0.117188,0,3.51188,PTPRCAP GZMK IL32 CD52 CD53 GIMAP7 HNRNPA1 LTB CD74 FTL GBP2 GZMA LCK NOSIP PPIA PSMB6 SRP14 TRAF3IP3 AES CALM1 CD3G CNN2 EIF4A1 GPX4 GSTK1 HLA-DPB1 LDHB LY6E NDUFA4 NDUFS5 OSTF1 PSME2 SSU72 C19orf43 C19orf53 C6orf48 CD3D CD82 COPE CSTB DDX5 EIF3G ERP29 EVL H2AFY HIGD2A HLA-DRA HLA-DRB1 ISG20 JAK1,PTPRCAP MASKED_GENE IL32 CD52 CD53 GIMAP7 HNRNPA1 LTB CD74 FTL GBP2 GZMA LCK NOSIP PPIA PSMB6 SRP14 TRAF3IP3 AES CALM1 CD3G CNN2 EIF4A1 GPX4 GSTK1 HLA-DPB1 LDHB LY6E NDUFA4 NDUFS5 OSTF1 PSME2 SSU72 C19orf43 C19orf53 C6orf48 CD3D CD82 COPE CSTB DDX5 EIF3G ERP29 EVL H2AFY HIGD2A HLA-DRA HLA-DRB1 ISG20 JAK1,PTPRCAP GZMK IL32 CD52 MASKED_GENE GIMAP7 HNRNPA1 LTB CD74 FTL GBP2 GZMA LCK NOSIP PPIA PSMB6 SRP14 TRAF3IP3 AES CALM1 CD3G CNN2 EIF4A1 GPX4 GSTK1 HLA-DPB1 LDHB LY6E NDUFA4 NDUFS5 OSTF1 PSME2 SSU72 C19orf43 C19orf53 C6orf48 CD3D CD82 COPE CSTB DDX5 EIF3G ERP29 EVL H2AFY HIGD2A HLA-DRA HLA-DRB1 ISG20 JAK1
base,pbmc68k:TAATCCACGGGTGA-3,TAATCCACGGGTGA-3,3,CD8+ Cytotoxic T,1,none,0,,0,,,,,,,,,,LTB FTL CD52 CCL5 NKG7 S100A4 DDX5 IL32 CALM1 GIMAP7 GNLY JUNB SRP14 IFITM2 NPM1 S100A10 BTG1 CD37 CXCR4 GZMH NEAT1 PPDPF S100A6 AES C19orf43 CCNI CCT6A FGFBP2 GPX4 IMP3 KLF6 LDHB SSR4 TXNIP VIM ANP32B CD3D CD3E CD53 COPE CTSS EIF3L EMC7 EVL GPX1 HNRNPA1 HOPX IFITM1 KLRB1 MZT2B,LTB FTL CD52 CCL5 NKG7 S100A4 DDX5 IL32 CALM1 GIMAP7 GNLY JUNB SRP14 IFITM2 NPM1 S100A10 BTG1 CD37 CXCR4 GZMH NEAT1 PPDPF S100A6 AES C19orf43 CCNI CCT6A FGFBP2 GPX4 IMP3 KLF6 LDHB SSR4 TXNIP VIM ANP32B CD3D CD3E CD53 COPE CTSS EIF3L EMC7 EVL GPX1 HNRNPA1 HOPX IFITM1 KLRB1 MZT2B,LTB FTL CD52 CCL5 NKG7 S100A4 DDX5 IL32 CALM1 GIMAP7 GNLY JUNB SRP14 IFITM2 NPM1 S100A10 BTG1 CD37 CXCR4 GZMH NEAT1 PPDPF S100A6 AES C19orf43 CCNI CCT6A FGFBP2 GPX4 IMP3 KLF6 LDHB SSR4 TXNIP VIM ANP32B CD3D CD3E CD53 COPE CTSS EIF3L EMC7 EVL GPX1 HNRNPA1 HOPX IFITM1 KLRB1 MZT2B
intervention,pbmc68k:TAATCCACGGGTGA-3,TAATCCACGGGTGA-3,3,CD8+ Cytotoxic T,1,T_TCR_CD8,1,CD3D;CD3E,2,CD3D,2.154,CD53,2.154,2,0,0.257812,0,3.24479,LTB FTL CD52 CCL5 NKG7 S100A4 DDX5 IL32 CALM1 GIMAP7 GNLY JUNB SRP14 IFITM2 NPM1 S100A10 BTG1 CD37 CXCR4 GZMH NEAT1 PPDPF S100A6 AES C19orf43 CCNI CCT6A FGFBP2 GPX4 IMP3 KLF6 LDHB SSR4 TXNIP VIM ANP32B CD3D CD3E CD53 COPE CTSS EIF3L EMC7 EVL GPX1 HNRNPA1 HOPX IFITM1 KLRB1 MZT2B,LTB FTL CD52 CCL5 NKG7 S100A4 DDX5 IL32 CALM1 GIMAP7 GNLY JUNB SRP14 IFITM2 NPM1 S100A10 BTG1 CD37 CXCR4 GZMH NEAT1 PPDPF S100A6 AES C19orf43 CCNI CCT6A FGFBP2 GPX4 IMP3 KLF6 LDHB SSR4 TXNIP VIM ANP32B MASKED_GENE CD3E CD53 COPE CTSS EIF3L EMC7 EVL GPX1 HNRNPA1 HOPX IFITM1 KLRB1 MZT2B,LTB FTL CD52 CCL5 NKG7 S100A4 DDX5 IL32 CALM1 GIMAP7 GNLY JUNB SRP14 IFITM2 NPM1 S100A10 BTG1 CD37 CXCR4 GZMH NEAT1 PPDPF S100A6 AES C19orf43 CCNI CCT6A FGFBP2 GPX4 IMP3 KLF6 LDHB SSR4 TXNIP VIM ANP32B CD3D CD3E MASKED_GENE COPE CTSS EIF3L EMC7 EVL GPX1 HNRNPA1 HOPX IFITM1 KLRB1 MZT2B
intervention,pbmc68k:TAATCCACGGGTGA-3,TAATCCACGGGTGA-3,3,CD8+ Cytotoxic T,1,cytotoxic_effector,1,CCL5;NKG7;GNLY;GZMH;FGFBP2,5,CCL5,3.365,S100A4,3.172,2,0.193,0.15625,2,3.28183,LTB FTL CD52 CCL5 NKG7 S100A4 DDX5 IL32 CALM1 GIMAP7 GNLY JUNB SRP14 IFITM2 NPM1 S100A10 BTG1 CD37 CXCR4 GZMH NEAT1 PPDPF S100A6 AES C19orf43 CCNI CCT6A FGFBP2 GPX4 IMP3 KLF6 LDHB SSR4 TXNIP VIM ANP32B CD3D CD3E CD53 COPE CTSS EIF3L EMC7 EVL GPX1 HNRNPA1 HOPX IFITM1 KLRB1 MZT2B,LTB FTL CD52 MASKED_GENE NKG7 S100A4 DDX5 IL32 CALM1 GIMAP7 GNLY JUNB SRP14 IFITM2 NPM1 S100A10 BTG1 CD37 CXCR4 GZMH NEAT1 PPDPF S100A6 AES C19orf43 CCNI CCT6A FGFBP2 GPX4 IMP3 KLF6 LDHB SSR4 TXNIP VIM ANP32B CD3D CD3E CD53 COPE CTSS EIF3L EMC7 EVL GPX1 HNRNPA1 HOPX IFITM1 KLRB1 MZT2B,LTB FTL CD52 CCL5 NKG7 MASKED_GENE DDX5 IL32 CALM1 GIMAP7 GNLY JUNB SRP14 IFITM2 NPM1 S100A10 BTG1 CD37 CXCR4 GZMH NEAT1 PPDPF S100A6 AES C19orf43 CCNI CCT6A FGFBP2 GPX4 IMP3 KLF6 LDHB SSR4 TXNIP VIM ANP32B CD3D CD3E CD53 COPE CTSS EIF3L EMC7 EVL GPX1 HNRNPA1 HOPX IFITM1 KLRB1 MZT2B
base,pbmc68k:TCATCCCTCGAACT-3,TCATCCCTCGAACT-3,3,CD56+ NK,0,none,0,,0,,,,,,,,,,GNLY NKG7 GZMB IFITM2 JUNB FTL SPON2 CD52 CTSW GIMAP7 S100A4 ANXA1 BTG1 CALM1 CD7 CLIC3 COX6A1 HCST HOPX ATP5O CD37 CD3D CD53 COX7C EFHD2 EIF4A2 ERP29 FCER1G GLRX GSTP1 GYPC ID2 ITGB2 LTB NDUFA4 NPM1 PRF1 SUB1 ZFP36L2 ABHD17A ALOX5AP ANAPC16 APBB1IP ATPIF1 C1orf162 C6orf48 C9orf78 CCNI CCR7 CD247,GNLY NKG7 GZMB IFITM2 JUNB FTL SPON2 CD52 CTSW GIMAP7 S100A4 ANXA1 BTG1 CALM1 CD7 CLIC3 COX6A1 HCST HOPX ATP5O CD37 CD3D CD53 COX7C EFHD2 EIF4A2 ERP29 FCER1G GLRX GSTP1 GYPC ID2 ITGB2 LTB NDUFA4 NPM1 PRF1 SUB1 ZFP36L2 ABHD17A ALOX5AP ANAPC16 APBB1IP ATPIF1 C1orf162 C6orf48 C9orf78 CCNI CCR7 CD247,GNLY NKG7 GZMB IFITM2 JUNB FTL SPON2 CD52 CTSW GIMAP7 S100A4 ANXA1 BTG1 CALM1 CD7 CLIC3 COX6A1 HCST HOPX ATP5O CD37 CD3D CD53 COX7C EFHD2 EIF4A2 ERP29 FCER1G GLRX GSTP1 GYPC ID2 ITGB2 LTB NDUFA4 NPM1 PRF1 SUB1 ZFP36L2 ABHD17A ALOX5AP ANAPC16 APBB1IP ATPIF1 C1orf162 C6orf48 C9orf78 CCNI CCR7 CD247
intervention,pbmc68k:TCATCCCTCGAACT-3,TCATCCCTCGAACT-3,3,CD56+ NK,0,T_TCR_CD8,1,CD3D,1,CD3D,2.546,CD37,2.546,1,0,0.15625,0,1.89583,GNLY NKG7 GZMB IFITM2 JUNB FTL SPON2 CD52 CTSW GIMAP7 S100A4 ANXA1 BTG1 CALM1 CD7 CLIC3 COX6A1 HCST HOPX ATP5O CD37 CD3D CD53 COX7C EFHD2 EIF4A2 ERP29 FCER1G GLRX GSTP1 GYPC ID2 ITGB2 LTB NDUFA4 NPM1 PRF1 SUB1 ZFP36L2 ABHD17A ALOX5AP ANAPC16 APBB1IP ATPIF1 C1orf162 C6orf48 C9orf78 CCNI CCR7 CD247,GNLY NKG7 GZMB IFITM2 JUNB FTL SPON2 CD52 CTSW GIMAP7 S100A4 ANXA1 BTG1 CALM1 CD7 CLIC3 COX6A1 HCST HOPX ATP5O CD37 MASKED_GENE CD53 COX7C EFHD2 EIF4A2 ERP29 FCER1G GLRX GSTP1 GYPC ID2 ITGB2 LTB NDUFA4 NPM1 PRF1 SUB1 ZFP36L2 ABHD17A ALOX5AP ANAPC16 APBB1IP ATPIF1 C1orf162 C6orf48 C9orf78 CCNI CCR7 CD247,GNLY NKG7 GZMB IFITM2 JUNB FTL SPON2 CD52 CTSW GIMAP7 S100A4 ANXA1 BTG1 CALM1 CD7 CLIC3 COX6A1 HCST HOPX ATP5O MASKED_GENE CD3D CD53 COX7C EFHD2 EIF4A2 ERP29 FCER1G GLRX GSTP1 GYPC ID2 ITGB2 LTB NDUFA4 NPM1 PRF1 SUB1 ZFP36L2 ABHD17A ALOX5AP ANAPC16 APBB1IP ATPIF1 C1orf162 C6orf48 C9orf78 CCNI CCR7 CD247
intervention,pbmc68k:TCATCCCTCGAACT-3,TCATCCCTCGAACT-3,3,CD56+ NK,0,cytotoxic_effector,1,GNLY;NKG7;GZMB;CTSW;PRF1,5,GNLY,4.468,GIMAP7,3.025,9,1.443,0.0390625,2,6.94329,GNLY NKG7 GZMB IFITM2 JUNB FTL SPON2 CD52 CTSW GIMAP7 S100A4 ANXA1 BTG1 CALM1 CD7 CLIC3 COX6A1 HCST HOPX ATP5O CD37 CD3D CD53 COX7C EFHD2 EIF4A2 ERP29 FCER1G GLRX GSTP1 GYPC ID2 ITGB2 LTB NDUFA4 NPM1 PRF1 SUB1 ZFP36L2 ABHD17A ALOX5AP ANAPC16 APBB1IP ATPIF1 C1orf162 C6orf48 C9orf78 CCNI CCR7 CD247,MASKED_GENE NKG7 GZMB IFITM2 JUNB FTL SPON2 CD52 CTSW GIMAP7 S100A4 ANXA1 BTG1 CALM1 CD7 CLIC3 COX6A1 HCST HOPX ATP5O CD37 CD3D CD53 COX7C EFHD2 EIF4A2 ERP29 FCER1G GLRX GSTP1 GYPC ID2 ITGB2 LTB NDUFA4 NPM1 PRF1 SUB1 ZFP36L2 ABHD17A ALOX5AP ANAPC16 APBB1IP ATPIF1 C1orf162 C6orf48 C9orf78 CCNI CCR7 CD247,GNLY NKG7 GZMB IFITM2 JUNB FTL SPON2 CD52 CTSW MASKED_GENE S100A4 ANXA1 BTG1 CALM1 CD7 CLIC3 COX6A1 HCST HOPX ATP5O CD37 CD3D CD53 COX7C EFHD2 EIF4A2 ERP29 FCER1G GLRX GSTP1 GYPC ID2 ITGB2 LTB NDUFA4 NPM1 PRF1 SUB1 ZFP36L2 ABHD17A ALOX5AP ANAPC16 APBB1IP ATPIF1 C1orf162 C6orf48 C9orf78 CCNI CCR7 CD247
base,pbmc68k:ACGTTTACTGCTAG-4,ACGTTTACTGCTAG-4,4,CD8+/CD45RA+ Naive Cytotoxic,1,none,0,,0,,,,,,,,,,FTL BTG1 LTB NPM1 JUNB HNRNPA1 CD3E IL32 ISCU LDHB S100A4 IFITM2 CCL5 EIF4A2 GPX1 NAP1L1 SSR4 AES FOS LCK NOSIP PTPRCAP TOMM7 VIM ANKRD12 C19orf53 C6orf48 CD27 CD3D CD52 CLIC1 DDX5 EIF3D ERP29 GSTK1 GZMM ID2 LAT NECAP2 PPDPF TAGLN2 TLN1 AHSA1 ARF6 ATP6V0E1 C19orf43 CALM1 CD53 CD74 COX7C,FTL BTG1 LTB NPM1 JUNB HNRNPA1 CD3E IL32 ISCU LDHB S100A4 IFITM2 CCL5 EIF4A2 GPX1 NAP1L1 SSR4 AES FOS LCK NOSIP PTPRCAP TOMM7 VIM ANKRD12 C19orf53 C6orf48 CD27 CD3D CD52 CLIC1 DDX5 EIF3D ERP29 GSTK1 GZMM ID2 LAT NECAP2 PPDPF TAGLN2 TLN1 AHSA1 ARF6 ATP6V0E1 C19orf43 CALM1 CD53 CD74 COX7C,FTL BTG1 LTB NPM1 JUNB HNRNPA1 CD3E IL32 ISCU LDHB S100A4 IFITM2 CCL5 EIF4A2 GPX1 NAP1L1 SSR4 AES FOS LCK NOSIP PTPRCAP TOMM7 VIM ANKRD12 C19orf53 C6orf48 CD27 CD3D CD52 CLIC1 DDX5 EIF3D ERP29 GSTK1 GZMM ID2 LAT NECAP2 PPDPF TAGLN2 TLN1 AHSA1 ARF6 ATP6V0E1 C19orf43 CALM1 CD53 CD74 COX7C
intervention,pbmc68k:ACGTTTACTGCTAG-4,ACGTTTACTGCTAG-4,4,CD8+/CD45RA+ Naive Cytotoxic,1,T_TCR_CD8,1,CD3E;CD3D,2,CD3E,3.031,ISCU,3.031,2,0,0.320312,0,3.86979,FTL BTG1 LTB NPM1 JUNB HNRNPA1 CD3E IL32 ISCU LDHB S100A4 IFITM2 CCL5 EIF4A2 GPX1 NAP1L1 SSR4 AES FOS LCK NOSIP PTPRCAP TOMM7 VIM ANKRD12 C19orf53 C6orf48 CD27 CD3D CD52 CLIC1 DDX5 EIF3D ERP29 GSTK1 GZMM ID2 LAT NECAP2 PPDPF TAGLN2 TLN1 AHSA1 ARF6 ATP6V0E1 C19orf43 CALM1 CD53 CD74 COX7C,FTL BTG1 LTB NPM1 JUNB HNRNPA1 MASKED_GENE IL32 ISCU LDHB S100A4 IFITM2 CCL5 EIF4A2 GPX1 NAP1L1 SSR4 AES FOS LCK NOSIP PTPRCAP TOMM7 VIM ANKRD12 C19orf53 C6orf48 CD27 CD3D CD52 CLIC1 DDX5 EIF3D ERP29 GSTK1 GZMM ID2 LAT NECAP2 PPDPF TAGLN2 TLN1 AHSA1 ARF6 ATP6V0E1 C19orf43 CALM1 CD53 CD74 COX7C,FTL BTG1 LTB NPM1 JUNB HNRNPA1 CD3E IL32 MASKED_GENE LDHB S100A4 IFITM2 CCL5 EIF4A2 GPX1 NAP1L1 SSR4 AES FOS LCK NOSIP PTPRCAP TOMM7 VIM ANKRD12 C19orf53 C6orf48 CD27 CD3D CD52 CLIC1 DDX5 EIF3D ERP29 GSTK1 GZMM ID2 LAT NECAP2 PPDPF TAGLN2 TLN1 AHSA1 ARF6 ATP6V0E1 C19orf43 CALM1 CD53 CD74 COX7C
intervention,pbmc68k:ACGTTTACTGCTAG-4,ACGTTTACTGCTAG-4,4,CD8+/CD45RA+ Naive Cytotoxic,1,cytotoxic_effector,1,CCL5,1,CCL5,2.714,AES,2.507,5,0.207,0.0234375,1,2.64838,FTL BTG1 LTB NPM1 JUNB HNRNPA1 CD3E IL32 ISCU LDHB S100A4 IFITM2 CCL5 EIF4A2 GPX1 NAP1L1 SSR4 AES FOS LCK NOSIP PTPRCAP TOMM7 VIM ANKRD12 C19orf53 C6orf48 CD27 CD3D CD52 CLIC1 DDX5 EIF3D ERP29 GSTK1 GZMM ID2 LAT NECAP2 PPDPF TAGLN2 TLN1 AHSA1 ARF6 ATP6V0E1 C19orf43 CALM1 CD53 CD74 COX7C,FTL BTG1 LTB NPM1 JUNB HNRNPA1 CD3E IL32 ISCU LDHB S100A4 IFITM2 MASKED_GENE EIF4A2 GPX1 NAP1L1 SSR4 AES FOS LCK NOSIP PTPRCAP TOMM7 VIM ANKRD12 C19orf53 C6orf48 CD27 CD3D CD52 CLIC1 DDX5 EIF3D ERP29 GSTK1 GZMM ID2 LAT NECAP2 PPDPF TAGLN2 TLN1 AHSA1 ARF6 ATP6V0E1 C19orf43 CALM1 CD53 CD74 COX7C,FTL BTG1 LTB NPM1 JUNB HNRNPA1 CD3E IL32 ISCU LDHB S100A4 IFITM2 CCL5 EIF4A2 GPX1 NAP1L1 SSR4 MASKED_GENE FOS LCK NOSIP PTPRCAP TOMM7 VIM ANKRD12 C19orf53 C6orf48 CD27 CD3D CD52 CLIC1 DDX5 EIF3D ERP29 GSTK1 GZMM ID2 LAT NECAP2 PPDPF TAGLN2 TLN1 AHSA1 ARF6 ATP6V0E1 C19orf43 CALM1 CD53 CD74 COX7C
base,pbmc68k:ATACCGGATCCGAA-4,ATACCGGATCCGAA-4,4,CD56+ NK,0,none,0,,0,,,,,,,,,,GNLY FTL NKG7 BTG1 JUNB CALM1 GZMA LDHB FCER1G GGNBP2 NDUFA11 NPM1 PPIA C1orf162 C6orf48 CD52 CD7 CD8B GZMB HNRNPA1 MZT2B PLAC8 ATP5O CLIC1 CLIC3 DDX5 GIMAP7 GSTP1 GYPC GZMH HNRNPDL IFITM2 IL2RG ITGB2 LY6E OST4 SAMD3 TAGLN2 TCEAL8 AES ANXA5 ATP6V0E1 ATP6V1G1 BFAR C19orf43 CAP1 CD37 CD63 COPE EID1,GNLY FTL NKG7 BTG1 JUNB CALM1 GZMA LDHB FCER1G GGNBP2 NDUFA11 NPM1 PPIA C1orf162 C6orf48 CD52 CD7 CD8B GZMB HNRNPA1 MZT2B PLAC8 ATP5O CLIC1 CLIC3 DDX5 GIMAP7 GSTP1 GYPC GZMH HNRNPDL IFITM2 IL2RG ITGB2 LY6E OST4 SAMD3 TAGLN2 TCEAL8 AES ANXA5 ATP6V0E1 ATP6V1G1 BFAR C19orf43 CAP1 CD37 CD63 COPE EID1,GNLY FTL NKG7 BTG1 JUNB CALM1 GZMA LDHB FCER1G GGNBP2 NDUFA11 NPM1 PPIA C1orf162 C6orf48 CD52 CD7 CD8B GZMB HNRNPA1 MZT2B PLAC8 ATP5O CLIC1 CLIC3 DDX5 GIMAP7 GSTP1 GYPC GZMH HNRNPDL IFITM2 IL2RG ITGB2 LY6E OST4 SAMD3 TAGLN2 TCEAL8 AES ANXA5 ATP6V0E1 ATP6V1G1 BFAR C19orf43 CAP1 CD37 CD63 COPE EID1
intervention,pbmc68k:ATACCGGATCCGAA-4,ATACCGGATCCGAA-4,4,CD56+ NK,0,T_TCR_CD8,1,CD8B,1,CD8B,2.761,MZT2B,2.761,3,0,0.0078125,1,1.41146,GNLY FTL NKG7 BTG1 JUNB CALM1 GZMA LDHB FCER1G GGNBP2 NDUFA11 NPM1 PPIA C1orf162 C6orf48 CD52 CD7 CD8B GZMB HNRNPA1 MZT2B PLAC8 ATP5O CLIC1 CLIC3 DDX5 GIMAP7 GSTP1 GYPC GZMH HNRNPDL IFITM2 IL2RG ITGB2 LY6E OST4 SAMD3 TAGLN2 TCEAL8 AES ANXA5 ATP6V0E1 ATP6V1G1 BFAR C19orf43 CAP1 CD37 CD63 COPE EID1,GNLY FTL NKG7 BTG1 JUNB CALM1 GZMA LDHB FCER1G GGNBP2 NDUFA11 NPM1 PPIA C1orf162 C6orf48 CD52 CD7 MASKED_GENE GZMB HNRNPA1 MZT2B PLAC8 ATP5O CLIC1 CLIC3 DDX5 GIMAP7 GSTP1 GYPC GZMH HNRNPDL IFITM2 IL2RG ITGB2 LY6E OST4 SAMD3 TAGLN2 TCEAL8 AES ANXA5 ATP6V0E1 ATP6V1G1 BFAR C19orf43 CAP1 CD37 CD63 COPE EID1,GNLY FTL NKG7 BTG1 JUNB CALM1 GZMA LDHB FCER1G GGNBP2 NDUFA11 NPM1 PPIA C1orf162 C6orf48 CD52 CD7 CD8B GZMB HNRNPA1 MASKED_GENE PLAC8 ATP5O CLIC1 CLIC3 DDX5 GIMAP7 GSTP1 GYPC GZMH HNRNPDL IFITM2 IL2RG ITGB2 LY6E OST4 SAMD3 TAGLN2 TCEAL8 AES ANXA5 ATP6V0E1 ATP6V1G1 BFAR C19orf43 CAP1 CD37 CD63 COPE EID1
intervention,pbmc68k:ATACCGGATCCGAA-4,ATACCGGATCCGAA-4,4,CD56+ NK,0,cytotoxic_effector,1,GNLY;NKG7;GZMA;GZMB;GZMH,5,GNLY,4.099,FTL,3.816,1,0.283,0.390625,1,5.13892,GNLY FTL NKG7 BTG1 JUNB CALM1 GZMA LDHB FCER1G GGNBP2 NDUFA11 NPM1 PPIA C1orf162 C6orf48 CD52 CD7 CD8B GZMB HNRNPA1 MZT2B PLAC8 ATP5O CLIC1 CLIC3 DDX5 GIMAP7 GSTP1 GYPC GZMH HNRNPDL IFITM2 IL2RG ITGB2 LY6E OST4 SAMD3 TAGLN2 TCEAL8 AES ANXA5 ATP6V0E1 ATP6V1G1 BFAR C19orf43 CAP1 CD37 CD63 COPE EID1,MASKED_GENE FTL NKG7 BTG1 JUNB CALM1 GZMA LDHB FCER1G GGNBP2 NDUFA11 NPM1 PPIA C1orf162 C6orf48 CD52 CD7 CD8B GZMB HNRNPA1 MZT2B PLAC8 ATP5O CLIC1 CLIC3 DDX5 GIMAP7 GSTP1 GYPC GZMH HNRNPDL IFITM2 IL2RG ITGB2 LY6E OST4 SAMD3 TAGLN2 TCEAL8 AES ANXA5 ATP6V0E1 ATP6V1G1 BFAR C19orf43 CAP1 CD37 CD63 COPE EID1,GNLY MASKED_GENE NKG7 BTG1 JUNB CALM1 GZMA LDHB FCER1G GGNBP2 NDUFA11 NPM1 PPIA C1orf162 C6orf48 CD52 CD7 CD8B GZMB HNRNPA1 MZT2B PLAC8 ATP5O CLIC1 CLIC3 DDX5 GIMAP7 GSTP1 GYPC GZMH HNRNPDL IFITM2 IL2RG ITGB2 LY6E OST4 SAMD3 TAGLN2 TCEAL8 AES ANXA5 ATP6V0E1 ATP6V1G1 BFAR C19orf43 CAP1 CD37 CD63 COPE EID1
base,pbmc68k:ATGCGCCTTCCGTC-4,ATGCGCCTTCCGTC-4,4,CD8+ Cytotoxic T,1,none,0,,0,,,,,,,,,,NKG7 GNLY IL32 PTPRCAP FTL LTB IFITM2 CTSW FCER1G IFITM1 PSMC5 CD3D CD52 CLIC1 EIF4A1 GZMA GZMB HCST NDUFB10 PPIA S100A6 SRGN TKT ANXA1 CALM1 CALM3 CD63 CD7 DENND2D GZMH GZMM HOPX LAMTOR1 LAMTOR4 LDHB MIF OST4 PLAC8 POLR2G PRF1 PSMA7 SUB1 ADD3 AGTRAP CAP1 CAPN2 CD27 CD37 CD74 CD8B,NKG7 GNLY IL32 PTPRCAP FTL LTB IFITM2 CTSW FCER1G IFITM1 PSMC5 CD3D CD52 CLIC1 EIF4A1 GZMA GZMB HCST NDUFB10 PPIA S100A6 SRGN TKT ANXA1 CALM1 CALM3 CD63 CD7 DENND2D GZMH GZMM HOPX LAMTOR1 LAMTOR4 LDHB MIF OST4 PLAC8 POLR2G PRF1 PSMA7 SUB1 ADD3 AGTRAP CAP1 CAPN2 CD27 CD37 CD74 CD8B,NKG7 GNLY IL32 PTPRCAP FTL LTB IFITM2 CTSW FCER1G IFITM1 PSMC5 CD3D CD52 CLIC1 EIF4A1 GZMA GZMB HCST NDUFB10 PPIA S100A6 SRGN TKT ANXA1 CALM1 CALM3 CD63 CD7 DENND2D GZMH GZMM HOPX LAMTOR1 LAMTOR4 LDHB MIF OST4 PLAC8 POLR2G PRF1 PSMA7 SUB1 ADD3 AGTRAP CAP1 CAPN2 CD27 CD37 CD74 CD8B
intervention,pbmc68k:ATGCGCCTTCCGTC-4,ATGCGCCTTCCGTC-4,4,CD8+ Cytotoxic T,1,T_TCR_CD8,1,CD3D;CD8B,2,CD3D,2.807,EIF4A1,2.807,3,0,0.195312,2,3.61979,NKG7 GNLY IL32 PTPRCAP FTL LTB IFITM2 CTSW FCER1G IFITM1 PSMC5 CD3D CD52 CLIC1 EIF4A1 GZMA GZMB HCST NDUFB10 PPIA S100A6 SRGN TKT ANXA1 CALM1 CALM3 CD63 CD7 DENND2D GZMH GZMM HOPX LAMTOR1 LAMTOR4 LDHB MIF OST4 PLAC8 POLR2G PRF1 PSMA7 SUB1 ADD3 AGTRAP CAP1 CAPN2 CD27 CD37 CD74 CD8B,NKG7 GNLY IL32 PTPRCAP FTL LTB IFITM2 CTSW FCER1G IFITM1 PSMC5 MASKED_GENE CD52 CLIC1 EIF4A1 GZMA GZMB HCST NDUFB10 PPIA S100A6 SRGN TKT ANXA1 CALM1 CALM3 CD63 CD7 DENND2D GZMH GZMM HOPX LAMTOR1 LAMTOR4 LDHB MIF OST4 PLAC8 POLR2G PRF1 PSMA7 SUB1 ADD3 AGTRAP CAP1 CAPN2 CD27 CD37 CD74 CD8B,NKG7 GNLY IL32 PTPRCAP FTL LTB IFITM2 CTSW FCER1G IFITM1 PSMC5 CD3D CD52 CLIC1 MASKED_GENE GZMA GZMB HCST NDUFB10 PPIA S100A6 SRGN TKT ANXA1 CALM1 CALM3 CD63 CD7 DENND2D GZMH GZMM HOPX LAMTOR1 LAMTOR4 LDHB MIF OST4 PLAC8 POLR2G PRF1 PSMA7 SUB1 ADD3 AGTRAP CAP1 CAPN2 CD27 CD37 CD74 CD8B
intervention,pbmc68k:ATGCGCCTTCCGTC-4,ATGCGCCTTCCGTC-4,4,CD8+ Cytotoxic T,1,cytotoxic_effector,1,NKG7;GNLY;CTSW;GZMA;GZMB;GZMH;PRF1,7,NKG7,4.016,PTPRCAP,3.584,3,0.432,0.148438,3,4.34837,NKG7 GNLY IL32 PTPRCAP FTL LTB IFITM2 CTSW FCER1G IFITM1 PSMC5 CD3D CD52 CLIC1 EIF4A1 GZMA GZMB HCST NDUFB10 PPIA S100A6 SRGN TKT ANXA1 CALM1 CALM3 CD63 CD7 DENND2D GZMH GZMM HOPX LAMTOR1 LAMTOR4 LDHB MIF OST4 PLAC8 POLR2G PRF1 PSMA7 SUB1 ADD3 AGTRAP CAP1 CAPN2 CD27 CD37 CD74 CD8B,MASKED_GENE GNLY IL32 PTPRCAP FTL LTB IFITM2 CTSW FCER1G IFITM1 PSMC5 CD3D CD52 CLIC1 EIF4A1 GZMA GZMB HCST NDUFB10 PPIA S100A6 SRGN TKT ANXA1 CALM1 CALM3 CD63 CD7 DENND2D GZMH GZMM HOPX LAMTOR1 LAMTOR4 LDHB MIF OST4 PLAC8 POLR2G PRF1 PSMA7 SUB1 ADD3 AGTRAP CAP1 CAPN2 CD27 CD37 CD74 CD8B,NKG7 GNLY IL32 MASKED_GENE FTL LTB IFITM2 CTSW FCER1G IFITM1 PSMC5 CD3D CD52 CLIC1 EIF4A1 GZMA GZMB HCST NDUFB10 PPIA S100A6 SRGN TKT ANXA1 CALM1 CALM3 CD63 CD7 DENND2D GZMH GZMM HOPX LAMTOR1 LAMTOR4 LDHB MIF OST4 PLAC8 POLR2G PRF1 PSMA7 SUB1 ADD3 AGTRAP CAP1 CAPN2 CD27 CD37 CD74 CD8B
base,pbmc68k:GCCTGACTAGCATC-4,GCCTGACTAGCATC-4,4,CD56+ NK,0,none,0,,0,,,,,,,,,,GNLY NKG7 GIMAP7 JUNB FTL BTG1 LTB LDHB CD7 EIF3L PPDPF AES CD3E CD52 DDX5 GZMB HNRNPA1 NAP1L1 NPM1 PTPRCAP CD27 CD3D CLIC3 EIF3G GZMA GZMH MZT2B OST4 PPP2R5C PTPRC TOMM7 AKR1C3 ATP5O ATP6V0E1 C19orf43 C19orf53 CCNI CD37 CD3G CLIC1 COMT CST7 DYNLRB1 EIF4A1 ERP29 FLT3LG GLRX GYPC GZMM HCST,GNLY NKG7 GIMAP7 JUNB FTL BTG1 LTB LDHB CD7 EIF3L PPDPF AES CD3E CD52 DDX5 GZMB HNRNPA1 NAP1L1 NPM1 PTPRCAP CD27 CD3D CLIC3 EIF3G GZMA GZMH MZT2B OST4 PPP2R5C PTPRC TOMM7 AKR1C3 ATP5O ATP6V0E1 C19orf43 C19orf53 CCNI CD37 CD3G CLIC1 COMT CST7 DYNLRB1 EIF4A1 ERP29 FLT3LG GLRX GYPC GZMM HCST,GNLY NKG7 GIMAP7 JUNB FTL BTG1 LTB LDHB CD7 EIF3L PPDPF AES CD3E CD52 DDX5 GZMB HNRNPA1 NAP1L1 NPM1 PTPRCAP CD27 CD3D CLIC3 EIF3G GZMA GZMH MZT2B OST4 PPP2R5C PTPRC TOMM7 AKR1C3 ATP5O ATP6V0E1 C19orf43 C19orf53 CCNI CD37 CD3G CLIC1 COMT CST7 DYNLRB1 EIF4A1 ERP29 FLT3LG GLRX GYPC GZMM HCST
intervention,pbmc68k:GCCTGACTAGCATC-4,GCCTGACTAGCATC-4,4,CD56+ NK,0,T_TCR_CD8,1,CD3E;CD3D;CD3G,3,CD3E,2.695,AES,2.695,1,0,0.148438,1,2.15104,GNLY NKG7 GIMAP7 JUNB FTL BTG1 LTB LDHB CD7 EIF3L PPDPF AES CD3E CD52 DDX5 GZMB HNRNPA1 NAP1L1 NPM1 PTPRCAP CD27 CD3D CLIC3 EIF3G GZMA GZMH MZT2B OST4 PPP2R5C PTPRC TOMM7 AKR1C3 ATP5O ATP6V0E1 C19orf43 C19orf53 CCNI CD37 CD3G CLIC1 COMT CST7 DYNLRB1 EIF4A1 ERP29 FLT3LG GLRX GYPC GZMM HCST,GNLY NKG7 GIMAP7 JUNB FTL BTG1 LTB LDHB CD7 EIF3L PPDPF AES MASKED_GENE CD52 DDX5 GZMB HNRNPA1 NAP1L1 NPM1 PTPRCAP CD27 CD3D CLIC3 EIF3G GZMA GZMH MZT2B OST4 PPP2R5C PTPRC TOMM7 AKR1C3 ATP5O ATP6V0E1 C19orf43 C19orf53 CCNI CD37 CD3G CLIC1 COMT CST7 DYNLRB1 EIF4A1 ERP29 FLT3LG GLRX GYPC GZMM HCST,GNLY NKG7 GIMAP7 JUNB FTL BTG1 LTB LDHB CD7 EIF3L PPDPF MASKED_GENE CD3E CD52 DDX5 GZMB HNRNPA1 NAP1L1 NPM1 PTPRCAP CD27 CD3D CLIC3 EIF3G GZMA GZMH MZT2B OST4 PPP2R5C PTPRC TOMM7 AKR1C3 ATP5O ATP6V0E1 C19orf43 C19orf53 CCNI CD37 CD3G CLIC1 COMT CST7 DYNLRB1 EIF4A1 ERP29 FLT3LG GLRX GYPC GZMM HCST
intervention,pbmc68k:GCCTGACTAGCATC-4,GCCTGACTAGCATC-4,4,CD56+ NK,0,cytotoxic_effector,1,GNLY;NKG7;GZMB;GZMA;GZMH,5,GNLY,3.926,GIMAP7,3.747,2,0.179,0.0390625,2,2.08196,GNLY NKG7 GIMAP7 JUNB FTL BTG1 LTB LDHB CD7 EIF3L PPDPF AES CD3E CD52 DDX5 GZMB HNRNPA1 NAP1L1 NPM1 PTPRCAP CD27 CD3D CLIC3 EIF3G GZMA GZMH MZT2B OST4 PPP2R5C PTPRC TOMM7 AKR1C3 ATP5O ATP6V0E1 C19orf43 C19orf53 CCNI CD37 CD3G CLIC1 COMT CST7 DYNLRB1 EIF4A1 ERP29 FLT3LG GLRX GYPC GZMM HCST,MASKED_GENE NKG7 GIMAP7 JUNB FTL BTG1 LTB LDHB CD7 EIF3L PPDPF AES CD3E CD52 DDX5 GZMB HNRNPA1 NAP1L1 NPM1 PTPRCAP CD27 CD3D CLIC3 EIF3G GZMA GZMH MZT2B OST4 PPP2R5C PTPRC TOMM7 AKR1C3 ATP5O ATP6V0E1 C19orf43 C19orf53 CCNI CD37 CD3G CLIC1 COMT CST7 DYNLRB1 EIF4A1 ERP29 FLT3LG GLRX GYPC GZMM HCST,GNLY NKG7 MASKED_GENE JUNB FTL BTG1 LTB LDHB CD7 EIF3L PPDPF AES CD3E CD52 DDX5 GZMB HNRNPA1 NAP1L1 NPM1 PTPRCAP CD27 CD3D CLIC3 EIF3G GZMA GZMH MZT2B OST4 PPP2R5C PTPRC TOMM7 AKR1C3 ATP5O ATP6V0E1 C19orf43 C19orf53 CCNI CD37 CD3G CLIC1 COMT CST7 DYNLRB1 EIF4A1 ERP29 FLT3LG GLRX GYPC GZMM HCST
base,pbmc68k:TGCAAGTGCTGTCC-4,TGCAAGTGCTGTCC-4,4,CD56+ NK,0,none,0,,0,,,,,,,,,,NKG7 BTG1 FOS FTL GNLY HNRNPA1 PTPRCAP LTB NPM1 VIM CLIC3 CD63 CD7 COX7C CTSW EIF3G FCER1G GCHFR GIMAP7 IL2RG JUNB NOSIP OST4 PPDPF SRP14 AES BID CD37 CD3E CD52 HIGD2A ID2 IFITM2 IL32 MZT2B TRAF3IP3 ANP32B ARF6 BLOC1S4 C19orf43 C1orf162 C9orf142 CALM1 CCT6A CD3D CD74 CHCHD10 CLIC1 DNAJB1 EIF3E,NKG7 BTG1 FOS FTL GNLY HNRNPA1 PTPRCAP LTB NPM1 VIM CLIC3 CD63 CD7 COX7C CTSW EIF3G FCER1G GCHFR GIMAP7 IL2RG JUNB NOSIP OST4 PPDPF SRP14 AES BID CD37 CD3E CD52 HIGD2A ID2 IFITM2 IL32 MZT2B TRAF3IP3 ANP32B ARF6 BLOC1S4 C19orf43 C1orf162 C9orf142 CALM1 CCT6A CD3D CD74 CHCHD10 CLIC1 DNAJB1 EIF3E,NKG7 BTG1 FOS FTL GNLY HNRNPA1 PTPRCAP LTB NPM1 VIM CLIC3 CD63 CD7 COX7C CTSW EIF3G FCER1G GCHFR GIMAP7 IL2RG JUNB NOSIP OST4 PPDPF SRP14 AES BID CD37 CD3E CD52 HIGD2A ID2 IFITM2 IL32 MZT2B TRAF3IP3 ANP32B ARF6 BLOC1S4 C19orf43 C1orf162 C9orf142 CALM1 CCT6A CD3D CD74 CHCHD10 CLIC1 DNAJB1 EIF3E
intervention,pbmc68k:TGCAAGTGCTGTCC-4,TGCAAGTGCTGTCC-4,4,CD56+ NK,0,T_TCR_CD8,1,CD3E;CD3D,2,CD3E,2.392,CD37,2.392,1,0,0.03125,0,0.645833,NKG7 BTG1 FOS FTL GNLY HNRNPA1 PTPRCAP LTB NPM1 VIM CLIC3 CD63 CD7 COX7C CTSW EIF3G FCER1G GCHFR GIMAP7 IL2RG JUNB NOSIP OST4 PPDPF SRP14 AES BID CD37 CD3E CD52 HIGD2A ID2 IFITM2 IL32 MZT2B TRAF3IP3 ANP32B ARF6 BLOC1S4 C19orf43 C1orf162 C9orf142 CALM1 CCT6A CD3D CD74 CHCHD10 CLIC1 DNAJB1 EIF3E,NKG7 BTG1 FOS FTL GNLY HNRNPA1 PTPRCAP LTB NPM1 VIM CLIC3 CD63 CD7 COX7C CTSW EIF3G FCER1G GCHFR GIMAP7 IL2RG JUNB NOSIP OST4 PPDPF SRP14 AES BID CD37 MASKED_GENE CD52 HIGD2A ID2 IFITM2 IL32 MZT2B TRAF3IP3 ANP32B ARF6 BLOC1S4 C19orf43 C1orf162 C9orf142 CALM1 CCT6A CD3D CD74 CHCHD10 CLIC1 DNAJB1 EIF3E,NKG7 BTG1 FOS FTL GNLY HNRNPA1 PTPRCAP LTB NPM1 VIM CLIC3 CD63 CD7 COX7C CTSW EIF3G FCER1G GCHFR GIMAP7 IL2RG JUNB NOSIP OST4 PPDPF SRP14 AES BID MASKED_GENE CD3E CD52 HIGD2A ID2 IFITM2 IL32 MZT2B TRAF3IP3 ANP32B ARF6 BLOC1S4 C19orf43 C1orf162 C9orf142 CALM1 CCT6A CD3D CD74 CHCHD10 CLIC1 DNAJB1 EIF3E
intervention,pbmc68k:TGCAAGTGCTGTCC-4,TGCAAGTGCTGTCC-4,4,CD56+ NK,0,cytotoxic_effector,1,NKG7;GNLY;CTSW,3,NKG7,3.708,HNRNPA1,3.314,5,0.394,0.132812,3,4.78279,NKG7 BTG1 FOS FTL GNLY HNRNPA1 PTPRCAP LTB NPM1 VIM CLIC3 CD63 CD7 COX7C CTSW EIF3G FCER1G GCHFR GIMAP7 IL2RG JUNB NOSIP OST4 PPDPF SRP14 AES BID CD37 CD3E CD52 HIGD2A ID2 IFITM2 IL32 MZT2B TRAF3IP3 ANP32B ARF6 BLOC1S4 C19orf43 C1orf162 C9orf142 CALM1 CCT6A CD3D CD74 CHCHD10 CLIC1 DNAJB1 EIF3E,MASKED_GENE BTG1 FOS FTL GNLY HNRNPA1 PTPRCAP LTB NPM1 VIM CLIC3 CD63 CD7 COX7C CTSW EIF3G FCER1G GCHFR GIMAP7 IL2RG JUNB NOSIP OST4 PPDPF SRP14 AES BID CD37 CD3E CD52 HIGD2A ID2 IFITM2 IL32 MZT2B TRAF3IP3 ANP32B ARF6 BLOC1S4 C19orf43 C1orf162 C9orf142 CALM1 CCT6A CD3D CD74 CHCHD10 CLIC1 DNAJB1 EIF3E,NKG7 BTG1 FOS FTL GNLY MASKED_GENE PTPRCAP LTB NPM1 VIM CLIC3 CD63 CD7 COX7C CTSW EIF3G FCER1G GCHFR GIMAP7 IL2RG JUNB NOSIP OST4 PPDPF SRP14 AES BID CD37 CD3E CD52 HIGD2A ID2 IFITM2 IL32 MZT2B TRAF3IP3 ANP32B ARF6 BLOC1S4 C19orf43 C1orf162 C9orf142 CALM1 CCT6A CD3D CD74 CHCHD10 CLIC1 DNAJB1 EIF3E
base,pbmc68k:TTATGCACAATCGC-4,TTATGCACAATCGC-4,4,CD8+ Cytotoxic T,1,none,0,,0,,,,,,,,,,GNLY CCL5 CD52 GZMB NKG7 S100A4 FTL PRF1 IL32 JUNB CD3D GZMH LTB PTPRCAP ANAPC16 CD3E GZMA ID2 S100A6 CTSW FCGR3A GYPC YWHAB ANXA1 BTG1 C19orf24 CAP1 CLIC1 CNN2 CORO1B DDX5 GSTK1 LDHB PPDPF S100A10 TAGLN2 VIM ANXA5 CALM1 CD63 EVL HCST IFITM2 IL7R LY6E NEDD8 PARK7 PLAC8 PSME2 RAB7A,GNLY CCL5 CD52 GZMB NKG7 S100A4 FTL PRF1 IL32 JUNB CD3D GZMH LTB PTPRCAP ANAPC16 CD3E GZMA ID2 S100A6 CTSW FCGR3A GYPC YWHAB ANXA1 BTG1 C19orf24 CAP1 CLIC1 CNN2 CORO1B DDX5 GSTK1 LDHB PPDPF S100A10 TAGLN2 VIM ANXA5 CALM1 CD63 EVL HCST IFITM2 IL7R LY6E NEDD8 PARK7 PLAC8 PSME2 RAB7A,GNLY CCL5 CD52 GZMB NKG7 S100A4 FTL PRF1 IL32 JUNB CD3D GZMH LTB PTPRCAP ANAPC16 CD3E GZMA ID2 S100A6 CTSW FCGR3A GYPC YWHAB ANXA1 BTG1 C19orf24 CAP1 CLIC1 CNN2 CORO1B DDX5 GSTK1 LDHB PPDPF S100A10 TAGLN2 VIM ANXA5 CALM1 CD63 EVL HCST IFITM2 IL7R LY6E NEDD8 PARK7 PLAC8 PSME2 RAB7A
intervention,pbmc68k:TTATGCACAATCGC-4,TTATGCACAATCGC-4,4,CD8+ Cytotoxic T,1,T_TCR_CD8,1,CD3D;CD3E,2,CD3D,3.155,PTPRCAP,3.155,3,0,0.226562,3,4.26562,GNLY CCL5 CD52 GZMB NKG7 S100A4 FTL PRF1 IL32 JUNB CD3D GZMH LTB PTPRCAP ANAPC16 CD3E GZMA ID2 S100A6 CTSW FCGR3A GYPC YWHAB ANXA1 BTG1 C19orf24 CAP1 CLIC1 CNN2 CORO1B DDX5 GSTK1 LDHB PPDPF S100A10 TAGLN2 VIM ANXA5 CALM1 CD63 EVL HCST IFITM2 IL7R LY6E NEDD8 PARK7 PLAC8 PSME2 RAB7A,GNLY CCL5 CD52 GZMB NKG7 S100A4 FTL PRF1 IL32 JUNB MASKED_GENE GZMH LTB PTPRCAP ANAPC16 CD3E GZMA ID2 S100A6 CTSW FCGR3A GYPC YWHAB ANXA1 BTG1 C19orf24 CAP1 CLIC1 CNN2 CORO1B DDX5 GSTK1 LDHB PPDPF S100A10 TAGLN2 VIM ANXA5 CALM1 CD63 EVL HCST IFITM2 IL7R LY6E NEDD8 PARK7 PLAC8 PSME2 RAB7A,GNLY CCL5 CD52 GZMB NKG7 S100A4 FTL PRF1 IL32 JUNB CD3D GZMH LTB MASKED_GENE ANAPC16 CD3E GZMA ID2 S100A6 CTSW FCGR3A GYPC YWHAB ANXA1 BTG1 C19orf24 CAP1 CLIC1 CNN2 CORO1B DDX5 GSTK1 LDHB PPDPF S100A10 TAGLN2 VIM ANXA5 CALM1 CD63 EVL HCST IFITM2 IL7R LY6E NEDD8 PARK7 PLAC8 PSME2 RAB7A
intervention,pbmc68k:TTATGCACAATCGC-4,TTATGCACAATCGC-4,4,CD8+ Cytotoxic T,1,cytotoxic_effector,1,GNLY;CCL5;GZMB;NKG7;PRF1;GZMH;GZMA;CTSW,8,GNLY,4.577,S100A4,3.592,5,0.985,0.15625,2,5.86583,GNLY CCL5 CD52 GZMB NKG7 S100A4 FTL PRF1 IL32 JUNB CD3D GZMH LTB PTPRCAP ANAPC16 CD3E GZMA ID2 S100A6 CTSW FCGR3A GYPC YWHAB ANXA1 BTG1 C19orf24 CAP1 CLIC1 CNN2 CORO1B DDX5 GSTK1 LDHB PPDPF S100A10 TAGLN2 VIM ANXA5 CALM1 CD63 EVL HCST IFITM2 IL7R LY6E NEDD8 PARK7 PLAC8 PSME2 RAB7A,MASKED_GENE CCL5 CD52 GZMB NKG7 S100A4 FTL PRF1 IL32 JUNB CD3D GZMH LTB PTPRCAP ANAPC16 CD3E GZMA ID2 S100A6 CTSW FCGR3A GYPC YWHAB ANXA1 BTG1 C19orf24 CAP1 CLIC1 CNN2 CORO1B DDX5 GSTK1 LDHB PPDPF S100A10 TAGLN2 VIM ANXA5 CALM1 CD63 EVL HCST IFITM2 IL7R LY6E NEDD8 PARK7 PLAC8 PSME2 RAB7A,GNLY CCL5 CD52 GZMB NKG7 MASKED_GENE FTL PRF1 IL32 JUNB CD3D GZMH LTB PTPRCAP ANAPC16 CD3E GZMA ID2 S100A6 CTSW FCGR3A GYPC YWHAB ANXA1 BTG1 C19orf24 CAP1 CLIC1 CNN2 CORO1B DDX5 GSTK1 LDHB PPDPF S100A10 TAGLN2 VIM ANXA5 CALM1 CD63 EVL HCST IFITM2 IL7R LY6E NEDD8 PARK7 PLAC8 PSME2 RAB7A
base,pbmc68k:AATATCGAAAGGCG-5,AATATCGAAAGGCG-5,5,CD8+ Cytotoxic T,1,none,0,,0,,,,,,,,,,S100A4 IL32 CALM1 CCL5 FTL BTG1 GNLY PPDPF VIM ANXA1 CD74 HNRNPA1 NKG7 PTPRCAP SRP14 CD3D FGFBP2 GZMH HCST HIGD2A LDHB PPIA S100A6 ARF6 C19orf43 CD52 CD7 CTSW GIMAP7 GZMA IFITM2 IGBP1 ILF3-AS1 IMP3 LTB LY6E PPP2R5C PRDX2 TOMM7 AES ATXN7L3B C19orf24 C20orf27 C9orf142 COPE COX14 DDX5 DTD1 DUSP2 EIF3G,S100A4 IL32 CALM1 CCL5 FTL BTG1 GNLY PPDPF VIM ANXA1 CD74 HNRNPA1 NKG7 PTPRCAP SRP14 CD3D FGFBP2 GZMH HCST HIGD2A LDHB PPIA S100A6 ARF6 C19orf43 CD52 CD7 CTSW GIMAP7 GZMA IFITM2 IGBP1 ILF3-AS1 IMP3 LTB LY6E PPP2R5C PRDX2 TOMM7 AES ATXN7L3B C19orf24 C20orf27 C9orf142 COPE COX14 DDX5 DTD1 DUSP2 EIF3G,S100A4 IL32 CALM1 CCL5 FTL BTG1 GNLY PPDPF VIM ANXA1 CD74 HNRNPA1 NKG7 PTPRCAP SRP14 CD3D FGFBP2 GZMH HCST HIGD2A LDHB PPIA S100A6 ARF6 C19orf43 CD52 CD7 CTSW GIMAP7 GZMA IFITM2 IGBP1 ILF3-AS1 IMP3 LTB LY6E PPP2R5C PRDX2 TOMM7 AES ATXN7L3B C19orf24 C20orf27 C9orf142 COPE COX14 DDX5 DTD1 DUSP2 EIF3G
intervention,pbmc68k:AATATCGAAAGGCG-5,AATATCGAAAGGCG-5,5,CD8+ Cytotoxic T,1,T_TCR_CD8,1,CD3D,1,CD3D,2.812,SRP14,3.023,1,0.211,0.179688,1,2.88554,S100A4 IL32 CALM1 CCL5 FTL BTG1 GNLY PPDPF VIM ANXA1 CD74 HNRNPA1 NKG7 PTPRCAP SRP14 CD3D FGFBP2 GZMH HCST HIGD2A LDHB PPIA S100A6 ARF6 C19orf43 CD52 CD7 CTSW GIMAP7 GZMA IFITM2 IGBP1 ILF3-AS1 IMP3 LTB LY6E PPP2R5C PRDX2 TOMM7 AES ATXN7L3B C19orf24 C20orf27 C9orf142 COPE COX14 DDX5 DTD1 DUSP2 EIF3G,S100A4 IL32 CALM1 CCL5 FTL BTG1 GNLY PPDPF VIM ANXA1 CD74 HNRNPA1 NKG7 PTPRCAP SRP14 MASKED_GENE FGFBP2 GZMH HCST HIGD2A LDHB PPIA S100A6 ARF6 C19orf43 CD52 CD7 CTSW GIMAP7 GZMA IFITM2 IGBP1 ILF3-AS1 IMP3 LTB LY6E PPP2R5C PRDX2 TOMM7 AES ATXN7L3B C19orf24 C20orf27 C9orf142 COPE COX14 DDX5 DTD1 DUSP2 EIF3G,S100A4 IL32 CALM1 CCL5 FTL BTG1 GNLY PPDPF VIM ANXA1 CD74 HNRNPA1 NKG7 PTPRCAP MASKED_GENE CD3D FGFBP2 GZMH HCST HIGD2A LDHB PPIA S100A6 ARF6 C19orf43 CD52 CD7 CTSW GIMAP7 GZMA IFITM2 IGBP1 ILF3-AS1 IMP3 LTB LY6E PPP2R5C PRDX2 TOMM7 AES ATXN7L3B C19orf24 C20orf27 C9orf142 COPE COX14 DDX5 DTD1 DUSP2 EIF3G
intervention,pbmc68k:AATATCGAAAGGCG-5,AATATCGAAAGGCG-5,5,CD8+ Cytotoxic T,1,cytotoxic_effector,1,CCL5;GNLY;NKG7;FGFBP2;GZMH;CTSW;GZMA,7,CCL5,3.589,S100A4,4.268,3,0.679,0.15625,2,4.58717,S100A4 IL32 CALM1 CCL5 FTL BTG1 GNLY PPDPF VIM ANXA1 CD74 HNRNPA1 NKG7 PTPRCAP SRP14 CD3D FGFBP2 GZMH HCST HIGD2A LDHB PPIA S100A6 ARF6 C19orf43 CD52 CD7 CTSW GIMAP7 GZMA IFITM2 IGBP1 ILF3-AS1 IMP3 LTB LY6E PPP2R5C PRDX2 TOMM7 AES ATXN7L3B C19orf24 C20orf27 C9orf142 COPE COX14 DDX5 DTD1 DUSP2 EIF3G,S100A4 IL32 CALM1 MASKED_GENE FTL BTG1 GNLY PPDPF VIM ANXA1 CD74 HNRNPA1 NKG7 PTPRCAP SRP14 CD3D FGFBP2 GZMH HCST HIGD2A LDHB PPIA S100A6 ARF6 C19orf43 CD52 CD7 CTSW GIMAP7 GZMA IFITM2 IGBP1 ILF3-AS1 IMP3 LTB LY6E PPP2R5C PRDX2 TOMM7 AES ATXN7L3B C19orf24 C20orf27 C9orf142 COPE COX14 DDX5 DTD1 DUSP2 EIF3G,MASKED_GENE IL32 CALM1 CCL5 FTL BTG1 GNLY PPDPF VIM ANXA1 CD74 HNRNPA1 NKG7 PTPRCAP SRP14 CD3D FGFBP2 GZMH HCST HIGD2A LDHB PPIA S100A6 ARF6 C19orf43 CD52 CD7 CTSW GIMAP7 GZMA IFITM2 IGBP1 ILF3-AS1 IMP3 LTB LY6E PPP2R5C PRDX2 TOMM7 AES ATXN7L3B C19orf24 C20orf27 C9orf142 COPE COX14 DDX5 DTD1 DUSP2 EIF3G
base,pbmc68k:ACTTAAGACTACCC-5,ACTTAAGACTACCC-5,5,CD8+ Cytotoxic T,1,none,0,,0,,,,,,,,,,CCL5 GNLY IL32 CD52 LDHB COMMD3 FTL NKG7 S100A4 CST7 PTPRCAP CD3D CD3G CD53 CD7 CLIC1 EIF4A2 GZMB HCST LTB PARK7 S100A6 TXNIP APH1A BTG1 CD3E COX7C CXCR4 GIMAP7 GZMA HLA-DRB5 HNRNPA1 HNRNPK ICAM3 LY6E LYAR MTDH NDUFB10 PPIB PSME2 PTPRC SEC62 SEPT7 TBC1D10C AES ANP32B ANXA1 ARL6IP5 ARPC5L ATP5B,CCL5 GNLY IL32 CD52 LDHB COMMD3 FTL NKG7 S100A4 CST7 PTPRCAP CD3D CD3G CD53 CD7 CLIC1 EIF4A2 GZMB HCST LTB PARK7 S100A6 TXNIP APH1A BTG1 CD3E COX7C CXCR4 GIMAP7 GZMA HLA-DRB5 HNRNPA1 HNRNPK ICAM3 LY6E LYAR MTDH NDUFB10 PPIB PSME2 PTPRC SEC62 SEPT7 TBC1D10C AES ANP32B ANXA1 ARL6IP5 ARPC5L ATP5B,CCL5 GNLY IL32 CD52 LDHB COMMD3 FTL NKG7 S100A4 CST7 PTPRCAP CD3D CD3G CD53 CD7 CLIC1 EIF4A2 GZMB HCST LTB PARK7 S100A6 TXNIP APH1A BTG1 CD3E COX7C CXCR4 GIMAP7 GZMA HLA-DRB5 HNRNPA1 HNRNPK ICAM3 LY6E LYAR MTDH NDUFB10 PPIB PSME2 PTPRC SEC62 SEPT7 TBC1D10C AES ANP32B ANXA1 ARL6IP5 ARPC5L ATP5B
intervention,pbmc68k:ACTTAAGACTACCC-5,ACTTAAGACTACCC-5,5,CD8+ Cytotoxic T,1,T_TCR_CD8,1,CD3D;CD3G;CD3E,3,CD3D,2.686,CD53,2.686,2,0,0.257812,0,3.24479,CCL5 GNLY IL32 CD52 LDHB COMMD3 FTL NKG7 S100A4 CST7 PTPRCAP CD3D CD3G CD53 CD7 CLIC1 EIF4A2 GZMB HCST LTB PARK7 S100A6 TXNIP APH1A BTG1 CD3E COX7C CXCR4 GIMAP7 GZMA HLA-DRB5 HNRNPA1 HNRNPK ICAM3 LY6E LYAR MTDH NDUFB10 PPIB PSME2 PTPRC SEC62 SEPT7 TBC1D10C AES ANP32B ANXA1 ARL6IP5 ARPC5L ATP5B,CCL5 GNLY IL32 CD52 LDHB COMMD3 FTL NKG7 S100A4 CST7 PTPRCAP MASKED_GENE CD3G CD53 CD7 CLIC1 EIF4A2 GZMB HCST LTB PARK7 S100A6 TXNIP APH1A BTG1 CD3E COX7C CXCR4 GIMAP7 GZMA HLA-DRB5 HNRNPA1 HNRNPK ICAM3 LY6E LYAR MTDH NDUFB10 PPIB PSME2 PTPRC SEC62 SEPT7 TBC1D10C AES ANP32B ANXA1 ARL6IP5 ARPC5L ATP5B,CCL5 GNLY IL32 CD52 LDHB COMMD3 FTL NKG7 S100A4 CST7 PTPRCAP CD3D CD3G MASKED_GENE CD7 CLIC1 EIF4A2 GZMB HCST LTB PARK7 S100A6 TXNIP APH1A BTG1 CD3E COX7C CXCR4 GIMAP7 GZMA HLA-DRB5 HNRNPA1 HNRNPK ICAM3 LY6E LYAR MTDH NDUFB10 PPIB PSME2 PTPRC SEC62 SEPT7 TBC1D10C AES ANP32B ANXA1 ARL6IP5 ARPC5L ATP5B
intervention,pbmc68k:ACTTAAGACTACCC-5,ACTTAAGACTACCC-5,5,CD8+ Cytotoxic T,1,cytotoxic_effector,1,CCL5;GNLY;NKG7;GZMB;GZMA,5,CCL5,4.02,S100A4,3.069,8,0.951,0.15625,2,6.79783,CCL5 GNLY IL32 CD52 LDHB COMMD3 FTL NKG7 S100A4 CST7 PTPRCAP CD3D CD3G CD53 CD7 CLIC1 EIF4A2 GZMB HCST LTB PARK7 S100A6 TXNIP APH1A BTG1 CD3E COX7C CXCR4 GIMAP7 GZMA HLA-DRB5 HNRNPA1 HNRNPK ICAM3 LY6E LYAR MTDH NDUFB10 PPIB PSME2 PTPRC SEC62 SEPT7 TBC1D10C AES ANP32B ANXA1 ARL6IP5 ARPC5L ATP5B,MASKED_GENE GNLY IL32 CD52 LDHB COMMD3 FTL NKG7 S100A4 CST7 PTPRCAP CD3D CD3G CD53 CD7 CLIC1 EIF4A2 GZMB HCST LTB PARK7 S100A6 TXNIP APH1A BTG1 CD3E COX7C CXCR4 GIMAP7 GZMA HLA-DRB5 HNRNPA1 HNRNPK ICAM3 LY6E LYAR MTDH NDUFB10 PPIB PSME2 PTPRC SEC62 SEPT7 TBC1D10C AES ANP32B ANXA1 ARL6IP5 ARPC5L ATP5B,CCL5 GNLY IL32 CD52 LDHB COMMD3 FTL NKG7 MASKED_GENE CST7 PTPRCAP CD3D CD3G CD53 CD7 CLIC1 EIF4A2 GZMB HCST LTB PARK7 S100A6 TXNIP APH1A BTG1 CD3E COX7C CXCR4 GIMAP7 GZMA HLA-DRB5 HNRNPA1 HNRNPK ICAM3 LY6E LYAR MTDH NDUFB10 PPIB PSME2 PTPRC SEC62 SEPT7 TBC1D10C AES ANP32B ANXA1 ARL6IP5 ARPC5L ATP5B
base,pbmc68k:CTACTATGGGCGAA-5,CTACTATGGGCGAA-5,5,CD56+ NK,0,none,0,,0,,,,,,,,,,GNLY NKG7 CD74 GZMB HLA-DRA CCL5 CST7 CTSW HOPX FGFBP2 HLA-DPB1 CLIC1 HLA-DPA1 IL32 CD7 EIF4A1 FTL PTPRCAP S100A4 TAGLN2 UPP1 GZMH S100A6 AKR1C3 CALM1 CD53 DDX5 EIF3G HLA-DQB1 IFITM2 ITGB2 PLAC8 PSMB6 SAP18 SEPT7 SRP14 SSR4 TXNIP ALOX5AP ATP6V0E1 BST2 BTG1 C19orf53 CAP1 CD3E CD52 CD63 CTSC DNAJC1 FCER1G,GNLY NKG7 CD74 GZMB HLA-DRA CCL5 CST7 CTSW HOPX FGFBP2 HLA-DPB1 CLIC1 HLA-DPA1 IL32 CD7 EIF4A1 FTL PTPRCAP S100A4 TAGLN2 UPP1 GZMH S100A6 AKR1C3 CALM1 CD53 DDX5 EIF3G HLA-DQB1 IFITM2 ITGB2 PLAC8 PSMB6 SAP18 SEPT7 SRP14 SSR4 TXNIP ALOX5AP ATP6V0E1 BST2 BTG1 C19orf53 CAP1 CD3E CD52 CD63 CTSC DNAJC1 FCER1G,GNLY NKG7 CD74 GZMB HLA-DRA CCL5 CST7 CTSW HOPX FGFBP2 HLA-DPB1 CLIC1 HLA-DPA1 IL32 CD7 EIF4A1 FTL PTPRCAP S100A4 TAGLN2 UPP1 GZMH S100A6 AKR1C3 CALM1 CD53 DDX5 EIF3G HLA-DQB1 IFITM2 ITGB2 PLAC8 PSMB6 SAP18 SEPT7 SRP14 SSR4 TXNIP ALOX5AP ATP6V0E1 BST2 BTG1 C19orf53 CAP1 CD3E CD52 CD63 CTSC DNAJC1 FCER1G
intervention,pbmc68k:CTACTATGGGCGAA-5,CTACTATGGGCGAA-5,5,CD56+ NK,0,T_TCR_CD8,1,CD3E,1,CD3E,2.354,C19orf53,2.354,2,0,0.1875,4,3.875,GNLY NKG7 CD74 GZMB HLA-DRA CCL5 CST7 CTSW HOPX FGFBP2 HLA-DPB1 CLIC1 HLA-DPA1 IL32 CD7 EIF4A1 FTL PTPRCAP S100A4 TAGLN2 UPP1 GZMH S100A6 AKR1C3 CALM1 CD53 DDX5 EIF3G HLA-DQB1 IFITM2 ITGB2 PLAC8 PSMB6 SAP18 SEPT7 SRP14 SSR4 TXNIP ALOX5AP ATP6V0E1 BST2 BTG1 C19orf53 CAP1 CD3E CD52 CD63 CTSC DNAJC1 FCER1G,GNLY NKG7 CD74 GZMB HLA-DRA CCL5 CST7 CTSW HOPX FGFBP2 HLA-DPB1 CLIC1 HLA-DPA1 IL32 CD7 EIF4A1 FTL PTPRCAP S100A4 TAGLN2 UPP1 GZMH S100A6 AKR1C3 CALM1 CD53 DDX5 EIF3G HLA-DQB1 IFITM2 ITGB2 PLAC8 PSMB6 SAP18 SEPT7 SRP14 SSR4 TXNIP ALOX5AP ATP6V0E1 BST2 BTG1 C19orf53 CAP1 MASKED_GENE CD52 CD63 CTSC DNAJC1 FCER1G,GNLY NKG7 CD74 GZMB HLA-DRA CCL5 CST7 CTSW HOPX FGFBP2 HLA-DPB1 CLIC1 HLA-DPA1 IL32 CD7 EIF4A1 FTL PTPRCAP S100A4 TAGLN2 UPP1 GZMH S100A6 AKR1C3 CALM1 CD53 DDX5 EIF3G HLA-DQB1 IFITM2 ITGB2 PLAC8 PSMB6 SAP18 SEPT7 SRP14 SSR4 TXNIP ALOX5AP ATP6V0E1 BST2 BTG1 MASKED_GENE CAP1 CD3E CD52 CD63 CTSC DNAJC1 FCER1G
intervention,pbmc68k:CTACTATGGGCGAA-5,CTACTATGGGCGAA-5,5,CD56+ NK,0,cytotoxic_effector,1,GNLY;NKG7;GZMB;CCL5;CTSW;FGFBP2;GZMH,7,GNLY,4.631,CD74,4.116,2,0.515,0.132812,0,3.02479,GNLY NKG7 CD74 GZMB HLA-DRA CCL5 CST7 CTSW HOPX FGFBP2 HLA-DPB1 CLIC1 HLA-DPA1 IL32 CD7 EIF4A1 FTL PTPRCAP S100A4 TAGLN2 UPP1 GZMH S100A6 AKR1C3 CALM1 CD53 DDX5 EIF3G HLA-DQB1 IFITM2 ITGB2 PLAC8 PSMB6 SAP18 SEPT7 SRP14 SSR4 TXNIP ALOX5AP ATP6V0E1 BST2 BTG1 C19orf53 CAP1 CD3E CD52 CD63 CTSC DNAJC1 FCER1G,MASKED_GENE NKG7 CD74 GZMB HLA-DRA CCL5 CST7 CTSW HOPX FGFBP2 HLA-DPB1 CLIC1 HLA-DPA1 IL32 CD7 EIF4A1 FTL PTPRCAP S100A4 TAGLN2 UPP1 GZMH S100A6 AKR1C3 CALM1 CD53 DDX5 EIF3G HLA-DQB1 IFITM2 ITGB2 PLAC8 PSMB6 SAP18 SEPT7 SRP14 SSR4 TXNIP ALOX5AP ATP6V0E1 BST2 BTG1 C19orf53 CAP1 CD3E CD52 CD63 CTSC DNAJC1 FCER1G,GNLY NKG7 MASKED_GENE GZMB HLA-DRA CCL5 CST7 CTSW HOPX FGFBP2 HLA-DPB1 CLIC1 HLA-DPA1 IL32 CD7 EIF4A1 FTL PTPRCAP S100A4 TAGLN2 UPP1 GZMH S100A6 AKR1C3 CALM1 CD53 DDX5 EIF3G HLA-DQB1 IFITM2 ITGB2 PLAC8 PSMB6 SAP18 SEPT7 SRP14 SSR4 TXNIP ALOX5AP ATP6V0E1 BST2 BTG1 C19orf53 CAP1 CD3E CD52 CD63 CTSC DNAJC1 FCER1G
base,pbmc68k:CTTTAGTGCTCTTA-5,CTTTAGTGCTCTTA-5,5,CD8+ Cytotoxic T,1,none,0,,0,,,,,,,,,,GNLY NKG7 LTB CD52 JUNB CD74 TAGLN2 CD7 GIMAP7 LDHB BTG1 CTSW FTL NAP1L1 NFKBIA S100A4 CD2 CD3D SOD1 SPCS2 XCL2 AES CCDC167 CD37 CLIC1 CNN2 COX17 FCER1G GYPC HNRNPA1 HOPX LMAN2 PDAP1 PRDX2 PSMD7 PTPRCAP SRGN SSR4 STUB1 ZNHIT1 APEX1 CCT3 CD3E CD63 COPE CORO1B COX6A1 CRIP1 DENND2D DUSP2,GNLY NKG7 LTB CD52 JUNB CD74 TAGLN2 CD7 GIMAP7 LDHB BTG1 CTSW FTL NAP1L1 NFKBIA S100A4 CD2 CD3D SOD1 SPCS2 XCL2 AES CCDC167 CD37 CLIC1 CNN2 COX17 FCER1G GYPC HNRNPA1 HOPX LMAN2 PDAP1 PRDX2 PSMD7 PTPRCAP SRGN SSR4 STUB1 ZNHIT1 APEX1 CCT3 CD3E CD63 COPE CORO1B COX6A1 CRIP1 DENND2D DUSP2,GNLY NKG7 LTB CD52 JUNB CD74 TAGLN2 CD7 GIMAP7 LDHB BTG1 CTSW FTL NAP1L1 NFKBIA S100A4 CD2 CD3D SOD1 SPCS2 XCL2 AES CCDC167 CD37 CLIC1 CNN2 COX17 FCER1G GYPC HNRNPA1 HOPX LMAN2 PDAP1 PRDX2 PSMD7 PTPRCAP SRGN SSR4 STUB1 ZNHIT1 APEX1 CCT3 CD3E CD63 COPE CORO1B COX6A1 CRIP1 DENND2D DUSP2
intervention,pbmc68k:CTTTAGTGCTCTTA-5,CTTTAGTGCTCTTA-5,5,CD8+ Cytotoxic T,1,T_TCR_CD8,1,CD3D;CD3E,2,CD3D,2.691,AES,2.425,4,0.266,0.0390625,1,2.58929,GNLY NKG7 LTB CD52 JUNB CD74 TAGLN2 CD7 GIMAP7 LDHB BTG1 CTSW FTL NAP1L1 NFKBIA S100A4 CD2 CD3D SOD1 SPCS2 XCL2 AES CCDC167 CD37 CLIC1 CNN2 COX17 FCER1G GYPC HNRNPA1 HOPX LMAN2 PDAP1 PRDX2 PSMD7 PTPRCAP SRGN SSR4 STUB1 ZNHIT1 APEX1 CCT3 CD3E CD63 COPE CORO1B COX6A1 CRIP1 DENND2D DUSP2,GNLY NKG7 LTB CD52 JUNB CD74 TAGLN2 CD7 GIMAP7 LDHB BTG1 CTSW FTL NAP1L1 NFKBIA S100A4 CD2 MASKED_GENE SOD1 SPCS2 XCL2 AES CCDC167 CD37 CLIC1 CNN2 COX17 FCER1G GYPC HNRNPA1 HOPX LMAN2 PDAP1 PRDX2 PSMD7 PTPRCAP SRGN SSR4 STUB1 ZNHIT1 APEX1 CCT3 CD3E CD63 COPE CORO1B COX6A1 CRIP1 DENND2D DUSP2,GNLY NKG7 LTB CD52 JUNB CD74 TAGLN2 CD7 GIMAP7 LDHB BTG1 CTSW FTL NAP1L1 NFKBIA S100A4 CD2 CD3D SOD1 SPCS2 XCL2 MASKED_GENE CCDC167 CD37 CLIC1 CNN2 COX17 FCER1G GYPC HNRNPA1 HOPX LMAN2 PDAP1 PRDX2 PSMD7 PTPRCAP SRGN SSR4 STUB1 ZNHIT1 APEX1 CCT3 CD3E CD63 COPE CORO1B COX6A1 CRIP1 DENND2D DUSP2
intervention,pbmc68k:CTTTAGTGCTCTTA-5,CTTTAGTGCTCTTA-5,5,CD8+ Cytotoxic T,1,cytotoxic_effector,1,GNLY;NKG7;CTSW;XCL2,4,GNLY,4.424,CD74,3.221,5,1.203,0.132812,0,5.40079,GNLY NKG7 LTB CD52 JUNB CD74 TAGLN2 CD7 GIMAP7 LDHB BTG1 CTSW FTL NAP1L1 NFKBIA S100A4 CD2 CD3D SOD1 SPCS2 XCL2 AES CCDC167 CD37 CLIC1 CNN2 COX17 FCER1G GYPC HNRNPA1 HOPX LMAN2 PDAP1 PRDX2 PSMD7 PTPRCAP SRGN SSR4 STUB1 ZNHIT1 APEX1 CCT3 CD3E CD63 COPE CORO1B COX6A1 CRIP1 DENND2D DUSP2,MASKED_GENE NKG7 LTB CD52 JUNB CD74 TAGLN2 CD7 GIMAP7 LDHB BTG1 CTSW FTL NAP1L1 NFKBIA S100A4 CD2 CD3D SOD1 SPCS2 XCL2 AES CCDC167 CD37 CLIC1 CNN2 COX17 FCER1G GYPC HNRNPA1 HOPX LMAN2 PDAP1 PRDX2 PSMD7 PTPRCAP SRGN SSR4 STUB1 ZNHIT1 APEX1 CCT3 CD3E CD63 COPE CORO1B COX6A1 CRIP1 DENND2D DUSP2,GNLY NKG7 LTB CD52 JUNB MASKED_GENE TAGLN2 CD7 GIMAP7 LDHB BTG1 CTSW FTL NAP1L1 NFKBIA S100A4 CD2 CD3D SOD1 SPCS2 XCL2 AES CCDC167 CD37 CLIC1 CNN2 COX17 FCER1G GYPC HNRNPA1 HOPX LMAN2 PDAP1 PRDX2 PSMD7 PTPRCAP SRGN SSR4 STUB1 ZNHIT1 APEX1 CCT3 CD3E CD63 COPE CORO1B COX6A1 CRIP1 DENND2D DUSP2
base,pbmc68k:GAGAGGTGGATACC-5,GAGAGGTGGATACC-5,5,CD8+ Cytotoxic T,1,none,0,,0,,,,,,,,,,IL32 LTB S100A4 FTL PTPRCAP IFITM2 HNRNPA1 JUNB CD3D CD3E EIF3G GIMAP7 ANAPC16 BTG1 CCL5 DDX5 NOSIP CD52 CLIC1 GLRX HCST ID2 IFITM1 NAP1L1 PPDPF VIM CXCR4 DEK DPEP2 GYPC HNRNPK IL2RG NECAP2 NKG7 PTPRC S100A6 SOD1 SUMO2 TCEB2 ADSL AES ALOX5AP ANXA11 ARL4C ATP5B CALM1 CCDC107 CCNI CD247 CD40LG,IL32 LTB S100A4 FTL PTPRCAP IFITM2 HNRNPA1 JUNB CD3D CD3E EIF3G GIMAP7 ANAPC16 BTG1 CCL5 DDX5 NOSIP CD52 CLIC1 GLRX HCST ID2 IFITM1 NAP1L1 PPDPF VIM CXCR4 DEK DPEP2 GYPC HNRNPK IL2RG NECAP2 NKG7 PTPRC S100A6 SOD1 SUMO2 TCEB2 ADSL AES ALOX5AP ANXA11 ARL4C ATP5B CALM1 CCDC107 CCNI CD247 CD40LG,IL32 LTB S100A4 FTL PTPRCAP IFITM2 HNRNPA1 JUNB CD3D CD3E EIF3G GIMAP7 ANAPC16 BTG1 CCL5 DDX5 NOSIP CD52 CLIC1 GLRX HCST ID2 IFITM1 NAP1L1 PPDPF VIM CXCR4 DEK DPEP2 GYPC HNRNPK IL2RG NECAP2 NKG7 PTPRC S100A6 SOD1 SUMO2 TCEB2 ADSL AES ALOX5AP ANXA11 ARL4C ATP5B CALM1 CCDC107 CCNI CD247 CD40LG
intervention,pbmc68k:GAGAGGTGGATACC-5,GAGAGGTGGATACC-5,5,CD8+ Cytotoxic T,1,T_TCR_CD8,1,CD3D;CD3E,2,CD3D,2.94,GIMAP7,2.94,3,0,0.0546875,2,2.21354,IL32 LTB S100A4 FTL PTPRCAP IFITM2 HNRNPA1 JUNB CD3D CD3E EIF3G GIMAP7 ANAPC16 BTG1 CCL5 DDX5 NOSIP CD52 CLIC1 GLRX HCST ID2 IFITM1 NAP1L1 PPDPF VIM CXCR4 DEK DPEP2 GYPC HNRNPK IL2RG NECAP2 NKG7 PTPRC S100A6 SOD1 SUMO2 TCEB2 ADSL AES ALOX5AP ANXA11 ARL4C ATP5B CALM1 CCDC107 CCNI CD247 CD40LG,IL32 LTB S100A4 FTL PTPRCAP IFITM2 HNRNPA1 JUNB MASKED_GENE CD3E EIF3G GIMAP7 ANAPC16 BTG1 CCL5 DDX5 NOSIP CD52 CLIC1 GLRX HCST ID2 IFITM1 NAP1L1 PPDPF VIM CXCR4 DEK DPEP2 GYPC HNRNPK IL2RG NECAP2 NKG7 PTPRC S100A6 SOD1 SUMO2 TCEB2 ADSL AES ALOX5AP ANXA11 ARL4C ATP5B CALM1 CCDC107 CCNI CD247 CD40LG,IL32 LTB S100A4 FTL PTPRCAP IFITM2 HNRNPA1 JUNB CD3D CD3E EIF3G MASKED_GENE ANAPC16 BTG1 CCL5 DDX5 NOSIP CD52 CLIC1 GLRX HCST ID2 IFITM1 NAP1L1 PPDPF VIM CXCR4 DEK DPEP2 GYPC HNRNPK IL2RG NECAP2 NKG7 PTPRC S100A6 SOD1 SUMO2 TCEB2 ADSL AES ALOX5AP ANXA11 ARL4C ATP5B CALM1 CCDC107 CCNI CD247 CD40LG
intervention,pbmc68k:GAGAGGTGGATACC-5,GAGAGGTGGATACC-5,5,CD8+ Cytotoxic T,1,cytotoxic_effector,1,CCL5;NKG7,2,CCL5,2.768,GIMAP7,2.94,3,0.172,0.0390625,2,2.40129,IL32 LTB S100A4 FTL PTPRCAP IFITM2 HNRNPA1 JUNB CD3D CD3E EIF3G GIMAP7 ANAPC16 BTG1 CCL5 DDX5 NOSIP CD52 CLIC1 GLRX HCST ID2 IFITM1 NAP1L1 PPDPF VIM CXCR4 DEK DPEP2 GYPC HNRNPK IL2RG NECAP2 NKG7 PTPRC S100A6 SOD1 SUMO2 TCEB2 ADSL AES ALOX5AP ANXA11 ARL4C ATP5B CALM1 CCDC107 CCNI CD247 CD40LG,IL32 LTB S100A4 FTL PTPRCAP IFITM2 HNRNPA1 JUNB CD3D CD3E EIF3G GIMAP7 ANAPC16 BTG1 MASKED_GENE DDX5 NOSIP CD52 CLIC1 GLRX HCST ID2 IFITM1 NAP1L1 PPDPF VIM CXCR4 DEK DPEP2 GYPC HNRNPK IL2RG NECAP2 NKG7 PTPRC S100A6 SOD1 SUMO2 TCEB2 ADSL AES ALOX5AP ANXA11 ARL4C ATP5B CALM1 CCDC107 CCNI CD247 CD40LG,IL32 LTB S100A4 FTL PTPRCAP IFITM2 HNRNPA1 JUNB CD3D CD3E EIF3G MASKED_GENE ANAPC16 BTG1 CCL5 DDX5 NOSIP CD52 CLIC1 GLRX HCST ID2 IFITM1 NAP1L1 PPDPF VIM CXCR4 DEK DPEP2 GYPC HNRNPK IL2RG NECAP2 NKG7 PTPRC S100A6 SOD1 SUMO2 TCEB2 ADSL AES ALOX5AP ANXA11 ARL4C ATP5B CALM1 CCDC107 CCNI CD247 CD40LG
base,pbmc68k:GATAGCACTGACAC-5,GATAGCACTGACAC-5,5,CD8+/CD45RA+ Naive Cytotoxic,1,none,0,,0,,,,,,,,,,CD74 FTL NPM1 BTG1 HNRNPA1 JUNB HLA-DRA LTB CCL5 HLA-DPB1 PPIA PTPRCAP TRAF3IP3 CD52 GIMAP7 HIST1H1E HLA-DRB1 HNRNPDL LDHB SNHG7 SOD1 SSU72 AES CD3E CD79A CST7 CUTA DUSP2 EIF4A2 FOS GZMK JAK1 MTDH POMP S100A10 STK17A ACP5 ADSL ATP6V0E1 C6orf48 CALM3 CCNI CCR7 CD37 CD3D CD7 CHCHD10 CNN2 DHRS7 EIF3E,CD74 FTL NPM1 BTG1 HNRNPA1 JUNB HLA-DRA LTB CCL5 HLA-DPB1 PPIA PTPRCAP TRAF3IP3 CD52 GIMAP7 HIST1H1E HLA-DRB1 HNRNPDL LDHB SNHG7 SOD1 SSU72 AES CD3E CD79A CST7 CUTA DUSP2 EIF4A2 FOS GZMK JAK1 MTDH POMP S100A10 STK17A ACP5 ADSL ATP6V0E1 C6orf48 CALM3 CCNI CCR7 CD37 CD3D CD7 CHCHD10 CNN2 DHRS7 EIF3E,CD74 FTL NPM1 BTG1 HNRNPA1 JUNB HLA-DRA LTB CCL5 HLA-DPB1 PPIA PTPRCAP TRAF3IP3 CD52 GIMAP7 HIST1H1E HLA-DRB1 HNRNPDL LDHB SNHG7 SOD1 SSU72 AES CD3E CD79A CST7 CUTA DUSP2 EIF4A2 FOS GZMK JAK1 MTDH POMP S100A10 STK17A ACP5 ADSL ATP6V0E1 C6orf48 CALM3 CCNI CCR7 CD37 CD3D CD7 CHCHD10 CNN2 DHRS7 EIF3E
intervention,pbmc68k:GATAGCACTGACAC-5,GATAGCACTGACAC-5,5,CD8+/CD45RA+ Naive Cytotoxic,1,T_TCR_CD8,1,CD3E;CD3D,2,CD3E,2.328,AES,2.328,1,0,0.148438,1,2.15104,CD74 FTL NPM1 BTG1 HNRNPA1 JUNB HLA-DRA LTB CCL5 HLA-DPB1 PPIA PTPRCAP TRAF3IP3 CD52 GIMAP7 HIST1H1E HLA-DRB1 HNRNPDL LDHB SNHG7 SOD1 SSU72 AES CD3E CD79A CST7 CUTA DUSP2 EIF4A2 FOS GZMK JAK1 MTDH POMP S100A10 STK17A ACP5 ADSL ATP6V0E1 C6orf48 CALM3 CCNI CCR7 CD37 CD3D CD7 CHCHD10 CNN2 DHRS7 EIF3E,CD74 FTL NPM1 BTG1 HNRNPA1 JUNB HLA-DRA LTB CCL5 HLA-DPB1 PPIA PTPRCAP TRAF3IP3 CD52 GIMAP7 HIST1H1E HLA-DRB1 HNRNPDL LDHB SNHG7 SOD1 SSU72 AES MASKED_GENE CD79A CST7 CUTA DUSP2 EIF4A2 FOS GZMK JAK1 MTDH POMP S100A10 STK17A ACP5 ADSL ATP6V0E1 C6orf48 CALM3 CCNI CCR7 CD37 CD3D CD7 CHCHD10 CNN2 DHRS7 EIF3E,CD74 FTL NPM1 BTG1 HNRNPA1 JUNB HLA-DRA LTB CCL5 HLA-DPB1 PPIA PTPRCAP TRAF3IP3 CD52 GIMAP7 HIST1H1E HLA-DRB1 HNRNPDL LDHB SNHG7 SOD1 SSU72 MASKED_GENE CD3E CD79A CST7 CUTA DUSP2 EIF4A2 FOS GZMK JAK1 MTDH POMP S100A10 STK17A ACP5 ADSL ATP6V0E1 C6orf48 CALM3 CCNI CCR7 CD37 CD3D CD7 CHCHD10 CNN2 DHRS7 EIF3E
intervention,pbmc68k:GATAGCACTGACAC-5,GATAGCACTGACAC-5,5,CD8+/CD45RA+ Naive Cytotoxic,1,cytotoxic_effector,1,CCL5;GZMK,2,CCL5,2.971,PPIA,2.799,2,0.172,0.101562,0,2.02629,CD74 FTL NPM1 BTG1 HNRNPA1 JUNB HLA-DRA LTB CCL5 HLA-DPB1 PPIA PTPRCAP TRAF3IP3 CD52 GIMAP7 HIST1H1E HLA-DRB1 HNRNPDL LDHB SNHG7 SOD1 SSU72 AES CD3E CD79A CST7 CUTA DUSP2 EIF4A2 FOS GZMK JAK1 MTDH POMP S100A10 STK17A ACP5 ADSL ATP6V0E1 C6orf48 CALM3 CCNI CCR7 CD37 CD3D CD7 CHCHD10 CNN2 DHRS7 EIF3E,CD74 FTL NPM1 BTG1 HNRNPA1 JUNB HLA-DRA LTB MASKED_GENE HLA-DPB1 PPIA PTPRCAP TRAF3IP3 CD52 GIMAP7 HIST1H1E HLA-DRB1 HNRNPDL LDHB SNHG7 SOD1 SSU72 AES CD3E CD79A CST7 CUTA DUSP2 EIF4A2 FOS GZMK JAK1 MTDH POMP S100A10 STK17A ACP5 ADSL ATP6V0E1 C6orf48 CALM3 CCNI CCR7 CD37 CD3D CD7 CHCHD10 CNN2 DHRS7 EIF3E,CD74 FTL NPM1 BTG1 HNRNPA1 JUNB HLA-DRA LTB CCL5 HLA-DPB1 MASKED_GENE PTPRCAP TRAF3IP3 CD52 GIMAP7 HIST1H1E HLA-DRB1 HNRNPDL LDHB SNHG7 SOD1 SSU72 AES CD3E CD79A CST7 CUTA DUSP2 EIF4A2 FOS GZMK JAK1 MTDH POMP S100A10 STK17A ACP5 ADSL ATP6V0E1 C6orf48 CALM3 CCNI CCR7 CD37 CD3D CD7 CHCHD10 CNN2 DHRS7 EIF3E
base,pbmc68k:GATGCATGATCTCT-5,GATGCATGATCTCT-5,5,CD8+ Cytotoxic T,1,none,0,,0,,,,,,,,,,GNLY NKG7 CCL5 IL32 FTL PTPRCAP BTG1 CD74 GZMK HCST JUNB CD52 HNRNPA1 LTB NPM1 CD7 CLIC1 GZMA CD3E CTSW LDHB S100A4 ANXA5 CCDC107 CCNI EIF3L ERP29 GPX4 GZMH HIGD2A NOSIP S100A6 S1PR4 ARPC5L ATP5O C19orf43 CD27 CTSC EIF3G GYPC HOPX PARK7 PPIA SRGN SSR4 VIM ANXA1 ATP6V1G1 CD247 CD3D,GNLY NKG7 CCL5 IL32 FTL PTPRCAP BTG1 CD74 GZMK HCST JUNB CD52 HNRNPA1 LTB NPM1 CD7 CLIC1 GZMA CD3E CTSW LDHB S100A4 ANXA5 CCDC107 CCNI EIF3L ERP29 GPX4 GZMH HIGD2A NOSIP S100A6 S1PR4 ARPC5L ATP5O C19orf43 CD27 CTSC EIF3G GYPC HOPX PARK7 PPIA SRGN SSR4 VIM ANXA1 ATP6V1G1 CD247 CD3D,GNLY NKG7 CCL5 IL32 FTL PTPRCAP BTG1 CD74 GZMK HCST JUNB CD52 HNRNPA1 LTB NPM1 CD7 CLIC1 GZMA CD3E CTSW LDHB S100A4 ANXA5 CCDC107 CCNI EIF3L ERP29 GPX4 GZMH HIGD2A NOSIP S100A6 S1PR4 ARPC5L ATP5O C19orf43 CD27 CTSC EIF3G GYPC HOPX PARK7 PPIA SRGN SSR4 VIM ANXA1 ATP6V1G1 CD247 CD3D
intervention,pbmc68k:GATGCATGATCTCT-5,GATGCATGATCTCT-5,5,CD8+ Cytotoxic T,1,T_TCR_CD8,1,CD3E;CD3D,2,CD3E,2.625,HCST,2.959,9,0.334,0.0390625,0,4.05863,GNLY NKG7 CCL5 IL32 FTL PTPRCAP BTG1 CD74 GZMK HCST JUNB CD52 HNRNPA1 LTB NPM1 CD7 CLIC1 GZMA CD3E CTSW LDHB S100A4 ANXA5 CCDC107 CCNI EIF3L ERP29 GPX4 GZMH HIGD2A NOSIP S100A6 S1PR4 ARPC5L ATP5O C19orf43 CD27 CTSC EIF3G GYPC HOPX PARK7 PPIA SRGN SSR4 VIM ANXA1 ATP6V1G1 CD247 CD3D,GNLY NKG7 CCL5 IL32 FTL PTPRCAP BTG1 CD74 GZMK HCST JUNB CD52 HNRNPA1 LTB NPM1 CD7 CLIC1 GZMA MASKED_GENE CTSW LDHB S100A4 ANXA5 CCDC107 CCNI EIF3L ERP29 GPX4 GZMH HIGD2A NOSIP S100A6 S1PR4 ARPC5L ATP5O C19orf43 CD27 CTSC EIF3G GYPC HOPX PARK7 PPIA SRGN SSR4 VIM ANXA1 ATP6V1G1 CD247 CD3D,GNLY NKG7 CCL5 IL32 FTL PTPRCAP BTG1 CD74 GZMK MASKED_GENE JUNB CD52 HNRNPA1 LTB NPM1 CD7 CLIC1 GZMA CD3E CTSW LDHB S100A4 ANXA5 CCDC107 CCNI EIF3L ERP29 GPX4 GZMH HIGD2A NOSIP S100A6 S1PR4 ARPC5L ATP5O C19orf43 CD27 CTSC EIF3G GYPC HOPX PARK7 PPIA SRGN SSR4 VIM ANXA1 ATP6V1G1 CD247 CD3D
intervention,pbmc68k:GATGCATGATCTCT-5,GATGCATGATCTCT-5,5,CD8+ Cytotoxic T,1,cytotoxic_effector,1,GNLY;NKG7;CCL5;GZMK;GZMA;CTSW;GZMH,7,GNLY,3.804,CD74,2.959,7,0.845,0.132812,0,5.35146,GNLY NKG7 CCL5 IL32 FTL PTPRCAP BTG1 CD74 GZMK HCST JUNB CD52 HNRNPA1 LTB NPM1 CD7 CLIC1 GZMA CD3E CTSW LDHB S100A4 ANXA5 CCDC107 CCNI EIF3L ERP29 GPX4 GZMH HIGD2A NOSIP S100A6 S1PR4 ARPC5L ATP5O C19orf43 CD27 CTSC EIF3G GYPC HOPX PARK7 PPIA SRGN SSR4 VIM ANXA1 ATP6V1G1 CD247 CD3D,MASKED_GENE NKG7 CCL5 IL32 FTL PTPRCAP BTG1 CD74 GZMK HCST JUNB CD52 HNRNPA1 LTB NPM1 CD7 CLIC1 GZMA CD3E CTSW LDHB S100A4 ANXA5 CCDC107 CCNI EIF3L ERP29 GPX4 GZMH HIGD2A NOSIP S100A6 S1PR4 ARPC5L ATP5O C19orf43 CD27 CTSC EIF3G GYPC HOPX PARK7 PPIA SRGN SSR4 VIM ANXA1 ATP6V1G1 CD247 CD3D,GNLY NKG7 CCL5 IL32 FTL PTPRCAP BTG1 MASKED_GENE GZMK HCST JUNB CD52 HNRNPA1 LTB NPM1 CD7 CLIC1 GZMA CD3E CTSW LDHB S100A4 ANXA5 CCDC107 CCNI EIF3L ERP29 GPX4 GZMH HIGD2A NOSIP S100A6 S1PR4 ARPC5L ATP5O C19orf43 CD27 CTSC EIF3G GYPC HOPX PARK7 PPIA SRGN SSR4 VIM ANXA1 ATP6V1G1 CD247 CD3D
base,pbmc68k:TTCACCCTGCTTCC-5,TTCACCCTGCTTCC-5,5,CD8+/CD45RA+ Naive Cytotoxic,1,none,0,,0,,,,,,,,,,GNLY S100A4 IL32 FTL CCL5 GZMA PTPRCAP CD52 JUNB CD27 GZMB CD74 LTB S100A6 CD3D IL2RG NKG7 NOSIP CD37 CD3E CD7 CD8B EIF4A1 GZMK GZMM HCST HNRNPA1 IL7R NEDD8 S1PR4 SIT1 BTG1 CALM1 CTSD CTSW HLA-DRA HOPX IFITM2 LDHB LYAR POLD4 PRF1 PSMB6 STK17A SUB1 SUPT4H1 TAGLN2 TBC1D10C TIMP1 TOMM7,GNLY S100A4 IL32 FTL CCL5 GZMA PTPRCAP CD52 JUNB CD27 GZMB CD74 LTB S100A6 CD3D IL2RG NKG7 NOSIP CD37 CD3E CD7 CD8B EIF4A1 GZMK GZMM HCST HNRNPA1 IL7R NEDD8 S1PR4 SIT1 BTG1 CALM1 CTSD CTSW HLA-DRA HOPX IFITM2 LDHB LYAR POLD4 PRF1 PSMB6 STK17A SUB1 SUPT4H1 TAGLN2 TBC1D10C TIMP1 TOMM7,GNLY S100A4 IL32 FTL CCL5 GZMA PTPRCAP CD52 JUNB CD27 GZMB CD74 LTB S100A6 CD3D IL2RG NKG7 NOSIP CD37 CD3E CD7 CD8B EIF4A1 GZMK GZMM HCST HNRNPA1 IL7R NEDD8 S1PR4 SIT1 BTG1 CALM1 CTSD CTSW HLA-DRA HOPX IFITM2 LDHB LYAR POLD4 PRF1 PSMB6 STK17A SUB1 SUPT4H1 TAGLN2 TBC1D10C TIMP1 TOMM7
intervention,pbmc68k:TTCACCCTGCTTCC-5,TTCACCCTGCTTCC-5,5,CD8+/CD45RA+ Naive Cytotoxic,1,T_TCR_CD8,1,CD3D;CD3E;CD8B,3,CD3D,2.812,CD74,2.984,3,0.172,0.148438,0,2.82837,GNLY S100A4 IL32 FTL CCL5 GZMA PTPRCAP CD52 JUNB CD27 GZMB CD74 LTB S100A6 CD3D IL2RG NKG7 NOSIP CD37 CD3E CD7 CD8B EIF4A1 GZMK GZMM HCST HNRNPA1 IL7R NEDD8 S1PR4 SIT1 BTG1 CALM1 CTSD CTSW HLA-DRA HOPX IFITM2 LDHB LYAR POLD4 PRF1 PSMB6 STK17A SUB1 SUPT4H1 TAGLN2 TBC1D10C TIMP1 TOMM7,GNLY S100A4 IL32 FTL CCL5 GZMA PTPRCAP CD52 JUNB CD27 GZMB CD74 LTB S100A6 MASKED_GENE IL2RG NKG7 NOSIP CD37 CD3E CD7 CD8B EIF4A1 GZMK GZMM HCST HNRNPA1 IL7R NEDD8 S1PR4 SIT1 BTG1 CALM1 CTSD CTSW HLA-DRA HOPX IFITM2 LDHB LYAR POLD4 PRF1 PSMB6 STK17A SUB1 SUPT4H1 TAGLN2 TBC1D10C TIMP1 TOMM7,GNLY S100A4 IL32 FTL CCL5 GZMA PTPRCAP CD52 JUNB CD27 GZMB MASKED_GENE LTB S100A6 CD3D IL2RG NKG7 NOSIP CD37 CD3E CD7 CD8B EIF4A1 GZMK GZMM HCST HNRNPA1 IL7R NEDD8 S1PR4 SIT1 BTG1 CALM1 CTSD CTSW HLA-DRA HOPX IFITM2 LDHB LYAR POLD4 PRF1 PSMB6 STK17A SUB1 SUPT4H1 TAGLN2 TBC1D10C TIMP1 TOMM7
intervention,pbmc68k:TTCACCCTGCTTCC-5,TTCACCCTGCTTCC-5,5,CD8+/CD45RA+ Naive Cytotoxic,1,cytotoxic_effector,1,GNLY;CCL5;GZMA;GZMB;NKG7;GZMK;CTSW;PRF1,8,GNLY,4.585,S100A4,4.049,1,0.536,0.15625,2,3.6345,GNLY S100A4 IL32 FTL CCL5 GZMA PTPRCAP CD52 JUNB CD27 GZMB CD74 LTB S100A6 CD3D IL2RG NKG7 NOSIP CD37 CD3E CD7 CD8B EIF4A1 GZMK GZMM HCST HNRNPA1 IL7R NEDD8 S1PR4 SIT1 BTG1 CALM1 CTSD CTSW HLA-DRA HOPX IFITM2 LDHB LYAR POLD4 PRF1 PSMB6 STK17A SUB1 SUPT4H1 TAGLN2 TBC1D10C TIMP1 TOMM7,MASKED_GENE S100A4 IL32 FTL CCL5 GZMA PTPRCAP CD52 JUNB CD27 GZMB CD74 LTB S100A6 CD3D IL2RG NKG7 NOSIP CD37 CD3E CD7 CD8B EIF4A1 GZMK GZMM HCST HNRNPA1 IL7R NEDD8 S1PR4 SIT1 BTG1 CALM1 CTSD CTSW HLA-DRA HOPX IFITM2 LDHB LYAR POLD4 PRF1 PSMB6 STK17A SUB1 SUPT4H1 TAGLN2 TBC1D10C TIMP1 TOMM7,GNLY MASKED_GENE IL32 FTL CCL5 GZMA PTPRCAP CD52 JUNB CD27 GZMB CD74 LTB S100A6 CD3D IL2RG NKG7 NOSIP CD37 CD3E CD7 CD8B EIF4A1 GZMK GZMM HCST HNRNPA1 IL7R NEDD8 S1PR4 SIT1 BTG1 CALM1 CTSD CTSW HLA-DRA HOPX IFITM2 LDHB LYAR POLD4 PRF1 PSMB6 STK17A SUB1 SUPT4H1 TAGLN2 TBC1D10C TIMP1 TOMM7
base,pbmc68k:ACGCCGGAAGCCTA-6,ACGCCGGAAGCCTA-6,6,CD8+/CD45RA+ Naive Cytotoxic,1,none,0,,0,,,,,,,,,,NPM1 LDHB PTPRCAP FTL JUNB CD52 CUTA PPIA CCNI CD37 CD8B EIF3G EIF3L GYPC ISG20 ANAPC16 EIF4A1 FYB HIGD2A LTB OST4 REEP5 ANXA1 BTG1 CD7 CLIC1 COX6A1 DUSP2 ERP29 HNRNPA1 NDUFA4 NDUFS8 NENF NFKBIA SNHG7 SOD1 SRP14 SSR4 SUPT4H1 TAGLN2 TMBIM6 TRAPPC1 AES ANP32B ATP5J2 C19orf43 C6orf48 C9orf78 CCL5 CD3D,NPM1 LDHB PTPRCAP FTL JUNB CD52 CUTA PPIA CCNI CD37 CD8B EIF3G EIF3L GYPC ISG20 ANAPC16 EIF4A1 FYB HIGD2A LTB OST4 REEP5 ANXA1 BTG1 CD7 CLIC1 COX6A1 DUSP2 ERP29 HNRNPA1 NDUFA4 NDUFS8 NENF NFKBIA SNHG7 SOD1 SRP14 SSR4 SUPT4H1 TAGLN2 TMBIM6 TRAPPC1 AES ANP32B ATP5J2 C19orf43 C6orf48 C9orf78 CCL5 CD3D,NPM1 LDHB PTPRCAP FTL JUNB CD52 CUTA PPIA CCNI CD37 CD8B EIF3G EIF3L GYPC ISG20 ANAPC16 EIF4A1 FYB HIGD2A LTB OST4 REEP5 ANXA1 BTG1 CD7 CLIC1 COX6A1 DUSP2 ERP29 HNRNPA1 NDUFA4 NDUFS8 NENF NFKBIA SNHG7 SOD1 SRP14 SSR4 SUPT4H1 TAGLN2 TMBIM6 TRAPPC1 AES ANP32B ATP5J2 C19orf43 C6orf48 C9orf78 CCL5 CD3D
intervention,pbmc68k:ACGCCGGAAGCCTA-6,ACGCCGGAAGCCTA-6,6,CD8+/CD45RA+ Naive Cytotoxic,1,T_TCR_CD8,1,CD8B;CD3D,2,CD8B,2.69,ISG20,2.69,4,0,0,1,1.66667,NPM1 LDHB PTPRCAP FTL JUNB CD52 CUTA PPIA CCNI CD37 CD8B EIF3G EIF3L GYPC ISG20 ANAPC16 EIF4A1 FYB HIGD2A LTB OST4 REEP5 ANXA1 BTG1 CD7 CLIC1 COX6A1 DUSP2 ERP29 HNRNPA1 NDUFA4 NDUFS8 NENF NFKBIA SNHG7 SOD1 SRP14 SSR4 SUPT4H1 TAGLN2 TMBIM6 TRAPPC1 AES ANP32B ATP5J2 C19orf43 C6orf48 C9orf78 CCL5 CD3D,NPM1 LDHB PTPRCAP FTL JUNB CD52 CUTA PPIA CCNI CD37 MASKED_GENE EIF3G EIF3L GYPC ISG20 ANAPC16 EIF4A1 FYB HIGD2A LTB OST4 REEP5 ANXA1 BTG1 CD7 CLIC1 COX6A1 DUSP2 ERP29 HNRNPA1 NDUFA4 NDUFS8 NENF NFKBIA SNHG7 SOD1 SRP14 SSR4 SUPT4H1 TAGLN2 TMBIM6 TRAPPC1 AES ANP32B ATP5J2 C19orf43 C6orf48 C9orf78 CCL5 CD3D,NPM1 LDHB PTPRCAP FTL JUNB CD52 CUTA PPIA CCNI CD37 CD8B EIF3G EIF3L GYPC MASKED_GENE ANAPC16 EIF4A1 FYB HIGD2A LTB OST4 REEP5 ANXA1 BTG1 CD7 CLIC1 COX6A1 DUSP2 ERP29 HNRNPA1 NDUFA4 NDUFS8 NENF NFKBIA SNHG7 SOD1 SRP14 SSR4 SUPT4H1 TAGLN2 TMBIM6 TRAPPC1 AES ANP32B ATP5J2 C19orf43 C6orf48 C9orf78 CCL5 CD3D
intervention,pbmc68k:ACGCCGGAAGCCTA-6,ACGCCGGAAGCCTA-6,6,CD8+/CD45RA+ Naive Cytotoxic,1,cytotoxic_effector,1,CCL5,1,CCL5,2.063,AES,2.063,6,0,0.0234375,1,2.56771,NPM1 LDHB PTPRCAP FTL JUNB CD52 CUTA PPIA CCNI CD37 CD8B EIF3G EIF3L GYPC ISG20 ANAPC16 EIF4A1 FYB HIGD2A LTB OST4 REEP5 ANXA1 BTG1 CD7 CLIC1 COX6A1 DUSP2 ERP29 HNRNPA1 NDUFA4 NDUFS8 NENF NFKBIA SNHG7 SOD1 SRP14 SSR4 SUPT4H1 TAGLN2 TMBIM6 TRAPPC1 AES ANP32B ATP5J2 C19orf43 C6orf48 C9orf78 CCL5 CD3D,NPM1 LDHB PTPRCAP FTL JUNB CD52 CUTA PPIA CCNI CD37 CD8B EIF3G EIF3L GYPC ISG20 ANAPC16 EIF4A1 FYB HIGD2A LTB OST4 REEP5 ANXA1 BTG1 CD7 CLIC1 COX6A1 DUSP2 ERP29 HNRNPA1 NDUFA4 NDUFS8 NENF NFKBIA SNHG7 SOD1 SRP14 SSR4 SUPT4H1 TAGLN2 TMBIM6 TRAPPC1 AES ANP32B ATP5J2 C19orf43 C6orf48 C9orf78 MASKED_GENE CD3D,NPM1 LDHB PTPRCAP FTL JUNB CD52 CUTA PPIA CCNI CD37 CD8B EIF3G EIF3L GYPC ISG20 ANAPC16 EIF4A1 FYB HIGD2A LTB OST4 REEP5 ANXA1 BTG1 CD7 CLIC1 COX6A1 DUSP2 ERP29 HNRNPA1 NDUFA4 NDUFS8 NENF NFKBIA SNHG7 SOD1 SRP14 SSR4 SUPT4H1 TAGLN2 TMBIM6 TRAPPC1 MASKED_GENE ANP32B ATP5J2 C19orf43 C6orf48 C9orf78 CCL5 CD3D
base,pbmc68k:CACACCTGTGGATC-6,CACACCTGTGGATC-6,6,CD8+ Cytotoxic T,1,none,0,,0,,,,,,,,,,GNLY FTL CCL5 LTB JUNB CD52 FOS S100A4 IL32 GZMA CALM1 CD2 HNRNPA1 NKG7 S100A6 SRGN VIM C19orf43 CD3D GZMB GZMH ICAM3 PTPRC AES C9orf142 CST7 CTSW CUTA DNAJB1 HCST HNRNPK ID2 IFITM2 IL2RG LCK MZT2B NOSIP NPM1 PDAP1 PTPRCAP RBX1 SOD2 TPM3 ALKBH7 ANXA1 ARF6 ATP6V1G1 BLOC1S4 BTG1 C19orf53,GNLY FTL CCL5 LTB JUNB CD52 FOS S100A4 IL32 GZMA CALM1 CD2 HNRNPA1 NKG7 S100A6 SRGN VIM C19orf43 CD3D GZMB GZMH ICAM3 PTPRC AES C9orf142 CST7 CTSW CUTA DNAJB1 HCST HNRNPK ID2 IFITM2 IL2RG LCK MZT2B NOSIP NPM1 PDAP1 PTPRCAP RBX1 SOD2 TPM3 ALKBH7 ANXA1 ARF6 ATP6V1G1 BLOC1S4 BTG1 C19orf53,GNLY FTL CCL5 LTB JUNB CD52 FOS S100A4 IL32 GZMA CALM1 CD2 HNRNPA1 NKG7 S100A6 SRGN VIM C19orf43 CD3D GZMB GZMH ICAM3 PTPRC AES C9orf142 CST7 CTSW CUTA DNAJB1 HCST HNRNPK ID2 IFITM2 IL2RG LCK MZT2B NOSIP NPM1 PDAP1 PTPRCAP RBX1 SOD2 TPM3 ALKBH7 ANXA1 ARF6 ATP6V1G1 BLOC1S4 BTG1 C19orf53
intervention,pbmc68k:CACACCTGTGGATC-6,CACACCTGTGGATC-6,6,CD8+ Cytotoxic T,1,T_TCR_CD8,1,CD3D,1,CD3D,2.713,AES,2.447,5,0.266,0.0390625,1,2.92263,GNLY FTL CCL5 LTB JUNB CD52 FOS S100A4 IL32 GZMA CALM1 CD2 HNRNPA1 NKG7 S100A6 SRGN VIM C19orf43 CD3D GZMB GZMH ICAM3 PTPRC AES C9orf142 CST7 CTSW CUTA DNAJB1 HCST HNRNPK ID2 IFITM2 IL2RG LCK MZT2B NOSIP NPM1 PDAP1 PTPRCAP RBX1 SOD2 TPM3 ALKBH7 ANXA1 ARF6 ATP6V1G1 BLOC1S4 BTG1 C19orf53,GNLY FTL CCL5 LTB JUNB CD52 FOS S100A4 IL32 GZMA CALM1 CD2 HNRNPA1 NKG7 S100A6 SRGN VIM C19orf43 MASKED_GENE GZMB GZMH ICAM3 PTPRC AES C9orf142 CST7 CTSW CUTA DNAJB1 HCST HNRNPK ID2 IFITM2 IL2RG LCK MZT2B NOSIP NPM1 PDAP1 PTPRCAP RBX1 SOD2 TPM3 ALKBH7 ANXA1 ARF6 ATP6V1G1 BLOC1S4 BTG1 C19orf53,GNLY FTL CCL5 LTB JUNB CD52 FOS S100A4 IL32 GZMA CALM1 CD2 HNRNPA1 NKG7 S100A6 SRGN VIM C19orf43 CD3D GZMB GZMH ICAM3 PTPRC MASKED_GENE C9orf142 CST7 CTSW CUTA DNAJB1 HCST HNRNPK ID2 IFITM2 IL2RG LCK MZT2B NOSIP NPM1 PDAP1 PTPRCAP RBX1 SOD2 TPM3 ALKBH7 ANXA1 ARF6 ATP6V1G1 BLOC1S4 BTG1 C19orf53
intervention,pbmc68k:CACACCTGTGGATC-6,CACACCTGTGGATC-6,6,CD8+ Cytotoxic T,1,cytotoxic_effector,1,GNLY;CCL5;GZMA;NKG7;GZMB;GZMH;CTSW,7,GNLY,4.488,FTL,4.268,1,0.22,0.390625,1,5.01292,GNLY FTL CCL5 LTB JUNB CD52 FOS S100A4 IL32 GZMA CALM1 CD2 HNRNPA1 NKG7 S100A6 SRGN VIM C19orf43 CD3D GZMB GZMH ICAM3 PTPRC AES C9orf142 CST7 CTSW CUTA DNAJB1 HCST HNRNPK ID2 IFITM2 IL2RG LCK MZT2B NOSIP NPM1 PDAP1 PTPRCAP RBX1 SOD2 TPM3 ALKBH7 ANXA1 ARF6 ATP6V1G1 BLOC1S4 BTG1 C19orf53,MASKED_GENE FTL CCL5 LTB JUNB CD52 FOS S100A4 IL32 GZMA CALM1 CD2 HNRNPA1 NKG7 S100A6 SRGN VIM C19orf43 CD3D GZMB GZMH ICAM3 PTPRC AES C9orf142 CST7 CTSW CUTA DNAJB1 HCST HNRNPK ID2 IFITM2 IL2RG LCK MZT2B NOSIP NPM1 PDAP1 PTPRCAP RBX1 SOD2 TPM3 ALKBH7 ANXA1 ARF6 ATP6V1G1 BLOC1S4 BTG1 C19orf53,GNLY MASKED_GENE CCL5 LTB JUNB CD52 FOS S100A4 IL32 GZMA CALM1 CD2 HNRNPA1 NKG7 S100A6 SRGN VIM C19orf43 CD3D GZMB GZMH ICAM3 PTPRC AES C9orf142 CST7 CTSW CUTA DNAJB1 HCST HNRNPK ID2 IFITM2 IL2RG LCK MZT2B NOSIP NPM1 PDAP1 PTPRCAP RBX1 SOD2 TPM3 ALKBH7 ANXA1 ARF6 ATP6V1G1 BLOC1S4 BTG1 C19orf53
base,pbmc68k:CGTACCACAAGAAC-6,CGTACCACAAGAAC-6,6,CD8+ Cytotoxic T,1,none,0,,0,,,,,,,,,,GNLY FTL IL32 LTB S100A4 NKG7 CCL5 CD52 CLIC1 GZMB CD3D S100A6 CALM1 DDX5 GZMH JUNB CSTB GSTK1 GZMA HCST SRGN AES ANAPC16 BTG1 CD3E CD8A CUTA ICAM3 ID2 IFITM2 NPM1 PTPRC PTPRCAP RBX1 S100B SRSF7 TPM3 TRAPPC1 VIM C10orf54 C19orf43 C19orf53 CCDC115 CCR10 CD53 CD74 CD79B CLIC3 CNN2 COX7C,GNLY FTL IL32 LTB S100A4 NKG7 CCL5 CD52 CLIC1 GZMB CD3D S100A6 CALM1 DDX5 GZMH JUNB CSTB GSTK1 GZMA HCST SRGN AES ANAPC16 BTG1 CD3E CD8A CUTA ICAM3 ID2 IFITM2 NPM1 PTPRC PTPRCAP RBX1 S100B SRSF7 TPM3 TRAPPC1 VIM C10orf54 C19orf43 C19orf53 CCDC115 CCR10 CD53 CD74 CD79B CLIC3 CNN2 COX7C,GNLY FTL IL32 LTB S100A4 NKG7 CCL5 CD52 CLIC1 GZMB CD3D S100A6 CALM1 DDX5 GZMH JUNB CSTB GSTK1 GZMA HCST SRGN AES ANAPC16 BTG1 CD3E CD8A CUTA ICAM3 ID2 IFITM2 NPM1 PTPRC PTPRCAP RBX1 S100B SRSF7 TPM3 TRAPPC1 VIM C10orf54 C19orf43 C19orf53 CCDC115 CCR10 CD53 CD74 CD79B CLIC3 CNN2 COX7C
intervention,pbmc68k:CGTACCACAAGAAC-6,CGTACCACAAGAAC-6,6,CD8+ Cytotoxic T,1,T_TCR_CD8,1,CD3D;CD3E;CD8A,3,CD3D,3.192,S100A4,3.942,6,0.75,0.140625,2,5.57292,GNLY FTL IL32 LTB S100A4 NKG7 CCL5 CD52 CLIC1 GZMB CD3D S100A6 CALM1 DDX5 GZMH JUNB CSTB GSTK1 GZMA HCST SRGN AES ANAPC16 BTG1 CD3E CD8A CUTA ICAM3 ID2 IFITM2 NPM1 PTPRC PTPRCAP RBX1 S100B SRSF7 TPM3 TRAPPC1 VIM C10orf54 C19orf43 C19orf53 CCDC115 CCR10 CD53 CD74 CD79B CLIC3 CNN2 COX7C,GNLY FTL IL32 LTB S100A4 NKG7 CCL5 CD52 CLIC1 GZMB MASKED_GENE S100A6 CALM1 DDX5 GZMH JUNB CSTB GSTK1 GZMA HCST SRGN AES ANAPC16 BTG1 CD3E CD8A CUTA ICAM3 ID2 IFITM2 NPM1 PTPRC PTPRCAP RBX1 S100B SRSF7 TPM3 TRAPPC1 VIM C10orf54 C19orf43 C19orf53 CCDC115 CCR10 CD53 CD74 CD79B CLIC3 CNN2 COX7C,GNLY FTL IL32 LTB MASKED_GENE NKG7 CCL5 CD52 CLIC1 GZMB CD3D S100A6 CALM1 DDX5 GZMH JUNB CSTB GSTK1 GZMA HCST SRGN AES ANAPC16 BTG1 CD3E CD8A CUTA ICAM3 ID2 IFITM2 NPM1 PTPRC PTPRCAP RBX1 S100B SRSF7 TPM3 TRAPPC1 VIM C10orf54 C19orf43 C19orf53 CCDC115 CCR10 CD53 CD74 CD79B CLIC3 CNN2 COX7C
intervention,pbmc68k:CGTACCACAAGAAC-6,CGTACCACAAGAAC-6,6,CD8+ Cytotoxic T,1,cytotoxic_effector,1,GNLY;NKG7;CCL5;GZMB;GZMH;GZMA,6,GNLY,4.366,S100A4,3.942,4,0.424,0.15625,2,4.4105,GNLY FTL IL32 LTB S100A4 NKG7 CCL5 CD52 CLIC1 GZMB CD3D S100A6 CALM1 DDX5 GZMH JUNB CSTB GSTK1 GZMA HCST SRGN AES ANAPC16 BTG1 CD3E CD8A CUTA ICAM3 ID2 IFITM2 NPM1 PTPRC PTPRCAP RBX1 S100B SRSF7 TPM3 TRAPPC1 VIM C10orf54 C19orf43 C19orf53 CCDC115 CCR10 CD53 CD74 CD79B CLIC3 CNN2 COX7C,MASKED_GENE FTL IL32 LTB S100A4 NKG7 CCL5 CD52 CLIC1 GZMB CD3D S100A6 CALM1 DDX5 GZMH JUNB CSTB GSTK1 GZMA HCST SRGN AES ANAPC16 BTG1 CD3E CD8A CUTA ICAM3 ID2 IFITM2 NPM1 PTPRC PTPRCAP RBX1 S100B SRSF7 TPM3 TRAPPC1 VIM C10orf54 C19orf43 C19orf53 CCDC115 CCR10 CD53 CD74 CD79B CLIC3 CNN2 COX7C,GNLY FTL IL32 LTB MASKED_GENE NKG7 CCL5 CD52 CLIC1 GZMB CD3D S100A6 CALM1 DDX5 GZMH JUNB CSTB GSTK1 GZMA HCST SRGN AES ANAPC16 BTG1 CD3E CD8A CUTA ICAM3 ID2 IFITM2 NPM1 PTPRC PTPRCAP RBX1 S100B SRSF7 TPM3 TRAPPC1 VIM C10orf54 C19orf43 C19orf53 CCDC115 CCR10 CD53 CD74 CD79B CLIC3 CNN2 COX7C
base,pbmc68k:TTGTAGCTCAAAGA-6,TTGTAGCTCAAAGA-6,6,CD8+ Cytotoxic T,1,none,0,,0,,,,,,,,,,CCL5 GNLY NKG7 FTL CD52 LTB JUNB S100A4 CALM1 BTG1 HCST HNRNPA1 S100A6 CD3D DDX5 FOS PTPRCAP SRP14 CD74 COPE DHRS7 GYPC LDHB TMBIM6 EVL GZMA ICAM3 LDHA LY6E MTDH NPM1 PPA1 S100A10 SKP1 ADRM1 ATP6V1G1 BLOC1S4 C9orf142 CD37 CD3E CD7 CD8A COX7C CTSW CXCR4 EIF4A1 GPX4 HNRNPF IL32 LAMTOR4,CCL5 GNLY NKG7 FTL CD52 LTB JUNB S100A4 CALM1 BTG1 HCST HNRNPA1 S100A6 CD3D DDX5 FOS PTPRCAP SRP14 CD74 COPE DHRS7 GYPC LDHB TMBIM6 EVL GZMA ICAM3 LDHA LY6E MTDH NPM1 PPA1 S100A10 SKP1 ADRM1 ATP6V1G1 BLOC1S4 C9orf142 CD37 CD3E CD7 CD8A COX7C CTSW CXCR4 EIF4A1 GPX4 HNRNPF IL32 LAMTOR4,CCL5 GNLY NKG7 FTL CD52 LTB JUNB S100A4 CALM1 BTG1 HCST HNRNPA1 S100A6 CD3D DDX5 FOS PTPRCAP SRP14 CD74 COPE DHRS7 GYPC LDHB TMBIM6 EVL GZMA ICAM3 LDHA LY6E MTDH NPM1 PPA1 S100A10 SKP1 ADRM1 ATP6V1G1 BLOC1S4 C9orf142 CD37 CD3E CD7 CD8A COX7C CTSW CXCR4 EIF4A1 GPX4 HNRNPF IL32 LAMTOR4
intervention,pbmc68k:TTGTAGCTCAAAGA-6,TTGTAGCTCAAAGA-6,6,CD8+ Cytotoxic T,1,T_TCR_CD8,1,CD3D;CD3E;CD8A,3,CD3D,2.945,SRP14,2.945,4,0,0.179688,1,3.46354,CCL5 GNLY NKG7 FTL CD52 LTB JUNB S100A4 CALM1 BTG1 HCST HNRNPA1 S100A6 CD3D DDX5 FOS PTPRCAP SRP14 CD74 COPE DHRS7 GYPC LDHB TMBIM6 EVL GZMA ICAM3 LDHA LY6E MTDH NPM1 PPA1 S100A10 SKP1 ADRM1 ATP6V1G1 BLOC1S4 C9orf142 CD37 CD3E CD7 CD8A COX7C CTSW CXCR4 EIF4A1 GPX4 HNRNPF IL32 LAMTOR4,CCL5 GNLY NKG7 FTL CD52 LTB JUNB S100A4 CALM1 BTG1 HCST HNRNPA1 S100A6 MASKED_GENE DDX5 FOS PTPRCAP SRP14 CD74 COPE DHRS7 GYPC LDHB TMBIM6 EVL GZMA ICAM3 LDHA LY6E MTDH NPM1 PPA1 S100A10 SKP1 ADRM1 ATP6V1G1 BLOC1S4 C9orf142 CD37 CD3E CD7 CD8A COX7C CTSW CXCR4 EIF4A1 GPX4 HNRNPF IL32 LAMTOR4,CCL5 GNLY NKG7 FTL CD52 LTB JUNB S100A4 CALM1 BTG1 HCST HNRNPA1 S100A6 CD3D DDX5 FOS PTPRCAP MASKED_GENE CD74 COPE DHRS7 GYPC LDHB TMBIM6 EVL GZMA ICAM3 LDHA LY6E MTDH NPM1 PPA1 S100A10 SKP1 ADRM1 ATP6V1G1 BLOC1S4 C9orf142 CD37 CD3E CD7 CD8A COX7C CTSW CXCR4 EIF4A1 GPX4 HNRNPF IL32 LAMTOR4
intervention,pbmc68k:TTGTAGCTCAAAGA-6,TTGTAGCTCAAAGA-6,6,CD8+ Cytotoxic T,1,cytotoxic_effector,1,CCL5;GNLY;NKG7;GZMA;CTSW,5,CCL5,3.689,S100A4,3.332,7,0.357,0.15625,2,5.2765,CCL5 GNLY NKG7 FTL CD52 LTB JUNB S100A4 CALM1 BTG1 HCST HNRNPA1 S100A6 CD3D DDX5 FOS PTPRCAP SRP14 CD74 COPE DHRS7 GYPC LDHB TMBIM6 EVL GZMA ICAM3 LDHA LY6E MTDH NPM1 PPA1 S100A10 SKP1 ADRM1 ATP6V1G1 BLOC1S4 C9orf142 CD37 CD3E CD7 CD8A COX7C CTSW CXCR4 EIF4A1 GPX4 HNRNPF IL32 LAMTOR4,MASKED_GENE GNLY NKG7 FTL CD52 LTB JUNB S100A4 CALM1 BTG1 HCST HNRNPA1 S100A6 CD3D DDX5 FOS PTPRCAP SRP14 CD74 COPE DHRS7 GYPC LDHB TMBIM6 EVL GZMA ICAM3 LDHA LY6E MTDH NPM1 PPA1 S100A10 SKP1 ADRM1 ATP6V1G1 BLOC1S4 C9orf142 CD37 CD3E CD7 CD8A COX7C CTSW CXCR4 EIF4A1 GPX4 HNRNPF IL32 LAMTOR4,CCL5 GNLY NKG7 FTL CD52 LTB JUNB MASKED_GENE CALM1 BTG1 HCST HNRNPA1 S100A6 CD3D DDX5 FOS PTPRCAP SRP14 CD74 COPE DHRS7 GYPC LDHB TMBIM6 EVL GZMA ICAM3 LDHA LY6E MTDH NPM1 PPA1 S100A10 SKP1 ADRM1 ATP6V1G1 BLOC1S4 C9orf142 CD37 CD3E CD7 CD8A COX7C CTSW CXCR4 EIF4A1 GPX4 HNRNPF IL32 LAMTOR4
base,pbmc68k:ACGCAATGCATGCA-7,ACGCAATGCATGCA-7,7,CD8+ Cytotoxic T,1,none,0,,0,,,,,,,,,,CD74 S100A4 FTL CCL5 GNLY GZMB NKG7 EIF4A2 GZMH HLA-DRB1 HMGB2 STMN1 VIM HIST1H4C LDHB PTPRCAP S100A10 CALM1 GZMA PSMA7 TAGLN2 CTSW IL32 NPM1 S100A6 HSP90AB1 NOSIP CLIC1 CST7 HLA-DPA1 HNRNPA1 IFITM2 LTB PPIA PPIB EID1 LY6E PPDPF ATP5B CD2 CD3D CD52 DDX5 DEK ERH FGFBP2 IFITM1 IL2RG LSM4 PARK7,CD74 S100A4 FTL CCL5 GNLY GZMB NKG7 EIF4A2 GZMH HLA-DRB1 HMGB2 STMN1 VIM HIST1H4C LDHB PTPRCAP S100A10 CALM1 GZMA PSMA7 TAGLN2 CTSW IL32 NPM1 S100A6 HSP90AB1 NOSIP CLIC1 CST7 HLA-DPA1 HNRNPA1 IFITM2 LTB PPIA PPIB EID1 LY6E PPDPF ATP5B CD2 CD3D CD52 DDX5 DEK ERH FGFBP2 IFITM1 IL2RG LSM4 PARK7,CD74 S100A4 FTL CCL5 GNLY GZMB NKG7 EIF4A2 GZMH HLA-DRB1 HMGB2 STMN1 VIM HIST1H4C LDHB PTPRCAP S100A10 CALM1 GZMA PSMA7 TAGLN2 CTSW IL32 NPM1 S100A6 HSP90AB1 NOSIP CLIC1 CST7 HLA-DPA1 HNRNPA1 IFITM2 LTB PPIA PPIB EID1 LY6E PPDPF ATP5B CD2 CD3D CD52 DDX5 DEK ERH FGFBP2 IFITM1 IL2RG LSM4 PARK7
intervention,pbmc68k:ACGCAATGCATGCA-7,ACGCAATGCATGCA-7,7,CD8+ Cytotoxic T,1,T_TCR_CD8,1,CD3D,1,CD3D,2.281,PPIA,2.587,7,0.306,0.117188,0,4.11721,CD74 S100A4 FTL CCL5 GNLY GZMB NKG7 EIF4A2 GZMH HLA-DRB1 HMGB2 STMN1 VIM HIST1H4C LDHB PTPRCAP S100A10 CALM1 GZMA PSMA7 TAGLN2 CTSW IL32 NPM1 S100A6 HSP90AB1 NOSIP CLIC1 CST7 HLA-DPA1 HNRNPA1 IFITM2 LTB PPIA PPIB EID1 LY6E PPDPF ATP5B CD2 CD3D CD52 DDX5 DEK ERH FGFBP2 IFITM1 IL2RG LSM4 PARK7,CD74 S100A4 FTL CCL5 GNLY GZMB NKG7 EIF4A2 GZMH HLA-DRB1 HMGB2 STMN1 VIM HIST1H4C LDHB PTPRCAP S100A10 CALM1 GZMA PSMA7 TAGLN2 CTSW IL32 NPM1 S100A6 HSP90AB1 NOSIP CLIC1 CST7 HLA-DPA1 HNRNPA1 IFITM2 LTB PPIA PPIB EID1 LY6E PPDPF ATP5B CD2 MASKED_GENE CD52 DDX5 DEK ERH FGFBP2 IFITM1 IL2RG LSM4 PARK7,CD74 S100A4 FTL CCL5 GNLY GZMB NKG7 EIF4A2 GZMH HLA-DRB1 HMGB2 STMN1 VIM HIST1H4C LDHB PTPRCAP S100A10 CALM1 GZMA PSMA7 TAGLN2 CTSW IL32 NPM1 S100A6 HSP90AB1 NOSIP CLIC1 CST7 HLA-DPA1 HNRNPA1 IFITM2 LTB MASKED_GENE PPIB EID1 LY6E PPDPF ATP5B CD2 CD3D CD52 DDX5 DEK ERH FGFBP2 IFITM1 IL2RG LSM4 PARK7
intervention,pbmc68k:ACGCAATGCATGCA-7,ACGCAATGCATGCA-7,7,CD8+ Cytotoxic T,1,cytotoxic_effector,1,CCL5;GNLY;GZMB;NKG7;GZMH;GZMA;CTSW;FGFBP2,8,CCL5,3.68,CD74,3.88,3,0.2,0.132812,0,2.72813,CD74 S100A4 FTL CCL5 GNLY GZMB NKG7 EIF4A2 GZMH HLA-DRB1 HMGB2 STMN1 VIM HIST1H4C LDHB PTPRCAP S100A10 CALM1 GZMA PSMA7 TAGLN2 CTSW IL32 NPM1 S100A6 HSP90AB1 NOSIP CLIC1 CST7 HLA-DPA1 HNRNPA1 IFITM2 LTB PPIA PPIB EID1 LY6E PPDPF ATP5B CD2 CD3D CD52 DDX5 DEK ERH FGFBP2 IFITM1 IL2RG LSM4 PARK7,CD74 S100A4 FTL MASKED_GENE GNLY GZMB NKG7 EIF4A2 GZMH HLA-DRB1 HMGB2 STMN1 VIM HIST1H4C LDHB PTPRCAP S100A10 CALM1 GZMA PSMA7 TAGLN2 CTSW IL32 NPM1 S100A6 HSP90AB1 NOSIP CLIC1 CST7 HLA-DPA1 HNRNPA1 IFITM2 LTB PPIA PPIB EID1 LY6E PPDPF ATP5B CD2 CD3D CD52 DDX5 DEK ERH FGFBP2 IFITM1 IL2RG LSM4 PARK7,MASKED_GENE S100A4 FTL CCL5 GNLY GZMB NKG7 EIF4A2 GZMH HLA-DRB1 HMGB2 STMN1 VIM HIST1H4C LDHB PTPRCAP S100A10 CALM1 GZMA PSMA7 TAGLN2 CTSW IL32 NPM1 S100A6 HSP90AB1 NOSIP CLIC1 CST7 HLA-DPA1 HNRNPA1 IFITM2 LTB PPIA PPIB EID1 LY6E PPDPF ATP5B CD2 CD3D CD52 DDX5 DEK ERH FGFBP2 IFITM1 IL2RG LSM4 PARK7
base,pbmc68k:AGAGAATGTCACCC-7,AGAGAATGTCACCC-7,7,CD8+ Cytotoxic T,1,none,0,,0,,,,,,,,,,FTL LTB GNLY IL2RG BTG1 CCL5 IL32 PPDPF CD3D GZMA NKG7 CTSW HNRNPA1 RNASET2 S100A6 ATP6V1G1 CD27 CD3G CLIC1 DDX5 EIF3G FCGR3A FGFBP2 JUNB LDHB NBEAL1 S100A10 SELT SRP14 ARL6IP5 CD53 CST7 CUTA GSTK1 HNRNPF ID2 LY6E MEAF6 OST4 PPP2R5C PRDX1 PRF1 PSMD7 PTPRCAP RBX1 S100A4 SAP18 TAGLN2 VIM ATP5B,FTL LTB GNLY IL2RG BTG1 CCL5 IL32 PPDPF CD3D GZMA NKG7 CTSW HNRNPA1 RNASET2 S100A6 ATP6V1G1 CD27 CD3G CLIC1 DDX5 EIF3G FCGR3A FGFBP2 JUNB LDHB NBEAL1 S100A10 SELT SRP14 ARL6IP5 CD53 CST7 CUTA GSTK1 HNRNPF ID2 LY6E MEAF6 OST4 PPP2R5C PRDX1 PRF1 PSMD7 PTPRCAP RBX1 S100A4 SAP18 TAGLN2 VIM ATP5B,FTL LTB GNLY IL2RG BTG1 CCL5 IL32 PPDPF CD3D GZMA NKG7 CTSW HNRNPA1 RNASET2 S100A6 ATP6V1G1 CD27 CD3G CLIC1 DDX5 EIF3G FCGR3A FGFBP2 JUNB LDHB NBEAL1 S100A10 SELT SRP14 ARL6IP5 CD53 CST7 CUTA GSTK1 HNRNPF ID2 LY6E MEAF6 OST4 PPP2R5C PRDX1 PRF1 PSMD7 PTPRCAP RBX1 S100A4 SAP18 TAGLN2 VIM ATP5B
intervention,pbmc68k:AGAGAATGTCACCC-7,AGAGAATGTCACCC-7,7,CD8+ Cytotoxic T,1,T_TCR_CD8,1,CD3D;CD3G,2,CD3D,3.144,HNRNPA1,2.825,4,0.319,0.210938,3,5.08071,FTL LTB GNLY IL2RG BTG1 CCL5 IL32 PPDPF CD3D GZMA NKG7 CTSW HNRNPA1 RNASET2 S100A6 ATP6V1G1 CD27 CD3G CLIC1 DDX5 EIF3G FCGR3A FGFBP2 JUNB LDHB NBEAL1 S100A10 SELT SRP14 ARL6IP5 CD53 CST7 CUTA GSTK1 HNRNPF ID2 LY6E MEAF6 OST4 PPP2R5C PRDX1 PRF1 PSMD7 PTPRCAP RBX1 S100A4 SAP18 TAGLN2 VIM ATP5B,FTL LTB GNLY IL2RG BTG1 CCL5 IL32 PPDPF MASKED_GENE GZMA NKG7 CTSW HNRNPA1 RNASET2 S100A6 ATP6V1G1 CD27 CD3G CLIC1 DDX5 EIF3G FCGR3A FGFBP2 JUNB LDHB NBEAL1 S100A10 SELT SRP14 ARL6IP5 CD53 CST7 CUTA GSTK1 HNRNPF ID2 LY6E MEAF6 OST4 PPP2R5C PRDX1 PRF1 PSMD7 PTPRCAP RBX1 S100A4 SAP18 TAGLN2 VIM ATP5B,FTL LTB GNLY IL2RG BTG1 CCL5 IL32 PPDPF CD3D GZMA NKG7 CTSW MASKED_GENE RNASET2 S100A6 ATP6V1G1 CD27 CD3G CLIC1 DDX5 EIF3G FCGR3A FGFBP2 JUNB LDHB NBEAL1 S100A10 SELT SRP14 ARL6IP5 CD53 CST7 CUTA GSTK1 HNRNPF ID2 LY6E MEAF6 OST4 PPP2R5C PRDX1 PRF1 PSMD7 PTPRCAP RBX1 S100A4 SAP18 TAGLN2 VIM ATP5B
intervention,pbmc68k:AGAGAATGTCACCC-7,AGAGAATGTCACCC-7,7,CD8+ Cytotoxic T,1,cytotoxic_effector,1,GNLY;CCL5;GZMA;NKG7;CTSW;FGFBP2;PRF1,7,GNLY,3.488,IL2RG,3.488,1,0,0.304688,1,3.71354,FTL LTB GNLY IL2RG BTG1 CCL5 IL32 PPDPF CD3D GZMA NKG7 CTSW HNRNPA1 RNASET2 S100A6 ATP6V1G1 CD27 CD3G CLIC1 DDX5 EIF3G FCGR3A FGFBP2 JUNB LDHB NBEAL1 S100A10 SELT SRP14 ARL6IP5 CD53 CST7 CUTA GSTK1 HNRNPF ID2 LY6E MEAF6 OST4 PPP2R5C PRDX1 PRF1 PSMD7 PTPRCAP RBX1 S100A4 SAP18 TAGLN2 VIM ATP5B,FTL LTB MASKED_GENE IL2RG BTG1 CCL5 IL32 PPDPF CD3D GZMA NKG7 CTSW HNRNPA1 RNASET2 S100A6 ATP6V1G1 CD27 CD3G CLIC1 DDX5 EIF3G FCGR3A FGFBP2 JUNB LDHB NBEAL1 S100A10 SELT SRP14 ARL6IP5 CD53 CST7 CUTA GSTK1 HNRNPF ID2 LY6E MEAF6 OST4 PPP2R5C PRDX1 PRF1 PSMD7 PTPRCAP RBX1 S100A4 SAP18 TAGLN2 VIM ATP5B,FTL LTB GNLY MASKED_GENE BTG1 CCL5 IL32 PPDPF CD3D GZMA NKG7 CTSW HNRNPA1 RNASET2 S100A6 ATP6V1G1 CD27 CD3G CLIC1 DDX5 EIF3G FCGR3A FGFBP2 JUNB LDHB NBEAL1 S100A10 SELT SRP14 ARL6IP5 CD53 CST7 CUTA GSTK1 HNRNPF ID2 LY6E MEAF6 OST4 PPP2R5C PRDX1 PRF1 PSMD7 PTPRCAP RBX1 S100A4 SAP18 TAGLN2 VIM ATP5B
base,pbmc68k:AGCTGCCTCTACCC-7,AGCTGCCTCTACCC-7,7,CD8+ Cytotoxic T,1,none,0,,0,,,,,,,,,,LTB IL32 FTL S100A4 GNLY CD52 PTPRCAP CCL5 DDX5 S100A6 NPM1 NKG7 CALM1 GYPC GZMH IFITM2 LDHB LY6E ATP5J2 BTG1 COX6A1 CRIP1 DYNLRB1 EIF3L GIMAP7 GZMA HNRNPA1 IL2RG JUNB OST4 SRP14 TAGLN2 C19orf43 CD37 CD3D CD3E COPE CTSH EIF3G EIF4A1 EIF4A2 FGFBP2 GPX4 GSTK1 GSTP1 HNRNPF KLRG1 LCK NDUFAF3 NDUFB11,LTB IL32 FTL S100A4 GNLY CD52 PTPRCAP CCL5 DDX5 S100A6 NPM1 NKG7 CALM1 GYPC GZMH IFITM2 LDHB LY6E ATP5J2 BTG1 COX6A1 CRIP1 DYNLRB1 EIF3L GIMAP7 GZMA HNRNPA1 IL2RG JUNB OST4 SRP14 TAGLN2 C19orf43 CD37 CD3D CD3E COPE CTSH EIF3G EIF4A1 EIF4A2 FGFBP2 GPX4 GSTK1 GSTP1 HNRNPF KLRG1 LCK NDUFAF3 NDUFB11,LTB IL32 FTL S100A4 GNLY CD52 PTPRCAP CCL5 DDX5 S100A6 NPM1 NKG7 CALM1 GYPC GZMH IFITM2 LDHB LY6E ATP5J2 BTG1 COX6A1 CRIP1 DYNLRB1 EIF3L GIMAP7 GZMA HNRNPA1 IL2RG JUNB OST4 SRP14 TAGLN2 C19orf43 CD37 CD3D CD3E COPE CTSH EIF3G EIF4A1 EIF4A2 FGFBP2 GPX4 GSTK1 GSTP1 HNRNPF KLRG1 LCK NDUFAF3 NDUFB11
intervention,pbmc68k:AGCTGCCTCTACCC-7,AGCTGCCTCTACCC-7,7,CD8+ Cytotoxic T,1,T_TCR_CD8,1,CD3D;CD3E,2,CD3D,2.213,CD37,2.213,1,0,0.15625,0,1.89583,LTB IL32 FTL S100A4 GNLY CD52 PTPRCAP CCL5 DDX5 S100A6 NPM1 NKG7 CALM1 GYPC GZMH IFITM2 LDHB LY6E ATP5J2 BTG1 COX6A1 CRIP1 DYNLRB1 EIF3L GIMAP7 GZMA HNRNPA1 IL2RG JUNB OST4 SRP14 TAGLN2 C19orf43 CD37 CD3D CD3E COPE CTSH EIF3G EIF4A1 EIF4A2 FGFBP2 GPX4 GSTK1 GSTP1 HNRNPF KLRG1 LCK NDUFAF3 NDUFB11,LTB IL32 FTL S100A4 GNLY CD52 PTPRCAP CCL5 DDX5 S100A6 NPM1 NKG7 CALM1 GYPC GZMH IFITM2 LDHB LY6E ATP5J2 BTG1 COX6A1 CRIP1 DYNLRB1 EIF3L GIMAP7 GZMA HNRNPA1 IL2RG JUNB OST4 SRP14 TAGLN2 C19orf43 CD37 MASKED_GENE CD3E COPE CTSH EIF3G EIF4A1 EIF4A2 FGFBP2 GPX4 GSTK1 GSTP1 HNRNPF KLRG1 LCK NDUFAF3 NDUFB11,LTB IL32 FTL S100A4 GNLY CD52 PTPRCAP CCL5 DDX5 S100A6 NPM1 NKG7 CALM1 GYPC GZMH IFITM2 LDHB LY6E ATP5J2 BTG1 COX6A1 CRIP1 DYNLRB1 EIF3L GIMAP7 GZMA HNRNPA1 IL2RG JUNB OST4 SRP14 TAGLN2 C19orf43 MASKED_GENE CD3D CD3E COPE CTSH EIF3G EIF4A1 EIF4A2 FGFBP2 GPX4 GSTK1 GSTP1 HNRNPF KLRG1 LCK NDUFAF3 NDUFB11
intervention,pbmc68k:AGCTGCCTCTACCC-7,AGCTGCCTCTACCC-7,7,CD8+ Cytotoxic T,1,cytotoxic_effector,1,GNLY;CCL5;NKG7;GZMH;GZMA;FGFBP2,6,GNLY,3.429,S100A4,3.73,1,0.301,0.15625,2,3.1645,LTB IL32 FTL S100A4 GNLY CD52 PTPRCAP CCL5 DDX5 S100A6 NPM1 NKG7 CALM1 GYPC GZMH IFITM2 LDHB LY6E ATP5J2 BTG1 COX6A1 CRIP1 DYNLRB1 EIF3L GIMAP7 GZMA HNRNPA1 IL2RG JUNB OST4 SRP14 TAGLN2 C19orf43 CD37 CD3D CD3E COPE CTSH EIF3G EIF4A1 EIF4A2 FGFBP2 GPX4 GSTK1 GSTP1 HNRNPF KLRG1 LCK NDUFAF3 NDUFB11,LTB IL32 FTL S100A4 MASKED_GENE CD52 PTPRCAP CCL5 DDX5 S100A6 NPM1 NKG7 CALM1 GYPC GZMH IFITM2 LDHB LY6E ATP5J2 BTG1 COX6A1 CRIP1 DYNLRB1 EIF3L GIMAP7 GZMA HNRNPA1 IL2RG JUNB OST4 SRP14 TAGLN2 C19orf43 CD37 CD3D CD3E COPE CTSH EIF3G EIF4A1 EIF4A2 FGFBP2 GPX4 GSTK1 GSTP1 HNRNPF KLRG1 LCK NDUFAF3 NDUFB11,LTB IL32 FTL MASKED_GENE GNLY CD52 PTPRCAP CCL5 DDX5 S100A6 NPM1 NKG7 CALM1 GYPC GZMH IFITM2 LDHB LY6E ATP5J2 BTG1 COX6A1 CRIP1 DYNLRB1 EIF3L GIMAP7 GZMA HNRNPA1 IL2RG JUNB OST4 SRP14 TAGLN2 C19orf43 CD37 CD3D CD3E COPE CTSH EIF3G EIF4A1 EIF4A2 FGFBP2 GPX4 GSTK1 GSTP1 HNRNPF KLRG1 LCK NDUFAF3 NDUFB11
base,pbmc68k:ATTCGGGAGTTCAG-7,ATTCGGGAGTTCAG-7,7,CD8+/CD45RA+ Naive Cytotoxic,1,none,0,,0,,,,,,,,,,JUNB FTL IL32 LTB VIM CD74 CD27 S100A4 CCL5 CD52 BTG1 PPDPF PTPRCAP CD37 CTSW IGBP1 NDUFA4 NFKBIA NPM1 ANXA1 APH1A ARID4B C19orf43 CAP1 CD2 CD247 CD3G CD53 CD7 DDX5 EIF3L EVL HNRNPA1 IL2RG ISG20 LCK LDHB MEAF6 MIF NAP1L1 SRSF7 ALKBH7 ANAPC16 APMAP ARL6IP5 ARPC5L ATP5I ATP5J2 ATP5O ATPIF1,JUNB FTL IL32 LTB VIM CD74 CD27 S100A4 CCL5 CD52 BTG1 PPDPF PTPRCAP CD37 CTSW IGBP1 NDUFA4 NFKBIA NPM1 ANXA1 APH1A ARID4B C19orf43 CAP1 CD2 CD247 CD3G CD53 CD7 DDX5 EIF3L EVL HNRNPA1 IL2RG ISG20 LCK LDHB MEAF6 MIF NAP1L1 SRSF7 ALKBH7 ANAPC16 APMAP ARL6IP5 ARPC5L ATP5I ATP5J2 ATP5O ATPIF1,JUNB FTL IL32 LTB VIM CD74 CD27 S100A4 CCL5 CD52 BTG1 PPDPF PTPRCAP CD37 CTSW IGBP1 NDUFA4 NFKBIA NPM1 ANXA1 APH1A ARID4B C19orf43 CAP1 CD2 CD247 CD3G CD53 CD7 DDX5 EIF3L EVL HNRNPA1 IL2RG ISG20 LCK LDHB MEAF6 MIF NAP1L1 SRSF7 ALKBH7 ANAPC16 APMAP ARL6IP5 ARPC5L ATP5I ATP5J2 ATP5O ATPIF1
intervention,pbmc68k:ATTCGGGAGTTCAG-7,ATTCGGGAGTTCAG-7,7,CD8+/CD45RA+ Naive Cytotoxic,1,T_TCR_CD8,1,CD3G,1,CD3G,2.301,CD53,2.301,1,0,0.210938,0,2.44271,JUNB FTL IL32 LTB VIM CD74 CD27 S100A4 CCL5 CD52 BTG1 PPDPF PTPRCAP CD37 CTSW IGBP1 NDUFA4 NFKBIA NPM1 ANXA1 APH1A ARID4B C19orf43 CAP1 CD2 CD247 CD3G CD53 CD7 DDX5 EIF3L EVL HNRNPA1 IL2RG ISG20 LCK LDHB MEAF6 MIF NAP1L1 SRSF7 ALKBH7 ANAPC16 APMAP ARL6IP5 ARPC5L ATP5I ATP5J2 ATP5O ATPIF1,JUNB FTL IL32 LTB VIM CD74 CD27 S100A4 CCL5 CD52 BTG1 PPDPF PTPRCAP CD37 CTSW IGBP1 NDUFA4 NFKBIA NPM1 ANXA1 APH1A ARID4B C19orf43 CAP1 CD2 CD247 MASKED_GENE CD53 CD7 DDX5 EIF3L EVL HNRNPA1 IL2RG ISG20 LCK LDHB MEAF6 MIF NAP1L1 SRSF7 ALKBH7 ANAPC16 APMAP ARL6IP5 ARPC5L ATP5I ATP5J2 ATP5O ATPIF1,JUNB FTL IL32 LTB VIM CD74 CD27 S100A4 CCL5 CD52 BTG1 PPDPF PTPRCAP CD37 CTSW IGBP1 NDUFA4 NFKBIA NPM1 ANXA1 APH1A ARID4B C19orf43 CAP1 CD2 CD247 CD3G MASKED_GENE CD7 DDX5 EIF3L EVL HNRNPA1 IL2RG ISG20 LCK LDHB MEAF6 MIF NAP1L1 SRSF7 ALKBH7 ANAPC16 APMAP ARL6IP5 ARPC5L ATP5I ATP5J2 ATP5O ATPIF1
intervention,pbmc68k:ATTCGGGAGTTCAG-7,ATTCGGGAGTTCAG-7,7,CD8+/CD45RA+ Naive Cytotoxic,1,cytotoxic_effector,1,CCL5;CTSW,2,CCL5,2.943,CD74,3.331,3,0.388,0.132812,0,3.10413,JUNB FTL IL32 LTB VIM CD74 CD27 S100A4 CCL5 CD52 BTG1 PPDPF PTPRCAP CD37 CTSW IGBP1 NDUFA4 NFKBIA NPM1 ANXA1 APH1A ARID4B C19orf43 CAP1 CD2 CD247 CD3G CD53 CD7 DDX5 EIF3L EVL HNRNPA1 IL2RG ISG20 LCK LDHB MEAF6 MIF NAP1L1 SRSF7 ALKBH7 ANAPC16 APMAP ARL6IP5 ARPC5L ATP5I ATP5J2 ATP5O ATPIF1,JUNB FTL IL32 LTB VIM CD74 CD27 S100A4 MASKED_GENE CD52 BTG1 PPDPF PTPRCAP CD37 CTSW IGBP1 NDUFA4 NFKBIA NPM1 ANXA1 APH1A ARID4B C19orf43 CAP1 CD2 CD247 CD3G CD53 CD7 DDX5 EIF3L EVL HNRNPA1 IL2RG ISG20 LCK LDHB MEAF6 MIF NAP1L1 SRSF7 ALKBH7 ANAPC16 APMAP ARL6IP5 ARPC5L ATP5I ATP5J2 ATP5O ATPIF1,JUNB FTL IL32 LTB VIM MASKED_GENE CD27 S100A4 CCL5 CD52 BTG1 PPDPF PTPRCAP CD37 CTSW IGBP1 NDUFA4 NFKBIA NPM1 ANXA1 APH1A ARID4B C19orf43 CAP1 CD2 CD247 CD3G CD53 CD7 DDX5 EIF3L EVL HNRNPA1 IL2RG ISG20 LCK LDHB MEAF6 MIF NAP1L1 SRSF7 ALKBH7 ANAPC16 APMAP ARL6IP5 ARPC5L ATP5I ATP5J2 ATP5O ATPIF1
base,pbmc68k:CGTCAAGAGTACAC-7,CGTCAAGAGTACAC-7,7,CD8+/CD45RA+ Naive Cytotoxic,1,none,0,,0,,,,,,,,,,NPM1 LTB S100A4 NOSIP S100B AES CD52 CLIC1 EID1 IFITM2 NKG7 PTPRCAP BTG1 GIMAP7 GZMA HCST IL32 LDHB MZT2B NBEAL1 NDUFB2 VIM ANXA1 ATP6V0E1 ATP6V1G1 BIN3 C19orf43 C6orf48 CCNI CD37 CD3D CD3E EIF3E EIF3L FGFR1OP2 FLT3LG FTL GPX4 HNRNPA1 ID2 KLRB1 LDHA POLR2G S100A6 SERPINB1 SRGN ANP32B AP2S1 ARL4C ATP5I,NPM1 LTB S100A4 NOSIP S100B AES CD52 CLIC1 EID1 IFITM2 NKG7 PTPRCAP BTG1 GIMAP7 GZMA HCST IL32 LDHB MZT2B NBEAL1 NDUFB2 VIM ANXA1 ATP6V0E1 ATP6V1G1 BIN3 C19orf43 C6orf48 CCNI CD37 CD3D CD3E EIF3E EIF3L FGFR1OP2 FLT3LG FTL GPX4 HNRNPA1 ID2 KLRB1 LDHA POLR2G S100A6 SERPINB1 SRGN ANP32B AP2S1 ARL4C ATP5I,NPM1 LTB S100A4 NOSIP S100B AES CD52 CLIC1 EID1 IFITM2 NKG7 PTPRCAP BTG1 GIMAP7 GZMA HCST IL32 LDHB MZT2B NBEAL1 NDUFB2 VIM ANXA1 ATP6V0E1 ATP6V1G1 BIN3 C19orf43 C6orf48 CCNI CD37 CD3D CD3E EIF3E EIF3L FGFR1OP2 FLT3LG FTL GPX4 HNRNPA1 ID2 KLRB1 LDHA POLR2G S100A6 SERPINB1 SRGN ANP32B AP2S1 ARL4C ATP5I
intervention,pbmc68k:CGTCAAGAGTACAC-7,CGTCAAGAGTACAC-7,7,CD8+/CD45RA+ Naive Cytotoxic,1,T_TCR_CD8,1,CD3D;CD3E,2,CD3D,2.279,CD37,2.279,1,0,0.15625,0,1.89583,NPM1 LTB S100A4 NOSIP S100B AES CD52 CLIC1 EID1 IFITM2 NKG7 PTPRCAP BTG1 GIMAP7 GZMA HCST IL32 LDHB MZT2B NBEAL1 NDUFB2 VIM ANXA1 ATP6V0E1 ATP6V1G1 BIN3 C19orf43 C6orf48 CCNI CD37 CD3D CD3E EIF3E EIF3L FGFR1OP2 FLT3LG FTL GPX4 HNRNPA1 ID2 KLRB1 LDHA POLR2G S100A6 SERPINB1 SRGN ANP32B AP2S1 ARL4C ATP5I,NPM1 LTB S100A4 NOSIP S100B AES CD52 CLIC1 EID1 IFITM2 NKG7 PTPRCAP BTG1 GIMAP7 GZMA HCST IL32 LDHB MZT2B NBEAL1 NDUFB2 VIM ANXA1 ATP6V0E1 ATP6V1G1 BIN3 C19orf43 C6orf48 CCNI CD37 MASKED_GENE CD3E EIF3E EIF3L FGFR1OP2 FLT3LG FTL GPX4 HNRNPA1 ID2 KLRB1 LDHA POLR2G S100A6 SERPINB1 SRGN ANP32B AP2S1 ARL4C ATP5I,NPM1 LTB S100A4 NOSIP S100B AES CD52 CLIC1 EID1 IFITM2 NKG7 PTPRCAP BTG1 GIMAP7 GZMA HCST IL32 LDHB MZT2B NBEAL1 NDUFB2 VIM ANXA1 ATP6V0E1 ATP6V1G1 BIN3 C19orf43 C6orf48 CCNI MASKED_GENE CD3D CD3E EIF3E EIF3L FGFR1OP2 FLT3LG FTL GPX4 HNRNPA1 ID2 KLRB1 LDHA POLR2G S100A6 SERPINB1 SRGN ANP32B AP2S1 ARL4C ATP5I
intervention,pbmc68k:CGTCAAGAGTACAC-7,CGTCAAGAGTACAC-7,7,CD8+/CD45RA+ Naive Cytotoxic,1,cytotoxic_effector,1,NKG7;GZMA,2,NKG7,2.748,PTPRCAP,2.748,1,0,0.148438,3,2.81771,NPM1 LTB S100A4 NOSIP S100B AES CD52 CLIC1 EID1 IFITM2 NKG7 PTPRCAP BTG1 GIMAP7 GZMA HCST IL32 LDHB MZT2B NBEAL1 NDUFB2 VIM ANXA1 ATP6V0E1 ATP6V1G1 BIN3 C19orf43 C6orf48 CCNI CD37 CD3D CD3E EIF3E EIF3L FGFR1OP2 FLT3LG FTL GPX4 HNRNPA1 ID2 KLRB1 LDHA POLR2G S100A6 SERPINB1 SRGN ANP32B AP2S1 ARL4C ATP5I,NPM1 LTB S100A4 NOSIP S100B AES CD52 CLIC1 EID1 IFITM2 MASKED_GENE PTPRCAP BTG1 GIMAP7 GZMA HCST IL32 LDHB MZT2B NBEAL1 NDUFB2 VIM ANXA1 ATP6V0E1 ATP6V1G1 BIN3 C19orf43 C6orf48 CCNI CD37 CD3D CD3E EIF3E EIF3L FGFR1OP2 FLT3LG FTL GPX4 HNRNPA1 ID2 KLRB1 LDHA POLR2G S100A6 SERPINB1 SRGN ANP32B AP2S1 ARL4C ATP5I,NPM1 LTB S100A4 NOSIP S100B AES CD52 CLIC1 EID1 IFITM2 NKG7 MASKED_GENE BTG1 GIMAP7 GZMA HCST IL32 LDHB MZT2B NBEAL1 NDUFB2 VIM ANXA1 ATP6V0E1 ATP6V1G1 BIN3 C19orf43 C6orf48 CCNI CD37 CD3D CD3E EIF3E EIF3L FGFR1OP2 FLT3LG FTL GPX4 HNRNPA1 ID2 KLRB1 LDHA POLR2G S100A6 SERPINB1 SRGN ANP32B AP2S1 ARL4C ATP5I
base,pbmc68k:CTTAAAGATTGAGC-7,CTTAAAGATTGAGC-7,7,CD56+ NK,0,none,0,,0,,,,,,,,,,GNLY CCL5 FTL CD7 DUSP2 BTG1 MATK TXNIP CD52 GZMA IL32 PLAC8 IL2RG CAP1 CD63 DAP3 GZMK LTB OST4 PTPRCAP SAP18 ATP6V1G1 CD2 CD3D CD74 CLPP COX6A1 CTSW EIF4A1 EIF4A2 FCER1G FOS GIMAP7 GPX4 HCST HLA-DRB1 ID2 IMP3 JUNB PARK7 SRP14 AES ALOX5AP ATP6V0E1 C9orf78 CALM1 CCNI CCT6A CD37 CNPY3,GNLY CCL5 FTL CD7 DUSP2 BTG1 MATK TXNIP CD52 GZMA IL32 PLAC8 IL2RG CAP1 CD63 DAP3 GZMK LTB OST4 PTPRCAP SAP18 ATP6V1G1 CD2 CD3D CD74 CLPP COX6A1 CTSW EIF4A1 EIF4A2 FCER1G FOS GIMAP7 GPX4 HCST HLA-DRB1 ID2 IMP3 JUNB PARK7 SRP14 AES ALOX5AP ATP6V0E1 C9orf78 CALM1 CCNI CCT6A CD37 CNPY3,GNLY CCL5 FTL CD7 DUSP2 BTG1 MATK TXNIP CD52 GZMA IL32 PLAC8 IL2RG CAP1 CD63 DAP3 GZMK LTB OST4 PTPRCAP SAP18 ATP6V1G1 CD2 CD3D CD74 CLPP COX6A1 CTSW EIF4A1 EIF4A2 FCER1G FOS GIMAP7 GPX4 HCST HLA-DRB1 ID2 IMP3 JUNB PARK7 SRP14 AES ALOX5AP ATP6V0E1 C9orf78 CALM1 CCNI CCT6A CD37 CNPY3
intervention,pbmc68k:CTTAAAGATTGAGC-7,CTTAAAGATTGAGC-7,7,CD56+ NK,0,T_TCR_CD8,1,CD3D,1,CD3D,2.42,CD74,2.42,1,0,0.148438,0,1.81771,GNLY CCL5 FTL CD7 DUSP2 BTG1 MATK TXNIP CD52 GZMA IL32 PLAC8 IL2RG CAP1 CD63 DAP3 GZMK LTB OST4 PTPRCAP SAP18 ATP6V1G1 CD2 CD3D CD74 CLPP COX6A1 CTSW EIF4A1 EIF4A2 FCER1G FOS GIMAP7 GPX4 HCST HLA-DRB1 ID2 IMP3 JUNB PARK7 SRP14 AES ALOX5AP ATP6V0E1 C9orf78 CALM1 CCNI CCT6A CD37 CNPY3,GNLY CCL5 FTL CD7 DUSP2 BTG1 MATK TXNIP CD52 GZMA IL32 PLAC8 IL2RG CAP1 CD63 DAP3 GZMK LTB OST4 PTPRCAP SAP18 ATP6V1G1 CD2 MASKED_GENE CD74 CLPP COX6A1 CTSW EIF4A1 EIF4A2 FCER1G FOS GIMAP7 GPX4 HCST HLA-DRB1 ID2 IMP3 JUNB PARK7 SRP14 AES ALOX5AP ATP6V0E1 C9orf78 CALM1 CCNI CCT6A CD37 CNPY3,GNLY CCL5 FTL CD7 DUSP2 BTG1 MATK TXNIP CD52 GZMA IL32 PLAC8 IL2RG CAP1 CD63 DAP3 GZMK LTB OST4 PTPRCAP SAP18 ATP6V1G1 CD2 CD3D MASKED_GENE CLPP COX6A1 CTSW EIF4A1 EIF4A2 FCER1G FOS GIMAP7 GPX4 HCST HLA-DRB1 ID2 IMP3 JUNB PARK7 SRP14 AES ALOX5AP ATP6V0E1 C9orf78 CALM1 CCNI CCT6A CD37 CNPY3
intervention,pbmc68k:CTTAAAGATTGAGC-7,CTTAAAGATTGAGC-7,7,CD56+ NK,0,cytotoxic_effector,1,GNLY;CCL5;GZMA;GZMK;CTSW,5,GNLY,4.535,FTL,3.955,2,0.58,0.390625,1,6.06625,GNLY CCL5 FTL CD7 DUSP2 BTG1 MATK TXNIP CD52 GZMA IL32 PLAC8 IL2RG CAP1 CD63 DAP3 GZMK LTB OST4 PTPRCAP SAP18 ATP6V1G1 CD2 CD3D CD74 CLPP COX6A1 CTSW EIF4A1 EIF4A2 FCER1G FOS GIMAP7 GPX4 HCST HLA-DRB1 ID2 IMP3 JUNB PARK7 SRP14 AES ALOX5AP ATP6V0E1 C9orf78 CALM1 CCNI CCT6A CD37 CNPY3,MASKED_GENE CCL5 FTL CD7 DUSP2 BTG1 MATK TXNIP CD52 GZMA IL32 PLAC8 IL2RG CAP1 CD63 DAP3 GZMK LTB OST4 PTPRCAP SAP18 ATP6V1G1 CD2 CD3D CD74 CLPP COX6A1 CTSW EIF4A1 EIF4A2 FCER1G FOS GIMAP7 GPX4 HCST HLA-DRB1 ID2 IMP3 JUNB PARK7 SRP14 AES ALOX5AP ATP6V0E1 C9orf78 CALM1 CCNI CCT6A CD37 CNPY3,GNLY CCL5 MASKED_GENE CD7 DUSP2 BTG1 MATK TXNIP CD52 GZMA IL32 PLAC8 IL2RG CAP1 CD63 DAP3 GZMK LTB OST4 PTPRCAP SAP18 ATP6V1G1 CD2 CD3D CD74 CLPP COX6A1 CTSW EIF4A1 EIF4A2 FCER1G FOS GIMAP7 GPX4 HCST HLA-DRB1 ID2 IMP3 JUNB PARK7 SRP14 AES ALOX5AP ATP6V0E1 C9orf78 CALM1 CCNI CCT6A CD37 CNPY3
base,pbmc68k:GCACGGACTTGCAG-7,GCACGGACTTGCAG-7,7,CD8+ Cytotoxic T,1,none,0,,0,,,,,,,,,,FTL GNLY CD52 S100A4 CD74 LST1 FCER1G NKG7 AIF1 DDX5 HLA-DRB1 PSMA7 S100A6 ABI1 CTSS GZMA KLF6 PPIA C19orf43 CALM1 CLIC1 HLA-DRB5 LYZ SSR4 TIMP1 BTG1 CD3D GIMAP7 HCST HLA-DPB1 HLA-DRA IFITM2 JUNB LTB SRGN TYROBP VIM ABI3 C9orf78 CCDC107 CCL5 CFD CTSW FGFBP2 GPX4 GZMH GZMM HOPX ICAM3 IL32,FTL GNLY CD52 S100A4 CD74 LST1 FCER1G NKG7 AIF1 DDX5 HLA-DRB1 PSMA7 S100A6 ABI1 CTSS GZMA KLF6 PPIA C19orf43 CALM1 CLIC1 HLA-DRB5 LYZ SSR4 TIMP1 BTG1 CD3D GIMAP7 HCST HLA-DPB1 HLA-DRA IFITM2 JUNB LTB SRGN TYROBP VIM ABI3 C9orf78 CCDC107 CCL5 CFD CTSW FGFBP2 GPX4 GZMH GZMM HOPX ICAM3 IL32,FTL GNLY CD52 S100A4 CD74 LST1 FCER1G NKG7 AIF1 DDX5 HLA-DRB1 PSMA7 S100A6 ABI1 CTSS GZMA KLF6 PPIA C19orf43 CALM1 CLIC1 HLA-DRB5 LYZ SSR4 TIMP1 BTG1 CD3D GIMAP7 HCST HLA-DPB1 HLA-DRA IFITM2 JUNB LTB SRGN TYROBP VIM ABI3 C9orf78 CCDC107 CCL5 CFD CTSW FGFBP2 GPX4 GZMH GZMM HOPX ICAM3 IL32
intervention,pbmc68k:GCACGGACTTGCAG-7,GCACGGACTTGCAG-7,7,CD8+ Cytotoxic T,1,T_TCR_CD8,1,CD3D,1,CD3D,2.565,GIMAP7,2.565,1,0,0.0546875,2,1.54688,FTL GNLY CD52 S100A4 CD74 LST1 FCER1G NKG7 AIF1 DDX5 HLA-DRB1 PSMA7 S100A6 ABI1 CTSS GZMA KLF6 PPIA C19orf43 CALM1 CLIC1 HLA-DRB5 LYZ SSR4 TIMP1 BTG1 CD3D GIMAP7 HCST HLA-DPB1 HLA-DRA IFITM2 JUNB LTB SRGN TYROBP VIM ABI3 C9orf78 CCDC107 CCL5 CFD CTSW FGFBP2 GPX4 GZMH GZMM HOPX ICAM3 IL32,FTL GNLY CD52 S100A4 CD74 LST1 FCER1G NKG7 AIF1 DDX5 HLA-DRB1 PSMA7 S100A6 ABI1 CTSS GZMA KLF6 PPIA C19orf43 CALM1 CLIC1 HLA-DRB5 LYZ SSR4 TIMP1 BTG1 MASKED_GENE GIMAP7 HCST HLA-DPB1 HLA-DRA IFITM2 JUNB LTB SRGN TYROBP VIM ABI3 C9orf78 CCDC107 CCL5 CFD CTSW FGFBP2 GPX4 GZMH GZMM HOPX ICAM3 IL32,FTL GNLY CD52 S100A4 CD74 LST1 FCER1G NKG7 AIF1 DDX5 HLA-DRB1 PSMA7 S100A6 ABI1 CTSS GZMA KLF6 PPIA C19orf43 CALM1 CLIC1 HLA-DRB5 LYZ SSR4 TIMP1 BTG1 CD3D MASKED_GENE HCST HLA-DPB1 HLA-DRA IFITM2 JUNB LTB SRGN TYROBP VIM ABI3 C9orf78 CCDC107 CCL5 CFD CTSW FGFBP2 GPX4 GZMH GZMM HOPX ICAM3 IL32
intervention,pbmc68k:GCACGGACTTGCAG-7,GCACGGACTTGCAG-7,7,CD8+ Cytotoxic T,1,cytotoxic_effector,1,GNLY;NKG7;GZMA;CCL5;CTSW;FGFBP2;GZMH,7,GNLY,3.951,CD74,3.434,3,0.517,0.132812,0,3.36212,FTL GNLY CD52 S100A4 CD74 LST1 FCER1G NKG7 AIF1 DDX5 HLA-DRB1 PSMA7 S100A6 ABI1 CTSS GZMA KLF6 PPIA C19orf43 CALM1 CLIC1 HLA-DRB5 LYZ SSR4 TIMP1 BTG1 CD3D GIMAP7 HCST HLA-DPB1 HLA-DRA IFITM2 JUNB LTB SRGN TYROBP VIM ABI3 C9orf78 CCDC107 CCL5 CFD CTSW FGFBP2 GPX4 GZMH GZMM HOPX ICAM3 IL32,FTL MASKED_GENE CD52 S100A4 CD74 LST1 FCER1G NKG7 AIF1 DDX5 HLA-DRB1 PSMA7 S100A6 ABI1 CTSS GZMA KLF6 PPIA C19orf43 CALM1 CLIC1 HLA-DRB5 LYZ SSR4 TIMP1 BTG1 CD3D GIMAP7 HCST HLA-DPB1 HLA-DRA IFITM2 JUNB LTB SRGN TYROBP VIM ABI3 C9orf78 CCDC107 CCL5 CFD CTSW FGFBP2 GPX4 GZMH GZMM HOPX ICAM3 IL32,FTL GNLY CD52 S100A4 MASKED_GENE LST1 FCER1G NKG7 AIF1 DDX5 HLA-DRB1 PSMA7 S100A6 ABI1 CTSS GZMA KLF6 PPIA C19orf43 CALM1 CLIC1 HLA-DRB5 LYZ SSR4 TIMP1 BTG1 CD3D GIMAP7 HCST HLA-DPB1 HLA-DRA IFITM2 JUNB LTB SRGN TYROBP VIM ABI3 C9orf78 CCDC107 CCL5 CFD CTSW FGFBP2 GPX4 GZMH GZMM HOPX ICAM3 IL32
base,pbmc68k:TCAATCACCATGCA-7,TCAATCACCATGCA-7,7,CD8+/CD45RA+ Naive Cytotoxic,1,none,0,,0,,,,,,,,,,CCL5 JUNB CD3D LDHB FTL LTB PTPRCAP ERP29 GIMAP7 TRAF3IP3 AES DDX5 FYB HCST TAGLN2 BTG1 CARS COX7C CRIP1 IL32 IL7R ISG20 LAMTOR4 NDUFS5 NOSIP NPM1 PSMA7 S100A4 S100A6 BLOC1S4 CALM1 CD2 CD52 CD74 EID1 EIF3L EIF4A2 ETFA GSTK1 HIGD2A HNRNPA1 HSPB1 IL2RG NEDD8 PPDPF RWDD1 S100B SSR4 TOMM7 TOP1,CCL5 JUNB CD3D LDHB FTL LTB PTPRCAP ERP29 GIMAP7 TRAF3IP3 AES DDX5 FYB HCST TAGLN2 BTG1 CARS COX7C CRIP1 IL32 IL7R ISG20 LAMTOR4 NDUFS5 NOSIP NPM1 PSMA7 S100A4 S100A6 BLOC1S4 CALM1 CD2 CD52 CD74 EID1 EIF3L EIF4A2 ETFA GSTK1 HIGD2A HNRNPA1 HSPB1 IL2RG NEDD8 PPDPF RWDD1 S100B SSR4 TOMM7 TOP1,CCL5 JUNB CD3D LDHB FTL LTB PTPRCAP ERP29 GIMAP7 TRAF3IP3 AES DDX5 FYB HCST TAGLN2 BTG1 CARS COX7C CRIP1 IL32 IL7R ISG20 LAMTOR4 NDUFS5 NOSIP NPM1 PSMA7 S100A4 S100A6 BLOC1S4 CALM1 CD2 CD52 CD74 EID1 EIF3L EIF4A2 ETFA GSTK1 HIGD2A HNRNPA1 HSPB1 IL2RG NEDD8 PPDPF RWDD1 S100B SSR4 TOMM7 TOP1
intervention,pbmc68k:TCAATCACCATGCA-7,TCAATCACCATGCA-7,7,CD8+/CD45RA+ Naive Cytotoxic,1,T_TCR_CD8,1,CD3D,1,CD3D,3.31,GIMAP7,2.923,6,0.387,0.0546875,2,3.98754,CCL5 JUNB CD3D LDHB FTL LTB PTPRCAP ERP29 GIMAP7 TRAF3IP3 AES DDX5 FYB HCST TAGLN2 BTG1 CARS COX7C CRIP1 IL32 IL7R ISG20 LAMTOR4 NDUFS5 NOSIP NPM1 PSMA7 S100A4 S100A6 BLOC1S4 CALM1 CD2 CD52 CD74 EID1 EIF3L EIF4A2 ETFA GSTK1 HIGD2A HNRNPA1 HSPB1 IL2RG NEDD8 PPDPF RWDD1 S100B SSR4 TOMM7 TOP1,CCL5 JUNB MASKED_GENE LDHB FTL LTB PTPRCAP ERP29 GIMAP7 TRAF3IP3 AES DDX5 FYB HCST TAGLN2 BTG1 CARS COX7C CRIP1 IL32 IL7R ISG20 LAMTOR4 NDUFS5 NOSIP NPM1 PSMA7 S100A4 S100A6 BLOC1S4 CALM1 CD2 CD52 CD74 EID1 EIF3L EIF4A2 ETFA GSTK1 HIGD2A HNRNPA1 HSPB1 IL2RG NEDD8 PPDPF RWDD1 S100B SSR4 TOMM7 TOP1,CCL5 JUNB CD3D LDHB FTL LTB PTPRCAP ERP29 MASKED_GENE TRAF3IP3 AES DDX5 FYB HCST TAGLN2 BTG1 CARS COX7C CRIP1 IL32 IL7R ISG20 LAMTOR4 NDUFS5 NOSIP NPM1 PSMA7 S100A4 S100A6 BLOC1S4 CALM1 CD2 CD52 CD74 EID1 EIF3L EIF4A2 ETFA GSTK1 HIGD2A HNRNPA1 HSPB1 IL2RG NEDD8 PPDPF RWDD1 S100B SSR4 TOMM7 TOP1
intervention,pbmc68k:TCAATCACCATGCA-7,TCAATCACCATGCA-7,7,CD8+/CD45RA+ Naive Cytotoxic,1,cytotoxic_effector,1,CCL5,1,CCL5,3.985,GIMAP7,2.923,8,1.062,0.0390625,2,5.84796,CCL5 JUNB CD3D LDHB FTL LTB PTPRCAP ERP29 GIMAP7 TRAF3IP3 AES DDX5 FYB HCST TAGLN2 BTG1 CARS COX7C CRIP1 IL32 IL7R ISG20 LAMTOR4 NDUFS5 NOSIP NPM1 PSMA7 S100A4 S100A6 BLOC1S4 CALM1 CD2 CD52 CD74 EID1 EIF3L EIF4A2 ETFA GSTK1 HIGD2A HNRNPA1 HSPB1 IL2RG NEDD8 PPDPF RWDD1 S100B SSR4 TOMM7 TOP1,MASKED_GENE JUNB CD3D LDHB FTL LTB PTPRCAP ERP29 GIMAP7 TRAF3IP3 AES DDX5 FYB HCST TAGLN2 BTG1 CARS COX7C CRIP1 IL32 IL7R ISG20 LAMTOR4 NDUFS5 NOSIP NPM1 PSMA7 S100A4 S100A6 BLOC1S4 CALM1 CD2 CD52 CD74 EID1 EIF3L EIF4A2 ETFA GSTK1 HIGD2A HNRNPA1 HSPB1 IL2RG NEDD8 PPDPF RWDD1 S100B SSR4 TOMM7 TOP1,CCL5 JUNB CD3D LDHB FTL LTB PTPRCAP ERP29 MASKED_GENE TRAF3IP3 AES DDX5 FYB HCST TAGLN2 BTG1 CARS COX7C CRIP1 IL32 IL7R ISG20 LAMTOR4 NDUFS5 NOSIP NPM1 PSMA7 S100A4 S100A6 BLOC1S4 CALM1 CD2 CD52 CD74 EID1 EIF3L EIF4A2 ETFA GSTK1 HIGD2A HNRNPA1 HSPB1 IL2RG NEDD8 PPDPF RWDD1 S100B SSR4 TOMM7 TOP1
base,pbmc68k:TCAGAGACCAATCG-7,TCAGAGACCAATCG-7,7,CD8+ Cytotoxic T,1,none,0,,0,,,,,,,,,,NKG7 CD74 CCL5 IL32 GZMA CD3D CD52 FTL PARK7 CLIC1 GZMK CST7 NPM1 COX6A1 MZT2B PTPRCAP GSTP1 GZMH HLA-DPA1 HLA-DPB1 ITGA4 PPA1 S100A4 STMN1 CALM1 CD27 CD37 DDX5 HMGB2 HP1BP3 OSTF1 PPIA S100A10 S100A6 AES ANXA5 ARL6IP5 ATP6V0E1 CD3G CTSW EIF3D EIF3G EIF3L GPX4 GYPC HLA-DRA HLA-DRB1 HNRNPA1 IL2RG JAK1,NKG7 CD74 CCL5 IL32 GZMA CD3D CD52 FTL PARK7 CLIC1 GZMK CST7 NPM1 COX6A1 MZT2B PTPRCAP GSTP1 GZMH HLA-DPA1 HLA-DPB1 ITGA4 PPA1 S100A4 STMN1 CALM1 CD27 CD37 DDX5 HMGB2 HP1BP3 OSTF1 PPIA S100A10 S100A6 AES ANXA5 ARL6IP5 ATP6V0E1 CD3G CTSW EIF3D EIF3G EIF3L GPX4 GYPC HLA-DRA HLA-DRB1 HNRNPA1 IL2RG JAK1,NKG7 CD74 CCL5 IL32 GZMA CD3D CD52 FTL PARK7 CLIC1 GZMK CST7 NPM1 COX6A1 MZT2B PTPRCAP GSTP1 GZMH HLA-DPA1 HLA-DPB1 ITGA4 PPA1 S100A4 STMN1 CALM1 CD27 CD37 DDX5 HMGB2 HP1BP3 OSTF1 PPIA S100A10 S100A6 AES ANXA5 ARL6IP5 ATP6V0E1 CD3G CTSW EIF3D EIF3G EIF3L GPX4 GYPC HLA-DRA HLA-DRB1 HNRNPA1 IL2RG JAK1
intervention,pbmc68k:TCAGAGACCAATCG-7,TCAGAGACCAATCG-7,7,CD8+ Cytotoxic T,1,T_TCR_CD8,1,CD3D;CD3G,2,CD3D,3.533,CD74,4.26,4,0.727,0.148438,0,4.27171,NKG7 CD74 CCL5 IL32 GZMA CD3D CD52 FTL PARK7 CLIC1 GZMK CST7 NPM1 COX6A1 MZT2B PTPRCAP GSTP1 GZMH HLA-DPA1 HLA-DPB1 ITGA4 PPA1 S100A4 STMN1 CALM1 CD27 CD37 DDX5 HMGB2 HP1BP3 OSTF1 PPIA S100A10 S100A6 AES ANXA5 ARL6IP5 ATP6V0E1 CD3G CTSW EIF3D EIF3G EIF3L GPX4 GYPC HLA-DRA HLA-DRB1 HNRNPA1 IL2RG JAK1,NKG7 CD74 CCL5 IL32 GZMA MASKED_GENE CD52 FTL PARK7 CLIC1 GZMK CST7 NPM1 COX6A1 MZT2B PTPRCAP GSTP1 GZMH HLA-DPA1 HLA-DPB1 ITGA4 PPA1 S100A4 STMN1 CALM1 CD27 CD37 DDX5 HMGB2 HP1BP3 OSTF1 PPIA S100A10 S100A6 AES ANXA5 ARL6IP5 ATP6V0E1 CD3G CTSW EIF3D EIF3G EIF3L GPX4 GYPC HLA-DRA HLA-DRB1 HNRNPA1 IL2RG JAK1,NKG7 MASKED_GENE CCL5 IL32 GZMA CD3D CD52 FTL PARK7 CLIC1 GZMK CST7 NPM1 COX6A1 MZT2B PTPRCAP GSTP1 GZMH HLA-DPA1 HLA-DPB1 ITGA4 PPA1 S100A4 STMN1 CALM1 CD27 CD37 DDX5 HMGB2 HP1BP3 OSTF1 PPIA S100A10 S100A6 AES ANXA5 ARL6IP5 ATP6V0E1 CD3G CTSW EIF3D EIF3G EIF3L GPX4 GYPC HLA-DRA HLA-DRB1 HNRNPA1 IL2RG JAK1
intervention,pbmc68k:TCAGAGACCAATCG-7,TCAGAGACCAATCG-7,7,CD8+ Cytotoxic T,1,cytotoxic_effector,1,NKG7;CCL5;GZMA;GZMK;GZMH;CTSW,6,NKG7,4.306,CD74,4.26,1,0.046,0.226562,0,2.69096,NKG7 CD74 CCL5 IL32 GZMA CD3D CD52 FTL PARK7 CLIC1 GZMK CST7 NPM1 COX6A1 MZT2B PTPRCAP GSTP1 GZMH HLA-DPA1 HLA-DPB1 ITGA4 PPA1 S100A4 STMN1 CALM1 CD27 CD37 DDX5 HMGB2 HP1BP3 OSTF1 PPIA S100A10 S100A6 AES ANXA5 ARL6IP5 ATP6V0E1 CD3G CTSW EIF3D EIF3G EIF3L GPX4 GYPC HLA-DRA HLA-DRB1 HNRNPA1 IL2RG JAK1,MASKED_GENE CD74 CCL5 IL32 GZMA CD3D CD52 FTL PARK7 CLIC1 GZMK CST7 NPM1 COX6A1 MZT2B PTPRCAP GSTP1 GZMH HLA-DPA1 HLA-DPB1 ITGA4 PPA1 S100A4 STMN1 CALM1 CD27 CD37 DDX5 HMGB2 HP1BP3 OSTF1 PPIA S100A10 S100A6 AES ANXA5 ARL6IP5 ATP6V0E1 CD3G CTSW EIF3D EIF3G EIF3L GPX4 GYPC HLA-DRA HLA-DRB1 HNRNPA1 IL2RG JAK1,NKG7 MASKED_GENE CCL5 IL32 GZMA CD3D CD52 FTL PARK7 CLIC1 GZMK CST7 NPM1 COX6A1 MZT2B PTPRCAP GSTP1 GZMH HLA-DPA1 HLA-DPB1 ITGA4 PPA1 S100A4 STMN1 CALM1 CD27 CD37 DDX5 HMGB2 HP1BP3 OSTF1 PPIA S100A10 S100A6 AES ANXA5 ARL6IP5 ATP6V0E1 CD3G CTSW EIF3D EIF3G EIF3L GPX4 GYPC HLA-DRA HLA-DRB1 HNRNPA1 IL2RG JAK1
base,pbmc68k:TGACGCCTACTTTC-7,TGACGCCTACTTTC-7,7,CD8+/CD45RA+ Naive Cytotoxic,1,none,0,,0,,,,,,,,,,LTB JUNB CD52 BTG1 AES GYPC FTL LCK LDHB NPM1 COX7C FOS IFITM2 ANAPC16 CD37 DDX5 EIF3E EIF3G EIF3L EIF4A1 EVL GIMAP7 ICAM3 IL32 LDHA NDUFS8 NHP2 NOSIP PCNP PTPRCAP S100A4 S100A6 SOD1 TRAF3IP3 TRIAP1 AP2S1 ATP6V0E1 BLOC1S4 C20orf27 CALR CCDC107 CD3D CD7 CD74 CD8B CNN2 COX16 COX6A1 CTSW CXCR4,LTB JUNB CD52 BTG1 AES GYPC FTL LCK LDHB NPM1 COX7C FOS IFITM2 ANAPC16 CD37 DDX5 EIF3E EIF3G EIF3L EIF4A1 EVL GIMAP7 ICAM3 IL32 LDHA NDUFS8 NHP2 NOSIP PCNP PTPRCAP S100A4 S100A6 SOD1 TRAF3IP3 TRIAP1 AP2S1 ATP6V0E1 BLOC1S4 C20orf27 CALR CCDC107 CD3D CD7 CD74 CD8B CNN2 COX16 COX6A1 CTSW CXCR4,LTB JUNB CD52 BTG1 AES GYPC FTL LCK LDHB NPM1 COX7C FOS IFITM2 ANAPC16 CD37 DDX5 EIF3E EIF3G EIF3L EIF4A1 EVL GIMAP7 ICAM3 IL32 LDHA NDUFS8 NHP2 NOSIP PCNP PTPRCAP S100A4 S100A6 SOD1 TRAF3IP3 TRIAP1 AP2S1 ATP6V0E1 BLOC1S4 C20orf27 CALR CCDC107 CD3D CD7 CD74 CD8B CNN2 COX16 COX6A1 CTSW CXCR4
intervention,pbmc68k:TGACGCCTACTTTC-7,TGACGCCTACTTTC-7,7,CD8+/CD45RA+ Naive Cytotoxic,1,T_TCR_CD8,1,CD3D;CD8B,2,CD3D,1.997,CD74,1.997,2,0,0.148438,0,2.15104,LTB JUNB CD52 BTG1 AES GYPC FTL LCK LDHB NPM1 COX7C FOS IFITM2 ANAPC16 CD37 DDX5 EIF3E EIF3G EIF3L EIF4A1 EVL GIMAP7 ICAM3 IL32 LDHA NDUFS8 NHP2 NOSIP PCNP PTPRCAP S100A4 S100A6 SOD1 TRAF3IP3 TRIAP1 AP2S1 ATP6V0E1 BLOC1S4 C20orf27 CALR CCDC107 CD3D CD7 CD74 CD8B CNN2 COX16 COX6A1 CTSW CXCR4,LTB JUNB CD52 BTG1 AES GYPC FTL LCK LDHB NPM1 COX7C FOS IFITM2 ANAPC16 CD37 DDX5 EIF3E EIF3G EIF3L EIF4A1 EVL GIMAP7 ICAM3 IL32 LDHA NDUFS8 NHP2 NOSIP PCNP PTPRCAP S100A4 S100A6 SOD1 TRAF3IP3 TRIAP1 AP2S1 ATP6V0E1 BLOC1S4 C20orf27 CALR CCDC107 MASKED_GENE CD7 CD74 CD8B CNN2 COX16 COX6A1 CTSW CXCR4,LTB JUNB CD52 BTG1 AES GYPC FTL LCK LDHB NPM1 COX7C FOS IFITM2 ANAPC16 CD37 DDX5 EIF3E EIF3G EIF3L EIF4A1 EVL GIMAP7 ICAM3 IL32 LDHA NDUFS8 NHP2 NOSIP PCNP PTPRCAP S100A4 S100A6 SOD1 TRAF3IP3 TRIAP1 AP2S1 ATP6V0E1 BLOC1S4 C20orf27 CALR CCDC107 CD3D CD7 MASKED_GENE CD8B CNN2 COX16 COX6A1 CTSW CXCR4
intervention,pbmc68k:TGACGCCTACTTTC-7,TGACGCCTACTTTC-7,7,CD8+/CD45RA+ Naive Cytotoxic,1,cytotoxic_effector,1,CTSW,1,CTSW,1.997,CD74,1.997,5,0,0.0078125,0,1.74479,LTB JUNB CD52 BTG1 AES GYPC FTL LCK LDHB NPM1 COX7C FOS IFITM2 ANAPC16 CD37 DDX5 EIF3E EIF3G EIF3L EIF4A1 EVL GIMAP7 ICAM3 IL32 LDHA NDUFS8 NHP2 NOSIP PCNP PTPRCAP S100A4 S100A6 SOD1 TRAF3IP3 TRIAP1 AP2S1 ATP6V0E1 BLOC1S4 C20orf27 CALR CCDC107 CD3D CD7 CD74 CD8B CNN2 COX16 COX6A1 CTSW CXCR4,LTB JUNB CD52 BTG1 AES GYPC FTL LCK LDHB NPM1 COX7C FOS IFITM2 ANAPC16 CD37 DDX5 EIF3E EIF3G EIF3L EIF4A1 EVL GIMAP7 ICAM3 IL32 LDHA NDUFS8 NHP2 NOSIP PCNP PTPRCAP S100A4 S100A6 SOD1 TRAF3IP3 TRIAP1 AP2S1 ATP6V0E1 BLOC1S4 C20orf27 CALR CCDC107 CD3D CD7 CD74 CD8B CNN2 COX16 COX6A1 MASKED_GENE CXCR4,LTB JUNB CD52 BTG1 AES GYPC FTL LCK LDHB NPM1 COX7C FOS IFITM2 ANAPC16 CD37 DDX5 EIF3E EIF3G EIF3L EIF4A1 EVL GIMAP7 ICAM3 IL32 LDHA NDUFS8 NHP2 NOSIP PCNP PTPRCAP S100A4 S100A6 SOD1 TRAF3IP3 TRIAP1 AP2S1 ATP6V0E1 BLOC1S4 C20orf27 CALR CCDC107 CD3D CD7 MASKED_GENE CD8B CNN2 COX16 COX6A1 CTSW CXCR4
base,pbmc68k:TGCCAAGATTGTGG-7,TGCCAAGATTGTGG-7,7,CD8+ Cytotoxic T,1,none,0,,0,,,,,,,,,,GNLY CCL5 FTL IL32 JUNB NKG7 GZMH CALM1 CD7 HNRNPA1 LDHB S100A4 SAP18 CD52 GZMB HNRNPK PTPRCAP BBX CD3E CXCR4 DDX5 IL2RG ISG20 PPIA RABAC1 S100A10 S100A6 SEPT9 ZFP36L2 BST2 BTG1 C9orf142 CD27 CD37 CHST12 CST7 EIF3I EIF4A1 GSTP1 GZMK H1FX HOPX IFITM2 LAMTOR4 LAT LCK NPM1 PARK7 PRF1 RBX1,GNLY CCL5 FTL IL32 JUNB NKG7 GZMH CALM1 CD7 HNRNPA1 LDHB S100A4 SAP18 CD52 GZMB HNRNPK PTPRCAP BBX CD3E CXCR4 DDX5 IL2RG ISG20 PPIA RABAC1 S100A10 S100A6 SEPT9 ZFP36L2 BST2 BTG1 C9orf142 CD27 CD37 CHST12 CST7 EIF3I EIF4A1 GSTP1 GZMK H1FX HOPX IFITM2 LAMTOR4 LAT LCK NPM1 PARK7 PRF1 RBX1,GNLY CCL5 FTL IL32 JUNB NKG7 GZMH CALM1 CD7 HNRNPA1 LDHB S100A4 SAP18 CD52 GZMB HNRNPK PTPRCAP BBX CD3E CXCR4 DDX5 IL2RG ISG20 PPIA RABAC1 S100A10 S100A6 SEPT9 ZFP36L2 BST2 BTG1 C9orf142 CD27 CD37 CHST12 CST7 EIF3I EIF4A1 GSTP1 GZMK H1FX HOPX IFITM2 LAMTOR4 LAT LCK NPM1 PARK7 PRF1 RBX1
intervention,pbmc68k:TGCCAAGATTGTGG-7,TGCCAAGATTGTGG-7,7,CD8+ Cytotoxic T,1,T_TCR_CD8,1,CD3E,1,CD3E,2.599,PPIA,2.599,5,0,0.0703125,0,2.36979,GNLY CCL5 FTL IL32 JUNB NKG7 GZMH CALM1 CD7 HNRNPA1 LDHB S100A4 SAP18 CD52 GZMB HNRNPK PTPRCAP BBX CD3E CXCR4 DDX5 IL2RG ISG20 PPIA RABAC1 S100A10 S100A6 SEPT9 ZFP36L2 BST2 BTG1 C9orf142 CD27 CD37 CHST12 CST7 EIF3I EIF4A1 GSTP1 GZMK H1FX HOPX IFITM2 LAMTOR4 LAT LCK NPM1 PARK7 PRF1 RBX1,GNLY CCL5 FTL IL32 JUNB NKG7 GZMH CALM1 CD7 HNRNPA1 LDHB S100A4 SAP18 CD52 GZMB HNRNPK PTPRCAP BBX MASKED_GENE CXCR4 DDX5 IL2RG ISG20 PPIA RABAC1 S100A10 S100A6 SEPT9 ZFP36L2 BST2 BTG1 C9orf142 CD27 CD37 CHST12 CST7 EIF3I EIF4A1 GSTP1 GZMK H1FX HOPX IFITM2 LAMTOR4 LAT LCK NPM1 PARK7 PRF1 RBX1,GNLY CCL5 FTL IL32 JUNB NKG7 GZMH CALM1 CD7 HNRNPA1 LDHB S100A4 SAP18 CD52 GZMB HNRNPK PTPRCAP BBX CD3E CXCR4 DDX5 IL2RG ISG20 MASKED_GENE RABAC1 S100A10 S100A6 SEPT9 ZFP36L2 BST2 BTG1 C9orf142 CD27 CD37 CHST12 CST7 EIF3I EIF4A1 GSTP1 GZMK H1FX HOPX IFITM2 LAMTOR4 LAT LCK NPM1 PARK7 PRF1 RBX1
intervention,pbmc68k:TGCCAAGATTGTGG-7,TGCCAAGATTGTGG-7,7,CD8+ Cytotoxic T,1,cytotoxic_effector,1,GNLY;CCL5;NKG7;GZMH;GZMB;GZMK;PRF1,7,GNLY,4.043,FTL,3.47,2,0.573,0.390625,1,6.05225,GNLY CCL5 FTL IL32 JUNB NKG7 GZMH CALM1 CD7 HNRNPA1 LDHB S100A4 SAP18 CD52 GZMB HNRNPK PTPRCAP BBX CD3E CXCR4 DDX5 IL2RG ISG20 PPIA RABAC1 S100A10 S100A6 SEPT9 ZFP36L2 BST2 BTG1 C9orf142 CD27 CD37 CHST12 CST7 EIF3I EIF4A1 GSTP1 GZMK H1FX HOPX IFITM2 LAMTOR4 LAT LCK NPM1 PARK7 PRF1 RBX1,MASKED_GENE CCL5 FTL IL32 JUNB NKG7 GZMH CALM1 CD7 HNRNPA1 LDHB S100A4 SAP18 CD52 GZMB HNRNPK PTPRCAP BBX CD3E CXCR4 DDX5 IL2RG ISG20 PPIA RABAC1 S100A10 S100A6 SEPT9 ZFP36L2 BST2 BTG1 C9orf142 CD27 CD37 CHST12 CST7 EIF3I EIF4A1 GSTP1 GZMK H1FX HOPX IFITM2 LAMTOR4 LAT LCK NPM1 PARK7 PRF1 RBX1,GNLY CCL5 MASKED_GENE IL32 JUNB NKG7 GZMH CALM1 CD7 HNRNPA1 LDHB S100A4 SAP18 CD52 GZMB HNRNPK PTPRCAP BBX CD3E CXCR4 DDX5 IL2RG ISG20 PPIA RABAC1 S100A10 S100A6 SEPT9 ZFP36L2 BST2 BTG1 C9orf142 CD27 CD37 CHST12 CST7 EIF3I EIF4A1 GSTP1 GZMK H1FX HOPX IFITM2 LAMTOR4 LAT LCK NPM1 PARK7 PRF1 RBX1
base,pbmc68k:TTTCTACTGTATGC-7,TTTCTACTGTATGC-7,7,CD8+ Cytotoxic T,1,none,0,,0,,,,,,,,,,LTB CCL5 CD52 CD3D GYPC PSME2 LDHB CD37 NDUFB11 NKG7 PTPRCAP NOSIP ATP6V0E1 CORO1B DDX5 FTL JUNB NPM1 SUMO2 TAGLN2 ATP6V1G1 CCR7 CCT3 CD247 CD7 EVL GSTK1 HIGD2A HNRNPA1 HNRNPDL KLRB1 LAMTOR4 LEPROTL1 MAD2L2 MRFAP1 PPIA PSMA7 S100A4 S100A6 SNHG7 SRGN TBC1D10C ANP32B ATPIF1 BTG1 C6orf48 CCT8 CD3E CLIC1 COX7C,LTB CCL5 CD52 CD3D GYPC PSME2 LDHB CD37 NDUFB11 NKG7 PTPRCAP NOSIP ATP6V0E1 CORO1B DDX5 FTL JUNB NPM1 SUMO2 TAGLN2 ATP6V1G1 CCR7 CCT3 CD247 CD7 EVL GSTK1 HIGD2A HNRNPA1 HNRNPDL KLRB1 LAMTOR4 LEPROTL1 MAD2L2 MRFAP1 PPIA PSMA7 S100A4 S100A6 SNHG7 SRGN TBC1D10C ANP32B ATPIF1 BTG1 C6orf48 CCT8 CD3E CLIC1 COX7C,LTB CCL5 CD52 CD3D GYPC PSME2 LDHB CD37 NDUFB11 NKG7 PTPRCAP NOSIP ATP6V0E1 CORO1B DDX5 FTL JUNB NPM1 SUMO2 TAGLN2 ATP6V1G1 CCR7 CCT3 CD247 CD7 EVL GSTK1 HIGD2A HNRNPA1 HNRNPDL KLRB1 LAMTOR4 LEPROTL1 MAD2L2 MRFAP1 PPIA PSMA7 S100A4 S100A6 SNHG7 SRGN TBC1D10C ANP32B ATPIF1 BTG1 C6orf48 CCT8 CD3E CLIC1 COX7C
intervention,pbmc68k:TTTCTACTGTATGC-7,TTTCTACTGTATGC-7,7,CD8+ Cytotoxic T,1,T_TCR_CD8,1,CD3D;CD3E,2,CD3D,3.211,GYPC,3.211,1,0,0.21875,0,2.52083,LTB CCL5 CD52 CD3D GYPC PSME2 LDHB CD37 NDUFB11 NKG7 PTPRCAP NOSIP ATP6V0E1 CORO1B DDX5 FTL JUNB NPM1 SUMO2 TAGLN2 ATP6V1G1 CCR7 CCT3 CD247 CD7 EVL GSTK1 HIGD2A HNRNPA1 HNRNPDL KLRB1 LAMTOR4 LEPROTL1 MAD2L2 MRFAP1 PPIA PSMA7 S100A4 S100A6 SNHG7 SRGN TBC1D10C ANP32B ATPIF1 BTG1 C6orf48 CCT8 CD3E CLIC1 COX7C,LTB CCL5 CD52 MASKED_GENE GYPC PSME2 LDHB CD37 NDUFB11 NKG7 PTPRCAP NOSIP ATP6V0E1 CORO1B DDX5 FTL JUNB NPM1 SUMO2 TAGLN2 ATP6V1G1 CCR7 CCT3 CD247 CD7 EVL GSTK1 HIGD2A HNRNPA1 HNRNPDL KLRB1 LAMTOR4 LEPROTL1 MAD2L2 MRFAP1 PPIA PSMA7 S100A4 S100A6 SNHG7 SRGN TBC1D10C ANP32B ATPIF1 BTG1 C6orf48 CCT8 CD3E CLIC1 COX7C,LTB CCL5 CD52 CD3D MASKED_GENE PSME2 LDHB CD37 NDUFB11 NKG7 PTPRCAP NOSIP ATP6V0E1 CORO1B DDX5 FTL JUNB NPM1 SUMO2 TAGLN2 ATP6V1G1 CCR7 CCT3 CD247 CD7 EVL GSTK1 HIGD2A HNRNPA1 HNRNPDL KLRB1 LAMTOR4 LEPROTL1 MAD2L2 MRFAP1 PPIA PSMA7 S100A4 S100A6 SNHG7 SRGN TBC1D10C ANP32B ATPIF1 BTG1 C6orf48 CCT8 CD3E CLIC1 COX7C
intervention,pbmc68k:TTTCTACTGTATGC-7,TTTCTACTGTATGC-7,7,CD8+ Cytotoxic T,1,cytotoxic_effector,1,CCL5;NKG7,2,CCL5,3.405,GYPC,3.211,3,0.194,0.203125,0,3.41925,LTB CCL5 CD52 CD3D GYPC PSME2 LDHB CD37 NDUFB11 NKG7 PTPRCAP NOSIP ATP6V0E1 CORO1B DDX5 FTL JUNB NPM1 SUMO2 TAGLN2 ATP6V1G1 CCR7 CCT3 CD247 CD7 EVL GSTK1 HIGD2A HNRNPA1 HNRNPDL KLRB1 LAMTOR4 LEPROTL1 MAD2L2 MRFAP1 PPIA PSMA7 S100A4 S100A6 SNHG7 SRGN TBC1D10C ANP32B ATPIF1 BTG1 C6orf48 CCT8 CD3E CLIC1 COX7C,LTB MASKED_GENE CD52 CD3D GYPC PSME2 LDHB CD37 NDUFB11 NKG7 PTPRCAP NOSIP ATP6V0E1 CORO1B DDX5 FTL JUNB NPM1 SUMO2 TAGLN2 ATP6V1G1 CCR7 CCT3 CD247 CD7 EVL GSTK1 HIGD2A HNRNPA1 HNRNPDL KLRB1 LAMTOR4 LEPROTL1 MAD2L2 MRFAP1 PPIA PSMA7 S100A4 S100A6 SNHG7 SRGN TBC1D10C ANP32B ATPIF1 BTG1 C6orf48 CCT8 CD3E CLIC1 COX7C,LTB CCL5 CD52 CD3D MASKED_GENE PSME2 LDHB CD37 NDUFB11 NKG7 PTPRCAP NOSIP ATP6V0E1 CORO1B DDX5 FTL JUNB NPM1 SUMO2 TAGLN2 ATP6V1G1 CCR7 CCT3 CD247 CD7 EVL GSTK1 HIGD2A HNRNPA1 HNRNPDL KLRB1 LAMTOR4 LEPROTL1 MAD2L2 MRFAP1 PPIA PSMA7 S100A4 S100A6 SNHG7 SRGN TBC1D10C ANP32B ATPIF1 BTG1 C6orf48 CCT8 CD3E CLIC1 COX7C
base,pbmc68k:ACCGCGGACTACCC-8,ACCGCGGACTACCC-8,8,CD8+/CD45RA+ Naive Cytotoxic,1,none,0,,0,,,,,,,,,,FTL JUNB BTG1 S100A4 DDX5 GZMK NKG7 CALM1 HNRNPA1 IL32 LTB VIM FOS GIMAP7 CD52 CXCR4 GNLY GZMM LDHB MTDH PSMA7 EBP EIF4A2 EVL HSP90AB1 ICAM3 LY6E NOSIP NPM1 PSME2 PTPRCAP ATP6V0E1 ATP6V1G1 BST2 CCNI CD27 CD3E CLIC1 COMMD5 CTSW EID1 EIF3G GNAI2 GZMA NDNL2 NFKBIA OST4 PAFAH1B3 PRDX6 RNASET2,FTL JUNB BTG1 S100A4 DDX5 GZMK NKG7 CALM1 HNRNPA1 IL32 LTB VIM FOS GIMAP7 CD52 CXCR4 GNLY GZMM LDHB MTDH PSMA7 EBP EIF4A2 EVL HSP90AB1 ICAM3 LY6E NOSIP NPM1 PSME2 PTPRCAP ATP6V0E1 ATP6V1G1 BST2 CCNI CD27 CD3E CLIC1 COMMD5 CTSW EID1 EIF3G GNAI2 GZMA NDNL2 NFKBIA OST4 PAFAH1B3 PRDX6 RNASET2,FTL JUNB BTG1 S100A4 DDX5 GZMK NKG7 CALM1 HNRNPA1 IL32 LTB VIM FOS GIMAP7 CD52 CXCR4 GNLY GZMM LDHB MTDH PSMA7 EBP EIF4A2 EVL HSP90AB1 ICAM3 LY6E NOSIP NPM1 PSME2 PTPRCAP ATP6V0E1 ATP6V1G1 BST2 CCNI CD27 CD3E CLIC1 COMMD5 CTSW EID1 EIF3G GNAI2 GZMA NDNL2 NFKBIA OST4 PAFAH1B3 PRDX6 RNASET2
intervention,pbmc68k:ACCGCGGACTACCC-8,ACCGCGGACTACCC-8,8,CD8+/CD45RA+ Naive Cytotoxic,1,T_TCR_CD8,1,CD3E,1,CD3E,2.233,EIF3G,2.233,5,0,0.140625,1,3.40625,FTL JUNB BTG1 S100A4 DDX5 GZMK NKG7 CALM1 HNRNPA1 IL32 LTB VIM FOS GIMAP7 CD52 CXCR4 GNLY GZMM LDHB MTDH PSMA7 EBP EIF4A2 EVL HSP90AB1 ICAM3 LY6E NOSIP NPM1 PSME2 PTPRCAP ATP6V0E1 ATP6V1G1 BST2 CCNI CD27 CD3E CLIC1 COMMD5 CTSW EID1 EIF3G GNAI2 GZMA NDNL2 NFKBIA OST4 PAFAH1B3 PRDX6 RNASET2,FTL JUNB BTG1 S100A4 DDX5 GZMK NKG7 CALM1 HNRNPA1 IL32 LTB VIM FOS GIMAP7 CD52 CXCR4 GNLY GZMM LDHB MTDH PSMA7 EBP EIF4A2 EVL HSP90AB1 ICAM3 LY6E NOSIP NPM1 PSME2 PTPRCAP ATP6V0E1 ATP6V1G1 BST2 CCNI CD27 MASKED_GENE CLIC1 COMMD5 CTSW EID1 EIF3G GNAI2 GZMA NDNL2 NFKBIA OST4 PAFAH1B3 PRDX6 RNASET2,FTL JUNB BTG1 S100A4 DDX5 GZMK NKG7 CALM1 HNRNPA1 IL32 LTB VIM FOS GIMAP7 CD52 CXCR4 GNLY GZMM LDHB MTDH PSMA7 EBP EIF4A2 EVL HSP90AB1 ICAM3 LY6E NOSIP NPM1 PSME2 PTPRCAP ATP6V0E1 ATP6V1G1 BST2 CCNI CD27 CD3E CLIC1 COMMD5 CTSW EID1 MASKED_GENE GNAI2 GZMA NDNL2 NFKBIA OST4 PAFAH1B3 PRDX6 RNASET2
intervention,pbmc68k:ACCGCGGACTACCC-8,ACCGCGGACTACCC-8,8,CD8+/CD45RA+ Naive Cytotoxic,1,cytotoxic_effector,1,GZMK;NKG7;GNLY;CTSW;GZMA,5,GZMK,3.258,S100A4,3.451,2,0.193,0.515625,2,6.87558,FTL JUNB BTG1 S100A4 DDX5 GZMK NKG7 CALM1 HNRNPA1 IL32 LTB VIM FOS GIMAP7 CD52 CXCR4 GNLY GZMM LDHB MTDH PSMA7 EBP EIF4A2 EVL HSP90AB1 ICAM3 LY6E NOSIP NPM1 PSME2 PTPRCAP ATP6V0E1 ATP6V1G1 BST2 CCNI CD27 CD3E CLIC1 COMMD5 CTSW EID1 EIF3G GNAI2 GZMA NDNL2 NFKBIA OST4 PAFAH1B3 PRDX6 RNASET2,FTL JUNB BTG1 S100A4 DDX5 MASKED_GENE NKG7 CALM1 HNRNPA1 IL32 LTB VIM FOS GIMAP7 CD52 CXCR4 GNLY GZMM LDHB MTDH PSMA7 EBP EIF4A2 EVL HSP90AB1 ICAM3 LY6E NOSIP NPM1 PSME2 PTPRCAP ATP6V0E1 ATP6V1G1 BST2 CCNI CD27 CD3E CLIC1 COMMD5 CTSW EID1 EIF3G GNAI2 GZMA NDNL2 NFKBIA OST4 PAFAH1B3 PRDX6 RNASET2,FTL JUNB BTG1 MASKED_GENE DDX5 GZMK NKG7 CALM1 HNRNPA1 IL32 LTB VIM FOS GIMAP7 CD52 CXCR4 GNLY GZMM LDHB MTDH PSMA7 EBP EIF4A2 EVL HSP90AB1 ICAM3 LY6E NOSIP NPM1 PSME2 PTPRCAP ATP6V0E1 ATP6V1G1 BST2 CCNI CD27 CD3E CLIC1 COMMD5 CTSW EID1 EIF3G GNAI2 GZMA NDNL2 NFKBIA OST4 PAFAH1B3 PRDX6 RNASET2
base,pbmc68k:ACTAAAACCATTCT-8,ACTAAAACCATTCT-8,8,CD8+ Cytotoxic T,1,none,0,,0,,,,,,,,,,ISG20 S100A4 CD3D JUNB NDUFB10 S100A6 CD74 LGALS3 LTB BTG1 CD52 CLIC1 HLA-DPB1 S100A10 SRGN VIM CD37 NUCB2 PTPRCAP SUMO2 CD27 DDX5 GCHFR GLRX GZMK HLA-DRA PPDPF PSME2 RGS10 TAGLN2 AES ANP32B ANXA1 ATP5O C6orf48 CALM1 CAP1 CST7 FTL HCST HNRNPK IL2RG LAMTOR4 MEAF6 NAP1L1 NKG7 SRP14 TCEB2 TMEM256 ARL6IP5,ISG20 S100A4 CD3D JUNB NDUFB10 S100A6 CD74 LGALS3 LTB BTG1 CD52 CLIC1 HLA-DPB1 S100A10 SRGN VIM CD37 NUCB2 PTPRCAP SUMO2 CD27 DDX5 GCHFR GLRX GZMK HLA-DRA PPDPF PSME2 RGS10 TAGLN2 AES ANP32B ANXA1 ATP5O C6orf48 CALM1 CAP1 CST7 FTL HCST HNRNPK IL2RG LAMTOR4 MEAF6 NAP1L1 NKG7 SRP14 TCEB2 TMEM256 ARL6IP5,ISG20 S100A4 CD3D JUNB NDUFB10 S100A6 CD74 LGALS3 LTB BTG1 CD52 CLIC1 HLA-DPB1 S100A10 SRGN VIM CD37 NUCB2 PTPRCAP SUMO2 CD27 DDX5 GCHFR GLRX GZMK HLA-DRA PPDPF PSME2 RGS10 TAGLN2 AES ANP32B ANXA1 ATP5O C6orf48 CALM1 CAP1 CST7 FTL HCST HNRNPK IL2RG LAMTOR4 MEAF6 NAP1L1 NKG7 SRP14 TCEB2 TMEM256 ARL6IP5
intervention,pbmc68k:ACTAAAACCATTCT-8,ACTAAAACCATTCT-8,8,CD8+ Cytotoxic T,1,T_TCR_CD8,1,CD3D,1,CD3D,3.546,S100A4,3.764,1,0.218,0.140625,2,2.84225,ISG20 S100A4 CD3D JUNB NDUFB10 S100A6 CD74 LGALS3 LTB BTG1 CD52 CLIC1 HLA-DPB1 S100A10 SRGN VIM CD37 NUCB2 PTPRCAP SUMO2 CD27 DDX5 GCHFR GLRX GZMK HLA-DRA PPDPF PSME2 RGS10 TAGLN2 AES ANP32B ANXA1 ATP5O C6orf48 CALM1 CAP1 CST7 FTL HCST HNRNPK IL2RG LAMTOR4 MEAF6 NAP1L1 NKG7 SRP14 TCEB2 TMEM256 ARL6IP5,ISG20 S100A4 MASKED_GENE JUNB NDUFB10 S100A6 CD74 LGALS3 LTB BTG1 CD52 CLIC1 HLA-DPB1 S100A10 SRGN VIM CD37 NUCB2 PTPRCAP SUMO2 CD27 DDX5 GCHFR GLRX GZMK HLA-DRA PPDPF PSME2 RGS10 TAGLN2 AES ANP32B ANXA1 ATP5O C6orf48 CALM1 CAP1 CST7 FTL HCST HNRNPK IL2RG LAMTOR4 MEAF6 NAP1L1 NKG7 SRP14 TCEB2 TMEM256 ARL6IP5,ISG20 MASKED_GENE CD3D JUNB NDUFB10 S100A6 CD74 LGALS3 LTB BTG1 CD52 CLIC1 HLA-DPB1 S100A10 SRGN VIM CD37 NUCB2 PTPRCAP SUMO2 CD27 DDX5 GCHFR GLRX GZMK HLA-DRA PPDPF PSME2 RGS10 TAGLN2 AES ANP32B ANXA1 ATP5O C6orf48 CALM1 CAP1 CST7 FTL HCST HNRNPK IL2RG LAMTOR4 MEAF6 NAP1L1 NKG7 SRP14 TCEB2 TMEM256 ARL6IP5
intervention,pbmc68k:ACTAAAACCATTCT-8,ACTAAAACCATTCT-8,8,CD8+ Cytotoxic T,1,cytotoxic_effector,1,GZMK;NKG7,2,GZMK,2.882,GLRX,2.882,1,0,0.140625,0,1.73958,ISG20 S100A4 CD3D JUNB NDUFB10 S100A6 CD74 LGALS3 LTB BTG1 CD52 CLIC1 HLA-DPB1 S100A10 SRGN VIM CD37 NUCB2 PTPRCAP SUMO2 CD27 DDX5 GCHFR GLRX GZMK HLA-DRA PPDPF PSME2 RGS10 TAGLN2 AES ANP32B ANXA1 ATP5O C6orf48 CALM1 CAP1 CST7 FTL HCST HNRNPK IL2RG LAMTOR4 MEAF6 NAP1L1 NKG7 SRP14 TCEB2 TMEM256 ARL6IP5,ISG20 S100A4 CD3D JUNB NDUFB10 S100A6 CD74 LGALS3 LTB BTG1 CD52 CLIC1 HLA-DPB1 S100A10 SRGN VIM CD37 NUCB2 PTPRCAP SUMO2 CD27 DDX5 GCHFR GLRX MASKED_GENE HLA-DRA PPDPF PSME2 RGS10 TAGLN2 AES ANP32B ANXA1 ATP5O C6orf48 CALM1 CAP1 CST7 FTL HCST HNRNPK IL2RG LAMTOR4 MEAF6 NAP1L1 NKG7 SRP14 TCEB2 TMEM256 ARL6IP5,ISG20 S100A4 CD3D JUNB NDUFB10 S100A6 CD74 LGALS3 LTB BTG1 CD52 CLIC1 HLA-DPB1 S100A10 SRGN VIM CD37 NUCB2 PTPRCAP SUMO2 CD27 DDX5 GCHFR MASKED_GENE GZMK HLA-DRA PPDPF PSME2 RGS10 TAGLN2 AES ANP32B ANXA1 ATP5O C6orf48 CALM1 CAP1 CST7 FTL HCST HNRNPK IL2RG LAMTOR4 MEAF6 NAP1L1 NKG7 SRP14 TCEB2 TMEM256 ARL6IP5
base,pbmc68k:AGGGTGGACAGCTA-8,AGGGTGGACAGCTA-8,8,CD8+ Cytotoxic T,1,none,0,,0,,,,,,,,,,CCL5 GNLY NKG7 S100A4 FTL STMN1 PPDPF CD53 GZMH NPM1 VIM COPE CD3D CLIC1 GZMA HMGB2 IL32 PTPRCAP S100A10 SRP14 SRSF7 AP2S1 CD3E CD8A DGCR6L FCGR3A H2AFY HNRNPA1 HNRNPDL HNRNPK HOPX LDHB LY6E NUCB2 POLR3K PRDX6 S100A6 TXNIP TYROBP ARPC5L ATP6V0E1 ATP6V1G1 C19orf43 C9orf142 CD164 CTSC CTSW CXCR4 DCXR EBP,CCL5 GNLY NKG7 S100A4 FTL STMN1 PPDPF CD53 GZMH NPM1 VIM COPE CD3D CLIC1 GZMA HMGB2 IL32 PTPRCAP S100A10 SRP14 SRSF7 AP2S1 CD3E CD8A DGCR6L FCGR3A H2AFY HNRNPA1 HNRNPDL HNRNPK HOPX LDHB LY6E NUCB2 POLR3K PRDX6 S100A6 TXNIP TYROBP ARPC5L ATP6V0E1 ATP6V1G1 C19orf43 C9orf142 CD164 CTSC CTSW CXCR4 DCXR EBP,CCL5 GNLY NKG7 S100A4 FTL STMN1 PPDPF CD53 GZMH NPM1 VIM COPE CD3D CLIC1 GZMA HMGB2 IL32 PTPRCAP S100A10 SRP14 SRSF7 AP2S1 CD3E CD8A DGCR6L FCGR3A H2AFY HNRNPA1 HNRNPDL HNRNPK HOPX LDHB LY6E NUCB2 POLR3K PRDX6 S100A6 TXNIP TYROBP ARPC5L ATP6V0E1 ATP6V1G1 C19orf43 C9orf142 CD164 CTSC CTSW CXCR4 DCXR EBP
intervention,pbmc68k:AGGGTGGACAGCTA-8,AGGGTGGACAGCTA-8,8,CD8+ Cytotoxic T,1,T_TCR_CD8,1,CD3D;CD3E;CD8A,3,CD3D,2.98,SRP14,2.98,7,0,0.179688,1,4.46354,CCL5 GNLY NKG7 S100A4 FTL STMN1 PPDPF CD53 GZMH NPM1 VIM COPE CD3D CLIC1 GZMA HMGB2 IL32 PTPRCAP S100A10 SRP14 SRSF7 AP2S1 CD3E CD8A DGCR6L FCGR3A H2AFY HNRNPA1 HNRNPDL HNRNPK HOPX LDHB LY6E NUCB2 POLR3K PRDX6 S100A6 TXNIP TYROBP ARPC5L ATP6V0E1 ATP6V1G1 C19orf43 C9orf142 CD164 CTSC CTSW CXCR4 DCXR EBP,CCL5 GNLY NKG7 S100A4 FTL STMN1 PPDPF CD53 GZMH NPM1 VIM COPE MASKED_GENE CLIC1 GZMA HMGB2 IL32 PTPRCAP S100A10 SRP14 SRSF7 AP2S1 CD3E CD8A DGCR6L FCGR3A H2AFY HNRNPA1 HNRNPDL HNRNPK HOPX LDHB LY6E NUCB2 POLR3K PRDX6 S100A6 TXNIP TYROBP ARPC5L ATP6V0E1 ATP6V1G1 C19orf43 C9orf142 CD164 CTSC CTSW CXCR4 DCXR EBP,CCL5 GNLY NKG7 S100A4 FTL STMN1 PPDPF CD53 GZMH NPM1 VIM COPE CD3D CLIC1 GZMA HMGB2 IL32 PTPRCAP S100A10 MASKED_GENE SRSF7 AP2S1 CD3E CD8A DGCR6L FCGR3A H2AFY HNRNPA1 HNRNPDL HNRNPK HOPX LDHB LY6E NUCB2 POLR3K PRDX6 S100A6 TXNIP TYROBP ARPC5L ATP6V0E1 ATP6V1G1 C19orf43 C9orf142 CD164 CTSC CTSW CXCR4 DCXR EBP
intervention,pbmc68k:AGGGTGGACAGCTA-8,AGGGTGGACAGCTA-8,8,CD8+ Cytotoxic T,1,cytotoxic_effector,1,CCL5;GNLY;NKG7;GZMH;GZMA;CTSW,6,CCL5,4.123,S100A4,3.865,3,0.258,0.15625,2,3.74517,CCL5 GNLY NKG7 S100A4 FTL STMN1 PPDPF CD53 GZMH NPM1 VIM COPE CD3D CLIC1 GZMA HMGB2 IL32 PTPRCAP S100A10 SRP14 SRSF7 AP2S1 CD3E CD8A DGCR6L FCGR3A H2AFY HNRNPA1 HNRNPDL HNRNPK HOPX LDHB LY6E NUCB2 POLR3K PRDX6 S100A6 TXNIP TYROBP ARPC5L ATP6V0E1 ATP6V1G1 C19orf43 C9orf142 CD164 CTSC CTSW CXCR4 DCXR EBP,MASKED_GENE GNLY NKG7 S100A4 FTL STMN1 PPDPF CD53 GZMH NPM1 VIM COPE CD3D CLIC1 GZMA HMGB2 IL32 PTPRCAP S100A10 SRP14 SRSF7 AP2S1 CD3E CD8A DGCR6L FCGR3A H2AFY HNRNPA1 HNRNPDL HNRNPK HOPX LDHB LY6E NUCB2 POLR3K PRDX6 S100A6 TXNIP TYROBP ARPC5L ATP6V0E1 ATP6V1G1 C19orf43 C9orf142 CD164 CTSC CTSW CXCR4 DCXR EBP,CCL5 GNLY NKG7 MASKED_GENE FTL STMN1 PPDPF CD53 GZMH NPM1 VIM COPE CD3D CLIC1 GZMA HMGB2 IL32 PTPRCAP S100A10 SRP14 SRSF7 AP2S1 CD3E CD8A DGCR6L FCGR3A H2AFY HNRNPA1 HNRNPDL HNRNPK HOPX LDHB LY6E NUCB2 POLR3K PRDX6 S100A6 TXNIP TYROBP ARPC5L ATP6V0E1 ATP6V1G1 C19orf43 C9orf142 CD164 CTSC CTSW CXCR4 DCXR EBP
base,pbmc68k:CTTTGATGTGTCAG-8,CTTTGATGTGTCAG-8,8,CD56+ NK,0,none,0,,0,,,,,,,,,,LTB GNLY FTL NKG7 DDX5 GZMA JUNB BTG1 EIF4A1 PTPRCAP S100A4 CCL5 CTSW GPX4 GZMB CALM1 CD7 CST7 DHRS7 FCGR3A GIMAP7 HNRNPA1 HNRNPF LDHB PPIA SKP1 APEX1 ARL4C CD3E EIF3E ERP29 FCER1G GYPC IL2RG IL32 LAT LY6E NOSIP PPDPF PSAP PSME2 RSL1D1 SEC62 TEX264 ABHD17A ANAPC16 ATP5I C10orf54 CCNI CD247,LTB GNLY FTL NKG7 DDX5 GZMA JUNB BTG1 EIF4A1 PTPRCAP S100A4 CCL5 CTSW GPX4 GZMB CALM1 CD7 CST7 DHRS7 FCGR3A GIMAP7 HNRNPA1 HNRNPF LDHB PPIA SKP1 APEX1 ARL4C CD3E EIF3E ERP29 FCER1G GYPC IL2RG IL32 LAT LY6E NOSIP PPDPF PSAP PSME2 RSL1D1 SEC62 TEX264 ABHD17A ANAPC16 ATP5I C10orf54 CCNI CD247,LTB GNLY FTL NKG7 DDX5 GZMA JUNB BTG1 EIF4A1 PTPRCAP S100A4 CCL5 CTSW GPX4 GZMB CALM1 CD7 CST7 DHRS7 FCGR3A GIMAP7 HNRNPA1 HNRNPF LDHB PPIA SKP1 APEX1 ARL4C CD3E EIF3E ERP29 FCER1G GYPC IL2RG IL32 LAT LY6E NOSIP PPDPF PSAP PSME2 RSL1D1 SEC62 TEX264 ABHD17A ANAPC16 ATP5I C10orf54 CCNI CD247
intervention,pbmc68k:CTTTGATGTGTCAG-8,CTTTGATGTGTCAG-8,8,CD56+ NK,0,T_TCR_CD8,1,CD3E,1,CD3E,2.59,GYPC,2.59,4,0,0.03125,0,1.64583,LTB GNLY FTL NKG7 DDX5 GZMA JUNB BTG1 EIF4A1 PTPRCAP S100A4 CCL5 CTSW GPX4 GZMB CALM1 CD7 CST7 DHRS7 FCGR3A GIMAP7 HNRNPA1 HNRNPF LDHB PPIA SKP1 APEX1 ARL4C CD3E EIF3E ERP29 FCER1G GYPC IL2RG IL32 LAT LY6E NOSIP PPDPF PSAP PSME2 RSL1D1 SEC62 TEX264 ABHD17A ANAPC16 ATP5I C10orf54 CCNI CD247,LTB GNLY FTL NKG7 DDX5 GZMA JUNB BTG1 EIF4A1 PTPRCAP S100A4 CCL5 CTSW GPX4 GZMB CALM1 CD7 CST7 DHRS7 FCGR3A GIMAP7 HNRNPA1 HNRNPF LDHB PPIA SKP1 APEX1 ARL4C MASKED_GENE EIF3E ERP29 FCER1G GYPC IL2RG IL32 LAT LY6E NOSIP PPDPF PSAP PSME2 RSL1D1 SEC62 TEX264 ABHD17A ANAPC16 ATP5I C10orf54 CCNI CD247,LTB GNLY FTL NKG7 DDX5 GZMA JUNB BTG1 EIF4A1 PTPRCAP S100A4 CCL5 CTSW GPX4 GZMB CALM1 CD7 CST7 DHRS7 FCGR3A GIMAP7 HNRNPA1 HNRNPF LDHB PPIA SKP1 APEX1 ARL4C CD3E EIF3E ERP29 FCER1G MASKED_GENE IL2RG IL32 LAT LY6E NOSIP PPDPF PSAP PSME2 RSL1D1 SEC62 TEX264 ABHD17A ANAPC16 ATP5I C10orf54 CCNI CD247
intervention,pbmc68k:CTTTGATGTGTCAG-8,CTTTGATGTGTCAG-8,8,CD56+ NK,0,cytotoxic_effector,1,GNLY;NKG7;GZMA;CCL5;CTSW;GZMB,6,GNLY,3.919,FTL,3.523,1,0.396,0.390625,1,5.36492,LTB GNLY FTL NKG7 DDX5 GZMA JUNB BTG1 EIF4A1 PTPRCAP S100A4 CCL5 CTSW GPX4 GZMB CALM1 CD7 CST7 DHRS7 FCGR3A GIMAP7 HNRNPA1 HNRNPF LDHB PPIA SKP1 APEX1 ARL4C CD3E EIF3E ERP29 FCER1G GYPC IL2RG IL32 LAT LY6E NOSIP PPDPF PSAP PSME2 RSL1D1 SEC62 TEX264 ABHD17A ANAPC16 ATP5I C10orf54 CCNI CD247,LTB MASKED_GENE FTL NKG7 DDX5 GZMA JUNB BTG1 EIF4A1 PTPRCAP S100A4 CCL5 CTSW GPX4 GZMB CALM1 CD7 CST7 DHRS7 FCGR3A GIMAP7 HNRNPA1 HNRNPF LDHB PPIA SKP1 APEX1 ARL4C CD3E EIF3E ERP29 FCER1G GYPC IL2RG IL32 LAT LY6E NOSIP PPDPF PSAP PSME2 RSL1D1 SEC62 TEX264 ABHD17A ANAPC16 ATP5I C10orf54 CCNI CD247,LTB GNLY MASKED_GENE NKG7 DDX5 GZMA JUNB BTG1 EIF4A1 PTPRCAP S100A4 CCL5 CTSW GPX4 GZMB CALM1 CD7 CST7 DHRS7 FCGR3A GIMAP7 HNRNPA1 HNRNPF LDHB PPIA SKP1 APEX1 ARL4C CD3E EIF3E ERP29 FCER1G GYPC IL2RG IL32 LAT LY6E NOSIP PPDPF PSAP PSME2 RSL1D1 SEC62 TEX264 ABHD17A ANAPC16 ATP5I C10orf54 CCNI CD247
base,pbmc68k:GCAGGGCTGTATGC-8,GCAGGGCTGTATGC-8,8,CD8+/CD45RA+ Naive Cytotoxic,1,none,0,,0,,,,,,,,,,JUNB LTB FTL IL32 NPM1 GIMAP7 NOSIP LDHB CCL5 CD7 DDX5 GZMK HNRNPA1 IFITM2 NBEAL1 CD3D COX7C EIF3L EIF4A2 NDUFB11 PLAC8 S100A4 SERPINB1 AES C19orf53 CALM1 CD27 CD3G CLIC1 CLIC3 GZMM HCST HIST1H1E HNRNPK IL2RG LDHA LSM4 OST4 PARK7 PSME2 PTPRC PTPRCAP RBM39 S100A6 SSU72 TAGLN2 TCEB2 TRAPPC1 ABHD17A ALOX5AP,JUNB LTB FTL IL32 NPM1 GIMAP7 NOSIP LDHB CCL5 CD7 DDX5 GZMK HNRNPA1 IFITM2 NBEAL1 CD3D COX7C EIF3L EIF4A2 NDUFB11 PLAC8 S100A4 SERPINB1 AES C19orf53 CALM1 CD27 CD3G CLIC1 CLIC3 GZMM HCST HIST1H1E HNRNPK IL2RG LDHA LSM4 OST4 PARK7 PSME2 PTPRC PTPRCAP RBM39 S100A6 SSU72 TAGLN2 TCEB2 TRAPPC1 ABHD17A ALOX5AP,JUNB LTB FTL IL32 NPM1 GIMAP7 NOSIP LDHB CCL5 CD7 DDX5 GZMK HNRNPA1 IFITM2 NBEAL1 CD3D COX7C EIF3L EIF4A2 NDUFB11 PLAC8 S100A4 SERPINB1 AES C19orf53 CALM1 CD27 CD3G CLIC1 CLIC3 GZMM HCST HIST1H1E HNRNPK IL2RG LDHA LSM4 OST4 PARK7 PSME2 PTPRC PTPRCAP RBM39 S100A6 SSU72 TAGLN2 TCEB2 TRAPPC1 ABHD17A ALOX5AP
intervention,pbmc68k:GCAGGGCTGTATGC-8,GCAGGGCTGTATGC-8,8,CD8+/CD45RA+ Naive Cytotoxic,1,T_TCR_CD8,1,CD3D;CD3G,2,CD3D,2.499,AES,2.238,8,0.261,0.0390625,1,3.91263,JUNB LTB FTL IL32 NPM1 GIMAP7 NOSIP LDHB CCL5 CD7 DDX5 GZMK HNRNPA1 IFITM2 NBEAL1 CD3D COX7C EIF3L EIF4A2 NDUFB11 PLAC8 S100A4 SERPINB1 AES C19orf53 CALM1 CD27 CD3G CLIC1 CLIC3 GZMM HCST HIST1H1E HNRNPK IL2RG LDHA LSM4 OST4 PARK7 PSME2 PTPRC PTPRCAP RBM39 S100A6 SSU72 TAGLN2 TCEB2 TRAPPC1 ABHD17A ALOX5AP,JUNB LTB FTL IL32 NPM1 GIMAP7 NOSIP LDHB CCL5 CD7 DDX5 GZMK HNRNPA1 IFITM2 NBEAL1 MASKED_GENE COX7C EIF3L EIF4A2 NDUFB11 PLAC8 S100A4 SERPINB1 AES C19orf53 CALM1 CD27 CD3G CLIC1 CLIC3 GZMM HCST HIST1H1E HNRNPK IL2RG LDHA LSM4 OST4 PARK7 PSME2 PTPRC PTPRCAP RBM39 S100A6 SSU72 TAGLN2 TCEB2 TRAPPC1 ABHD17A ALOX5AP,JUNB LTB FTL IL32 NPM1 GIMAP7 NOSIP LDHB CCL5 CD7 DDX5 GZMK HNRNPA1 IFITM2 NBEAL1 CD3D COX7C EIF3L EIF4A2 NDUFB11 PLAC8 S100A4 SERPINB1 MASKED_GENE C19orf53 CALM1 CD27 CD3G CLIC1 CLIC3 GZMM HCST HIST1H1E HNRNPK IL2RG LDHA LSM4 OST4 PARK7 PSME2 PTPRC PTPRCAP RBM39 S100A6 SSU72 TAGLN2 TCEB2 TRAPPC1 ABHD17A ALOX5AP
intervention,pbmc68k:GCAGGGCTGTATGC-8,GCAGGGCTGTATGC-8,8,CD8+/CD45RA+ Naive Cytotoxic,1,cytotoxic_effector,1,CCL5;GZMK,2,CCL5,2.706,GIMAP7,3.15,3,0.444,0.0390625,2,2.94529,JUNB LTB FTL IL32 NPM1 GIMAP7 NOSIP LDHB CCL5 CD7 DDX5 GZMK HNRNPA1 IFITM2 NBEAL1 CD3D COX7C EIF3L EIF4A2 NDUFB11 PLAC8 S100A4 SERPINB1 AES C19orf53 CALM1 CD27 CD3G CLIC1 CLIC3 GZMM HCST HIST1H1E HNRNPK IL2RG LDHA LSM4 OST4 PARK7 PSME2 PTPRC PTPRCAP RBM39 S100A6 SSU72 TAGLN2 TCEB2 TRAPPC1 ABHD17A ALOX5AP,JUNB LTB FTL IL32 NPM1 GIMAP7 NOSIP LDHB MASKED_GENE CD7 DDX5 GZMK HNRNPA1 IFITM2 NBEAL1 CD3D COX7C EIF3L EIF4A2 NDUFB11 PLAC8 S100A4 SERPINB1 AES C19orf53 CALM1 CD27 CD3G CLIC1 CLIC3 GZMM HCST HIST1H1E HNRNPK IL2RG LDHA LSM4 OST4 PARK7 PSME2 PTPRC PTPRCAP RBM39 S100A6 SSU72 TAGLN2 TCEB2 TRAPPC1 ABHD17A ALOX5AP,JUNB LTB FTL IL32 NPM1 MASKED_GENE NOSIP LDHB CCL5 CD7 DDX5 GZMK HNRNPA1 IFITM2 NBEAL1 CD3D COX7C EIF3L EIF4A2 NDUFB11 PLAC8 S100A4 SERPINB1 AES C19orf53 CALM1 CD27 CD3G CLIC1 CLIC3 GZMM HCST HIST1H1E HNRNPK IL2RG LDHA LSM4 OST4 PARK7 PSME2 PTPRC PTPRCAP RBM39 S100A6 SSU72 TAGLN2 TCEB2 TRAPPC1 ABHD17A ALOX5AP
base,pbmc68k:GGAAGGTGACGCAT-8,GGAAGGTGACGCAT-8,8,CD8+ Cytotoxic T,1,none,0,,0,,,,,,,,,,CCL5 GNLY NKG7 BTG1 IFITM2 S100A4 CD3E CD3D CD52 FTL LTB S100A6 CTSW GZMM NPM1 DDX5 FGFBP2 GIMAP7 GZMB HNRNPA1 NOSIP CALM1 CLIC1 EIF4A1 JUNB PARK7 PLAC8 S100A10 SRP14 TINF2 VIM CALR COPE EIF3I GSTK1 GZMA GZMH HSP90AB1 IL2RG IL32 ISG20 LAT LDHB MARCKSL1 NAP1L1 NDUFA4 PSMD7 ABI3 ADRM1 AES,CCL5 GNLY NKG7 BTG1 IFITM2 S100A4 CD3E CD3D CD52 FTL LTB S100A6 CTSW GZMM NPM1 DDX5 FGFBP2 GIMAP7 GZMB HNRNPA1 NOSIP CALM1 CLIC1 EIF4A1 JUNB PARK7 PLAC8 S100A10 SRP14 TINF2 VIM CALR COPE EIF3I GSTK1 GZMA GZMH HSP90AB1 IL2RG IL32 ISG20 LAT LDHB MARCKSL1 NAP1L1 NDUFA4 PSMD7 ABI3 ADRM1 AES,CCL5 GNLY NKG7 BTG1 IFITM2 S100A4 CD3E CD3D CD52 FTL LTB S100A6 CTSW GZMM NPM1 DDX5 FGFBP2 GIMAP7 GZMB HNRNPA1 NOSIP CALM1 CLIC1 EIF4A1 JUNB PARK7 PLAC8 S100A10 SRP14 TINF2 VIM CALR COPE EIF3I GSTK1 GZMA GZMH HSP90AB1 IL2RG IL32 ISG20 LAT LDHB MARCKSL1 NAP1L1 NDUFA4 PSMD7 ABI3 ADRM1 AES
intervention,pbmc68k:GGAAGGTGACGCAT-8,GGAAGGTGACGCAT-8,8,CD8+ Cytotoxic T,1,T_TCR_CD8,1,CD3E;CD3D,2,CD3E,3.3,S100A4,3.414,1,0.114,0.328125,2,4.50925,CCL5 GNLY NKG7 BTG1 IFITM2 S100A4 CD3E CD3D CD52 FTL LTB S100A6 CTSW GZMM NPM1 DDX5 FGFBP2 GIMAP7 GZMB HNRNPA1 NOSIP CALM1 CLIC1 EIF4A1 JUNB PARK7 PLAC8 S100A10 SRP14 TINF2 VIM CALR COPE EIF3I GSTK1 GZMA GZMH HSP90AB1 IL2RG IL32 ISG20 LAT LDHB MARCKSL1 NAP1L1 NDUFA4 PSMD7 ABI3 ADRM1 AES,CCL5 GNLY NKG7 BTG1 IFITM2 S100A4 MASKED_GENE CD3D CD52 FTL LTB S100A6 CTSW GZMM NPM1 DDX5 FGFBP2 GIMAP7 GZMB HNRNPA1 NOSIP CALM1 CLIC1 EIF4A1 JUNB PARK7 PLAC8 S100A10 SRP14 TINF2 VIM CALR COPE EIF3I GSTK1 GZMA GZMH HSP90AB1 IL2RG IL32 ISG20 LAT LDHB MARCKSL1 NAP1L1 NDUFA4 PSMD7 ABI3 ADRM1 AES,CCL5 GNLY NKG7 BTG1 IFITM2 MASKED_GENE CD3E CD3D CD52 FTL LTB S100A6 CTSW GZMM NPM1 DDX5 FGFBP2 GIMAP7 GZMB HNRNPA1 NOSIP CALM1 CLIC1 EIF4A1 JUNB PARK7 PLAC8 S100A10 SRP14 TINF2 VIM CALR COPE EIF3I GSTK1 GZMA GZMH HSP90AB1 IL2RG IL32 ISG20 LAT LDHB MARCKSL1 NAP1L1 NDUFA4 PSMD7 ABI3 ADRM1 AES
intervention,pbmc68k:GGAAGGTGACGCAT-8,GGAAGGTGACGCAT-8,8,CD8+ Cytotoxic T,1,cytotoxic_effector,1,CCL5;GNLY;NKG7;CTSW;FGFBP2;GZMB;GZMA;GZMH,8,CCL5,4.194,S100A4,3.414,5,0.78,0.15625,2,5.45583,CCL5 GNLY NKG7 BTG1 IFITM2 S100A4 CD3E CD3D CD52 FTL LTB S100A6 CTSW GZMM NPM1 DDX5 FGFBP2 GIMAP7 GZMB HNRNPA1 NOSIP CALM1 CLIC1 EIF4A1 JUNB PARK7 PLAC8 S100A10 SRP14 TINF2 VIM CALR COPE EIF3I GSTK1 GZMA GZMH HSP90AB1 IL2RG IL32 ISG20 LAT LDHB MARCKSL1 NAP1L1 NDUFA4 PSMD7 ABI3 ADRM1 AES,MASKED_GENE GNLY NKG7 BTG1 IFITM2 S100A4 CD3E CD3D CD52 FTL LTB S100A6 CTSW GZMM NPM1 DDX5 FGFBP2 GIMAP7 GZMB HNRNPA1 NOSIP CALM1 CLIC1 EIF4A1 JUNB PARK7 PLAC8 S100A10 SRP14 TINF2 VIM CALR COPE EIF3I GSTK1 GZMA GZMH HSP90AB1 IL2RG IL32 ISG20 LAT LDHB MARCKSL1 NAP1L1 NDUFA4 PSMD7 ABI3 ADRM1 AES,CCL5 GNLY NKG7 BTG1 IFITM2 MASKED_GENE CD3E CD3D CD52 FTL LTB S100A6 CTSW GZMM NPM1 DDX5 FGFBP2 GIMAP7 GZMB HNRNPA1 NOSIP CALM1 CLIC1 EIF4A1 JUNB PARK7 PLAC8 S100A10 SRP14 TINF2 VIM CALR COPE EIF3I GSTK1 GZMA GZMH HSP90AB1 IL2RG IL32 ISG20 LAT LDHB MARCKSL1 NAP1L1 NDUFA4 PSMD7 ABI3 ADRM1 AES
base,pbmc68k:GGGATGGATTCCAT-8,GGGATGGATTCCAT-8,8,CD8+ Cytotoxic T,1,none,0,,0,,,,,,,,,,CCL5 LTB NKG7 FTL GNLY JUNB PTPRCAP BTG1 CALM1 CD52 CLIC1 CST7 KLRG1 LDHB S100A4 S100A6 CD3E C19orf53 GPX4 HCST IL32 NPM1 PPDPF PSMB6 RWDD1 S100A10 SRGN VIM AES C10orf54 C6orf48 CD2 CD27 CD63 CD74 COPE CRIP1 CXCR4 GIMAP7 GZMH HLA-DPB1 HNRNPK ID2 IFITM2 ISCU LCK LY6E NDUFB11 OST4 PPA1,CCL5 LTB NKG7 FTL GNLY JUNB PTPRCAP BTG1 CALM1 CD52 CLIC1 CST7 KLRG1 LDHB S100A4 S100A6 CD3E C19orf53 GPX4 HCST IL32 NPM1 PPDPF PSMB6 RWDD1 S100A10 SRGN VIM AES C10orf54 C6orf48 CD2 CD27 CD63 CD74 COPE CRIP1 CXCR4 GIMAP7 GZMH HLA-DPB1 HNRNPK ID2 IFITM2 ISCU LCK LY6E NDUFB11 OST4 PPA1,CCL5 LTB NKG7 FTL GNLY JUNB PTPRCAP BTG1 CALM1 CD52 CLIC1 CST7 KLRG1 LDHB S100A4 S100A6 CD3E C19orf53 GPX4 HCST IL32 NPM1 PPDPF PSMB6 RWDD1 S100A10 SRGN VIM AES C10orf54 C6orf48 CD2 CD27 CD63 CD74 COPE CRIP1 CXCR4 GIMAP7 GZMH HLA-DPB1 HNRNPK ID2 IFITM2 ISCU LCK LY6E NDUFB11 OST4 PPA1
intervention,pbmc68k:GGGATGGATTCCAT-8,GGGATGGATTCCAT-8,8,CD8+ Cytotoxic T,1,T_TCR_CD8,1,CD3E,1,CD3E,2.919,HCST,2.709,3,0.21,0.0390625,0,1.81062,CCL5 LTB NKG7 FTL GNLY JUNB PTPRCAP BTG1 CALM1 CD52 CLIC1 CST7 KLRG1 LDHB S100A4 S100A6 CD3E C19orf53 GPX4 HCST IL32 NPM1 PPDPF PSMB6 RWDD1 S100A10 SRGN VIM AES C10orf54 C6orf48 CD2 CD27 CD63 CD74 COPE CRIP1 CXCR4 GIMAP7 GZMH HLA-DPB1 HNRNPK ID2 IFITM2 ISCU LCK LY6E NDUFB11 OST4 PPA1,CCL5 LTB NKG7 FTL GNLY JUNB PTPRCAP BTG1 CALM1 CD52 CLIC1 CST7 KLRG1 LDHB S100A4 S100A6 MASKED_GENE C19orf53 GPX4 HCST IL32 NPM1 PPDPF PSMB6 RWDD1 S100A10 SRGN VIM AES C10orf54 C6orf48 CD2 CD27 CD63 CD74 COPE CRIP1 CXCR4 GIMAP7 GZMH HLA-DPB1 HNRNPK ID2 IFITM2 ISCU LCK LY6E NDUFB11 OST4 PPA1,CCL5 LTB NKG7 FTL GNLY JUNB PTPRCAP BTG1 CALM1 CD52 CLIC1 CST7 KLRG1 LDHB S100A4 S100A6 CD3E C19orf53 GPX4 MASKED_GENE IL32 NPM1 PPDPF PSMB6 RWDD1 S100A10 SRGN VIM AES C10orf54 C6orf48 CD2 CD27 CD63 CD74 COPE CRIP1 CXCR4 GIMAP7 GZMH HLA-DPB1 HNRNPK ID2 IFITM2 ISCU LCK LY6E NDUFB11 OST4 PPA1
intervention,pbmc68k:GGGATGGATTCCAT-8,GGGATGGATTCCAT-8,8,CD8+ Cytotoxic T,1,cytotoxic_effector,1,CCL5;NKG7;GNLY;GZMH,4,CCL5,3.841,FTL,3.585,3,0.256,0.390625,1,5.75158,CCL5 LTB NKG7 FTL GNLY JUNB PTPRCAP BTG1 CALM1 CD52 CLIC1 CST7 KLRG1 LDHB S100A4 S100A6 CD3E C19orf53 GPX4 HCST IL32 NPM1 PPDPF PSMB6 RWDD1 S100A10 SRGN VIM AES C10orf54 C6orf48 CD2 CD27 CD63 CD74 COPE CRIP1 CXCR4 GIMAP7 GZMH HLA-DPB1 HNRNPK ID2 IFITM2 ISCU LCK LY6E NDUFB11 OST4 PPA1,MASKED_GENE LTB NKG7 FTL GNLY JUNB PTPRCAP BTG1 CALM1 CD52 CLIC1 CST7 KLRG1 LDHB S100A4 S100A6 CD3E C19orf53 GPX4 HCST IL32 NPM1 PPDPF PSMB6 RWDD1 S100A10 SRGN VIM AES C10orf54 C6orf48 CD2 CD27 CD63 CD74 COPE CRIP1 CXCR4 GIMAP7 GZMH HLA-DPB1 HNRNPK ID2 IFITM2 ISCU LCK LY6E NDUFB11 OST4 PPA1,CCL5 LTB NKG7 MASKED_GENE GNLY JUNB PTPRCAP BTG1 CALM1 CD52 CLIC1 CST7 KLRG1 LDHB S100A4 S100A6 CD3E C19orf53 GPX4 HCST IL32 NPM1 PPDPF PSMB6 RWDD1 S100A10 SRGN VIM AES C10orf54 C6orf48 CD2 CD27 CD63 CD74 COPE CRIP1 CXCR4 GIMAP7 GZMH HLA-DPB1 HNRNPK ID2 IFITM2 ISCU LCK LY6E NDUFB11 OST4 PPA1
base,pbmc68k:TAGCCCTGGAGGAC-8,TAGCCCTGGAGGAC-8,8,CD8+ Cytotoxic T,1,none,0,,0,,,,,,,,,,CCL5 NKG7 PTPRCAP FTL SRP14 GIMAP7 GZMA JUNB CD2 IL32 S100A4 BTG1 NAP1L1 CD74 DDX5 GZMH PARK7 ANXA1 CD37 CD52 CLIC1 DNAJB1 HLA-DPB1 HLA-DRB1 ISG20 ITGB2 LDHB LTB LY6E MATK NUCB2 PPDPF PRDX6 SNHG7 SOD1 ARPC5L ATP6V1G1 C19orf43 C6orf48 C9orf142 CCNI CD3E CD53 CD8A CTSW EIF4A1 ERP29 EVL GYPC GZMM,CCL5 NKG7 PTPRCAP FTL SRP14 GIMAP7 GZMA JUNB CD2 IL32 S100A4 BTG1 NAP1L1 CD74 DDX5 GZMH PARK7 ANXA1 CD37 CD52 CLIC1 DNAJB1 HLA-DPB1 HLA-DRB1 ISG20 ITGB2 LDHB LTB LY6E MATK NUCB2 PPDPF PRDX6 SNHG7 SOD1 ARPC5L ATP6V1G1 C19orf43 C6orf48 C9orf142 CCNI CD3E CD53 CD8A CTSW EIF4A1 ERP29 EVL GYPC GZMM,CCL5 NKG7 PTPRCAP FTL SRP14 GIMAP7 GZMA JUNB CD2 IL32 S100A4 BTG1 NAP1L1 CD74 DDX5 GZMH PARK7 ANXA1 CD37 CD52 CLIC1 DNAJB1 HLA-DPB1 HLA-DRB1 ISG20 ITGB2 LDHB LTB LY6E MATK NUCB2 PPDPF PRDX6 SNHG7 SOD1 ARPC5L ATP6V1G1 C19orf43 C6orf48 C9orf142 CCNI CD3E CD53 CD8A CTSW EIF4A1 ERP29 EVL GYPC GZMM
intervention,pbmc68k:TAGCCCTGGAGGAC-8,TAGCCCTGGAGGAC-8,8,CD8+ Cytotoxic T,1,T_TCR_CD8,1,CD3E;CD8A,2,CD3E,2.145,CD53,2.145,1,0,0.0703125,0,1.03646,CCL5 NKG7 PTPRCAP FTL SRP14 GIMAP7 GZMA JUNB CD2 IL32 S100A4 BTG1 NAP1L1 CD74 DDX5 GZMH PARK7 ANXA1 CD37 CD52 CLIC1 DNAJB1 HLA-DPB1 HLA-DRB1 ISG20 ITGB2 LDHB LTB LY6E MATK NUCB2 PPDPF PRDX6 SNHG7 SOD1 ARPC5L ATP6V1G1 C19orf43 C6orf48 C9orf142 CCNI CD3E CD53 CD8A CTSW EIF4A1 ERP29 EVL GYPC GZMM,CCL5 NKG7 PTPRCAP FTL SRP14 GIMAP7 GZMA JUNB CD2 IL32 S100A4 BTG1 NAP1L1 CD74 DDX5 GZMH PARK7 ANXA1 CD37 CD52 CLIC1 DNAJB1 HLA-DPB1 HLA-DRB1 ISG20 ITGB2 LDHB LTB LY6E MATK NUCB2 PPDPF PRDX6 SNHG7 SOD1 ARPC5L ATP6V1G1 C19orf43 C6orf48 C9orf142 CCNI MASKED_GENE CD53 CD8A CTSW EIF4A1 ERP29 EVL GYPC GZMM,CCL5 NKG7 PTPRCAP FTL SRP14 GIMAP7 GZMA JUNB CD2 IL32 S100A4 BTG1 NAP1L1 CD74 DDX5 GZMH PARK7 ANXA1 CD37 CD52 CLIC1 DNAJB1 HLA-DPB1 HLA-DRB1 ISG20 ITGB2 LDHB LTB LY6E MATK NUCB2 PPDPF PRDX6 SNHG7 SOD1 ARPC5L ATP6V1G1 C19orf43 C6orf48 C9orf142 CCNI CD3E MASKED_GENE CD8A CTSW EIF4A1 ERP29 EVL GYPC GZMM
intervention,pbmc68k:TAGCCCTGGAGGAC-8,TAGCCCTGGAGGAC-8,8,CD8+ Cytotoxic T,1,cytotoxic_effector,1,CCL5;NKG7;GZMA;GZMH;CTSW,5,CCL5,4.116,GIMAP7,3.31,5,0.806,0.0390625,2,4.33596,CCL5 NKG7 PTPRCAP FTL SRP14 GIMAP7 GZMA JUNB CD2 IL32 S100A4 BTG1 NAP1L1 CD74 DDX5 GZMH PARK7 ANXA1 CD37 CD52 CLIC1 DNAJB1 HLA-DPB1 HLA-DRB1 ISG20 ITGB2 LDHB LTB LY6E MATK NUCB2 PPDPF PRDX6 SNHG7 SOD1 ARPC5L ATP6V1G1 C19orf43 C6orf48 C9orf142 CCNI CD3E CD53 CD8A CTSW EIF4A1 ERP29 EVL GYPC GZMM,MASKED_GENE NKG7 PTPRCAP FTL SRP14 GIMAP7 GZMA JUNB CD2 IL32 S100A4 BTG1 NAP1L1 CD74 DDX5 GZMH PARK7 ANXA1 CD37 CD52 CLIC1 DNAJB1 HLA-DPB1 HLA-DRB1 ISG20 ITGB2 LDHB LTB LY6E MATK NUCB2 PPDPF PRDX6 SNHG7 SOD1 ARPC5L ATP6V1G1 C19orf43 C6orf48 C9orf142 CCNI CD3E CD53 CD8A CTSW EIF4A1 ERP29 EVL GYPC GZMM,CCL5 NKG7 PTPRCAP FTL SRP14 MASKED_GENE GZMA JUNB CD2 IL32 S100A4 BTG1 NAP1L1 CD74 DDX5 GZMH PARK7 ANXA1 CD37 CD52 CLIC1 DNAJB1 HLA-DPB1 HLA-DRB1 ISG20 ITGB2 LDHB LTB LY6E MATK NUCB2 PPDPF PRDX6 SNHG7 SOD1 ARPC5L ATP6V1G1 C19orf43 C6orf48 C9orf142 CCNI CD3E CD53 CD8A CTSW EIF4A1 ERP29 EVL GYPC GZMM
base,pbmc68k:TATAGCCTTTCAGG-8,TATAGCCTTTCAGG-8,8,CD8+/CD45RA+ Naive Cytotoxic,1,none,0,,0,,,,,,,,,,JUNB FTL CD3D S100A6 IL32 LTB CALM1 DDX5 EIF4A2 NKG7 NOSIP VIM CD3E GZMK NPM1 PTPRCAP S100A4 TOMM7 AES CCL5 CD27 CD7 HIST1H1E HNRNPA1 IL2RG ISG20 LAT LDHB PLP2 TMBIM4-1 C6orf48 CD52 COX7C EID1 EIF3D FOS GSTK1 HNRNPDL MIEN1 NDUFB11 PPIA TAGLN2 TXNIP U2AF1 ALOX5AP ANAPC16 ATPIF1 BST2 BTG1 C16orf13,JUNB FTL CD3D S100A6 IL32 LTB CALM1 DDX5 EIF4A2 NKG7 NOSIP VIM CD3E GZMK NPM1 PTPRCAP S100A4 TOMM7 AES CCL5 CD27 CD7 HIST1H1E HNRNPA1 IL2RG ISG20 LAT LDHB PLP2 TMBIM4-1 C6orf48 CD52 COX7C EID1 EIF3D FOS GSTK1 HNRNPDL MIEN1 NDUFB11 PPIA TAGLN2 TXNIP U2AF1 ALOX5AP ANAPC16 ATPIF1 BST2 BTG1 C16orf13,JUNB FTL CD3D S100A6 IL32 LTB CALM1 DDX5 EIF4A2 NKG7 NOSIP VIM CD3E GZMK NPM1 PTPRCAP S100A4 TOMM7 AES CCL5 CD27 CD7 HIST1H1E HNRNPA1 IL2RG ISG20 LAT LDHB PLP2 TMBIM4-1 C6orf48 CD52 COX7C EID1 EIF3D FOS GSTK1 HNRNPDL MIEN1 NDUFB11 PPIA TAGLN2 TXNIP U2AF1 ALOX5AP ANAPC16 ATPIF1 BST2 BTG1 C16orf13
intervention,pbmc68k:TATAGCCTTTCAGG-8,TATAGCCTTTCAGG-8,8,CD8+/CD45RA+ Naive Cytotoxic,1,T_TCR_CD8,1,CD3D;CD3E,2,CD3D,3.275,FTL,3.468,1,0.193,0.375,1,4.80267,JUNB FTL CD3D S100A6 IL32 LTB CALM1 DDX5 EIF4A2 NKG7 NOSIP VIM CD3E GZMK NPM1 PTPRCAP S100A4 TOMM7 AES CCL5 CD27 CD7 HIST1H1E HNRNPA1 IL2RG ISG20 LAT LDHB PLP2 TMBIM4-1 C6orf48 CD52 COX7C EID1 EIF3D FOS GSTK1 HNRNPDL MIEN1 NDUFB11 PPIA TAGLN2 TXNIP U2AF1 ALOX5AP ANAPC16 ATPIF1 BST2 BTG1 C16orf13,JUNB FTL MASKED_GENE S100A6 IL32 LTB CALM1 DDX5 EIF4A2 NKG7 NOSIP VIM CD3E GZMK NPM1 PTPRCAP S100A4 TOMM7 AES CCL5 CD27 CD7 HIST1H1E HNRNPA1 IL2RG ISG20 LAT LDHB PLP2 TMBIM4-1 C6orf48 CD52 COX7C EID1 EIF3D FOS GSTK1 HNRNPDL MIEN1 NDUFB11 PPIA TAGLN2 TXNIP U2AF1 ALOX5AP ANAPC16 ATPIF1 BST2 BTG1 C16orf13,JUNB MASKED_GENE CD3D S100A6 IL32 LTB CALM1 DDX5 EIF4A2 NKG7 NOSIP VIM CD3E GZMK NPM1 PTPRCAP S100A4 TOMM7 AES CCL5 CD27 CD7 HIST1H1E HNRNPA1 IL2RG ISG20 LAT LDHB PLP2 TMBIM4-1 C6orf48 CD52 COX7C EID1 EIF3D FOS GSTK1 HNRNPDL MIEN1 NDUFB11 PPIA TAGLN2 TXNIP U2AF1 ALOX5AP ANAPC16 ATPIF1 BST2 BTG1 C16orf13
intervention,pbmc68k:TATAGCCTTTCAGG-8,TATAGCCTTTCAGG-8,8,CD8+/CD45RA+ Naive Cytotoxic,1,cytotoxic_effector,1,NKG7;GZMK;CCL5,3,NKG7,2.888,NOSIP,2.888,1,0,0.25,1,3.16667,JUNB FTL CD3D S100A6 IL32 LTB CALM1 DDX5 EIF4A2 NKG7 NOSIP VIM CD3E GZMK NPM1 PTPRCAP S100A4 TOMM7 AES CCL5 CD27 CD7 HIST1H1E HNRNPA1 IL2RG ISG20 LAT LDHB PLP2 TMBIM4-1 C6orf48 CD52 COX7C EID1 EIF3D FOS GSTK1 HNRNPDL MIEN1 NDUFB11 PPIA TAGLN2 TXNIP U2AF1 ALOX5AP ANAPC16 ATPIF1 BST2 BTG1 C16orf13,JUNB FTL CD3D S100A6 IL32 LTB CALM1 DDX5 EIF4A2 MASKED_GENE NOSIP VIM CD3E GZMK NPM1 PTPRCAP S100A4 TOMM7 AES CCL5 CD27 CD7 HIST1H1E HNRNPA1 IL2RG ISG20 LAT LDHB PLP2 TMBIM4-1 C6orf48 CD52 COX7C EID1 EIF3D FOS GSTK1 HNRNPDL MIEN1 NDUFB11 PPIA TAGLN2 TXNIP U2AF1 ALOX5AP ANAPC16 ATPIF1 BST2 BTG1 C16orf13,JUNB FTL CD3D S100A6 IL32 LTB CALM1 DDX5 EIF4A2 NKG7 MASKED_GENE VIM CD3E GZMK NPM1 PTPRCAP S100A4 TOMM7 AES CCL5 CD27 CD7 HIST1H1E HNRNPA1 IL2RG ISG20 LAT LDHB PLP2 TMBIM4-1 C6orf48 CD52 COX7C EID1 EIF3D FOS GSTK1 HNRNPDL MIEN1 NDUFB11 PPIA TAGLN2 TXNIP U2AF1 ALOX5AP ANAPC16 ATPIF1 BST2 BTG1 C16orf13
