{
  "conf_name": 0.3502,
  "conf_anon": 0.3507,
  "aurc_self": 0.30953651050853453,
  "aurc_tag": 0.18179232580910223,
  "acc_self_50": 0.535,
  "acc_tag_50": 0.785
}