{
  "conf_name": 0.2468,
  "conf_anon": 0.0355,
  "aurc_self": 0.20180931173496744,
  "aurc_tag": 0.2339697954409293,
  "acc_self_50": 0.72,
  "acc_tag_50": 0.75
}