{
  "conf_name": 0.22454999999999997,
  "conf_anon": 0.071,
  "aurc_self": 0.22617536803562288,
  "aurc_tag": 0.2809716131159983,
  "acc_self_50": 0.745,
  "acc_tag_50": 0.745
}