{
  "conf_name": 0.1636,
  "conf_anon": 0.22219999999999998,
  "aurc_self": 0.3121722251736369,
  "aurc_tag": 0.20304860476331077,
  "acc_self_50": 0.56,
  "acc_tag_50": 0.815
}